交易 #,類型,日期和時間,訊號,價格 TWD,大小（數量）,大小（值）,淨損益 TWD,淨損益 %,有利波動 TWD,有利波動 %,不利波動 TWD,不利波動 %,累積損益 TWD,累積損益 %
1,空頭出場,2022-01-12 10:05,Trend Rev,18330,1,915800,-740,-0.08,1030,0.11,-720,-0.08,-740,-0.18
1,空頭進場,2022-01-12 09:45,S_Cmd,18316,1,915800,-740,-0.08,1030,0.11,-720,-0.08,-740,-0.18
2,多頭出場,2022-01-12 23:00,L_Exit_G,18444,1,919700,2460,0.27,2530,0.28,-20,0.00,1660,0.42
2,多頭進場,2022-01-12 21:35,L_Cmd,18394,1,919700,2460,0.27,2530,0.28,-20,0.00,1660,0.42
3,多頭出場,2022-01-12 23:30,L_BE,18420,1,921000,-40,0.00,1230,0.13,-720,-0.08,1620,0.41
3,多頭進場,2022-01-12 21:40,L_Add,18420,1,921000,-40,0.00,1230,0.13,-720,-0.08,1620,0.41
4,多頭出場,2022-01-12 23:40,L_G_Cut,18407,1,921150,-840,-0.09,1080,0.12,-920,-0.10,800,0.20
4,多頭進場,2022-01-12 21:45,L_Add,18423,1,921150,-840,-0.09,1080,0.12,-920,-0.10,800,0.20
5,多頭出場,2022-01-13 00:05,L_Exit_Add,18387,1,921500,-2190,-0.24,730,0.08,-2170,-0.24,-1370,-0.34
5,多頭進場,2022-01-12 22:35,L_G_進,18430,1,921500,-2190,-0.24,730,0.08,-2170,-0.24,-1370,-0.34
6,多頭出場,2022-01-13 00:05,L_Exit_Add,18384,1,921800,-2640,-0.29,430,0.05,-2620,-0.28,-3990,-1.00
6,多頭進場,2022-01-12 23:10,L_G_進,18436,1,921800,-2640,-0.29,430,0.05,-2620,-0.28,-3990,-1.00
7,多頭出場,2022-01-13 09:00,Trend Rev,18391,1,921050,-1540,-0.17,1430,0.16,-1570,-0.17,-5530,-1.38
7,多頭進場,2022-01-13 00:55,L_Cmd,18421,1,921050,-1540,-0.17,1430,0.16,-1570,-0.17,-5530,-1.38
8,多頭出場,2022-01-13 09:55,L_Exit,18403,1,923400,-3290,-0.36,830,0.09,-3270,-0.35,-8820,-2.20
8,多頭進場,2022-01-13 09:45,L_Cmd,18468,1,923400,-3290,-0.36,830,0.09,-3270,-0.35,-8820,-2.20
9,多頭出場,2022-01-13 22:30,L_Exit,18602,1,928450,1610,0.17,1680,0.18,-120,-0.01,-7250,-1.81
9,多頭進場,2022-01-13 21:15,L_Cmd,18569,1,928450,1610,0.17,1680,0.18,-120,-0.01,-7250,-1.81
10,多頭出場,2022-01-13 22:35,L_Exit_Add,18620,1,929200,1760,0.19,1830,0.20,-670,-0.07,-5470,-1.37
10,多頭進場,2022-01-13 21:50,L_Add,18584,1,929200,1760,0.19,1830,0.20,-670,-0.07,-5470,-1.37
11,多頭出場,2022-01-13 22:35,L_Exit_Add,18620,1,929500,1460,0.16,1530,0.16,-970,-0.10,-3990,-1.00
11,多頭進場,2022-01-13 22:10,L_Add,18590,1,929500,1460,0.16,1530,0.16,-970,-0.10,-3990,-1.00
12,多頭出場,2022-01-13 23:15,L_Exit,18607,1,932050,-1740,-0.19,430,0.05,-1720,-0.18,-5730,-1.43
12,多頭進場,2022-01-13 22:55,L_Cmd,18641,1,932050,-1740,-0.19,430,0.05,-1720,-0.18,-5730,-1.43
13,多頭出場,2022-01-14 01:20,L_Exit,18561,1,930200,-2190,-0.24,780,0.08,-2170,-0.23,-7920,-1.98
13,多頭進場,2022-01-14 00:35,L_Cmd,18604,1,930200,-2190,-0.24,780,0.08,-2170,-0.23,-7920,-1.98
14,多頭出場,2022-01-14 04:10,Trend Rev,18563,1,929800,-1690,-0.18,580,0.06,-1720,-0.18,-9610,-2.40
14,多頭進場,2022-01-14 03:05,L_Cmd,18596,1,929800,-1690,-0.18,580,0.06,-1720,-0.18,-9610,-2.40
15,空頭出場,2022-01-14 13:20,S_Exit,18364,1,913400,-4840,-0.53,2430,0.27,-4820,-0.53,-14450,-3.61
15,空頭進場,2022-01-14 09:45,S_Cmd,18268,1,913400,-4840,-0.53,2430,0.27,-4820,-0.53,-14450,-3.61
16,多頭出場,2022-01-15 01:50,Trend Rev,18378,1,920800,-1940,-0.21,1280,0.14,-2120,-0.23,-16390,-4.10
16,多頭進場,2022-01-14 23:00,L_Cmd,18416,1,920800,-1940,-0.21,1280,0.14,-2120,-0.23,-16390,-4.10
17,多頭出場,2022-01-15 03:30,Trend Rev,18386,1,920200,-940,-0.10,180,0.02,-920,-0.10,-17330,-4.33
17,多頭進場,2022-01-15 03:10,L_Cmd,18404,1,920200,-940,-0.10,180,0.02,-920,-0.10,-17330,-4.33
18,多頭出場,2022-01-18 01:30,Trend Rev,18512,1,926000,-440,-0.05,1580,0.17,-970,-0.10,-17770,-4.44
18,多頭進場,2022-01-17 13:25,L_Cmd,18520,1,926000,-440,-0.05,1580,0.17,-970,-0.10,-17770,-4.44
19,多頭出場,2022-01-18 08:55,L_Exit,18520,1,927300,-1340,-0.14,380,0.04,-1320,-0.14,-19110,-4.78
19,多頭進場,2022-01-18 08:50,L_Cmd,18546,1,927300,-1340,-0.14,380,0.04,-1320,-0.14,-19110,-4.78
20,多頭出場,2022-01-18 11:40,Trend Rev,18519,1,927050,-1140,-0.12,2080,0.22,-1520,-0.16,-20250,-5.06
20,多頭進場,2022-01-18 09:40,L_Cmd,18541,1,927050,-1140,-0.12,2080,0.22,-1520,-0.16,-20250,-5.06
21,空頭出場,2022-01-18 17:15,S_Exit,18280,1,917400,3360,0.37,3430,0.37,-20,0.00,-16890,-4.22
21,空頭進場,2022-01-18 13:45,S_Cmd,18348,1,917400,3360,0.37,3430,0.37,-20,0.00,-16890,-4.22
22,空頭出場,2022-01-18 23:10,S_Exit,18307,1,914300,-1090,-0.12,1080,0.12,-1070,-0.12,-17980,-4.49
22,空頭進場,2022-01-18 22:35,S_Cmd,18286,1,914300,-1090,-0.12,1080,0.12,-1070,-0.12,-17980,-4.49
23,空頭出場,2022-01-19 08:45,S_Exit,18194,1,911700,1960,0.21,2030,0.22,-820,-0.09,-16020,-4.00
23,空頭進場,2022-01-19 04:20,S_Cmd,18234,1,911700,1960,0.21,2030,0.22,-820,-0.09,-16020,-4.00
24,空頭出場,2022-01-19 11:45,S_Exit,18163,1,911150,2960,0.32,3030,0.33,-820,-0.09,-13060,-3.26
24,空頭進場,2022-01-19 11:10,S_Cmd,18223,1,911150,2960,0.32,3030,0.33,-820,-0.09,-13060,-3.26
25,空頭出場,2022-01-19 12:30,S_Exit,18221,1,908400,-2690,-0.30,130,0.01,-2670,-0.29,-15750,-3.94
25,空頭進場,2022-01-19 11:50,S_Cmd,18168,1,908400,-2690,-0.30,130,0.01,-2670,-0.29,-15750,-3.94
26,空頭出場,2022-01-19 17:15,S_Exit,18207,1,908050,-2340,-0.26,1230,0.14,-2320,-0.26,-18090,-4.52
26,空頭進場,2022-01-19 15:00,S_Cmd,18161,1,908050,-2340,-0.26,1230,0.14,-2320,-0.26,-18090,-4.52
27,空頭出場,2022-01-20 01:05,Trend Rev,18217,1,910600,-290,-0.03,1630,0.18,-570,-0.06,-18400,-4.60
27,空頭進場,2022-01-19 23:30,S_Cmd,18212,1,910600,-290,-0.03,1630,0.18,-570,-0.06,-18400,-4.60
28,空頭出場,2022-01-20 01:05,Trend Rev,18217,1,909350,-1540,-0.17,380,0.04,-1820,-0.20,-19920,-4.98
28,空頭進場,2022-01-20 00:15,S_Add,18187,1,909350,-1540,-0.17,380,0.04,-1820,-0.20,-19920,-4.98
29,空頭出場,2022-01-20 04:55,S_Exit,18155,1,909500,1710,0.19,1780,0.20,-1120,-0.12,-18230,-4.56
29,空頭進場,2022-01-20 03:10,S_Cmd,18190,1,909500,1710,0.19,1780,0.20,-1120,-0.12,-18230,-4.56
30,空頭出場,2022-01-20 09:15,S_Exit_Add,18086,1,908400,4060,0.45,4130,0.45,-2420,-0.27,-14150,-3.54
30,空頭進場,2022-01-20 04:55,S_Add,18168,1,908400,4060,0.45,4130,0.45,-2420,-0.27,-14150,-3.54
31,空頭出場,2022-01-20 09:30,S_Exit,18151,1,904400,-3190,-0.35,280,0.03,-3170,-0.35,-17340,-4.33
31,空頭進場,2022-01-20 09:20,S_Cmd,18088,1,904400,-3190,-0.35,280,0.03,-3170,-0.35,-17340,-4.33
32,空頭出場,2022-01-20 22:45,Trend Rev,18228,1,910950,-490,-0.05,130,0.01,-720,-0.08,-17830,-4.46
32,空頭進場,2022-01-20 22:40,S_Cmd,18219,1,910950,-490,-0.05,130,0.01,-720,-0.08,-17830,-4.46
33,空頭出場,2022-01-21 03:45,S_Exit,18204,1,912050,1810,0.20,1880,0.21,-170,-0.02,-16040,-4.01
33,空頭進場,2022-01-21 03:15,S_Cmd,18241,1,912050,1810,0.20,1880,0.21,-170,-0.02,-16040,-4.01
34,空頭出場,2022-01-21 04:05,S_Exit_Add,18180,1,910950,1910,0.21,1980,0.22,-170,-0.02,-14110,-3.53
34,空頭進場,2022-01-21 03:45,S_Add,18219,1,910950,1910,0.21,1980,0.22,-170,-0.02,-14110,-3.53
35,空頭出場,2022-01-21 04:20,S_Exit,18140,1,909200,2160,0.24,2230,0.25,-370,-0.04,-11950,-2.99
35,空頭進場,2022-01-21 04:10,S_Cmd,18184,1,909200,2160,0.24,2230,0.25,-370,-0.04,-11950,-2.99
36,空頭出場,2022-01-21 08:55,S_Exit_Add,18002,1,904750,4610,0.51,4680,0.52,-270,-0.03,-7400,-1.85
36,空頭進場,2022-01-21 04:50,S_Cmd,18095,1,904750,4610,0.51,4680,0.52,-270,-0.03,-7400,-1.85
37,空頭出場,2022-01-21 08:55,S_Exit_G,18002,1,903300,3160,0.35,3230,0.36,-620,-0.07,-4220,-1.05
37,空頭進場,2022-01-21 04:55,S_Add,18066,1,903300,3160,0.35,3230,0.36,-620,-0.07,-4220,-1.05
38,空頭出場,2022-01-21 09:00,S_Exit_Add,17959,1,902200,4210,0.47,4280,0.47,-70,-0.01,-10,0.00
38,空頭進場,2022-01-21 08:50,S_Add,18044,1,902200,4210,0.47,4280,0.47,-70,-0.01,-10,0.00
39,空頭出場,2022-01-21 09:15,S_Exit_G,17936,1,901150,4310,0.48,4380,0.49,-570,-0.06,4280,1.07
39,空頭進場,2022-01-21 08:55,S_G_進,18023,1,901150,4310,0.48,4380,0.49,-570,-0.06,4280,1.07
40,空頭出場,2022-01-21 09:40,S_Exit_Add,17909,1,900150,4660,0.52,4730,0.53,-1570,-0.17,8940,2.24
40,空頭進場,2022-01-21 09:00,S_Add,18003,1,900150,4660,0.52,4730,0.53,-1570,-0.17,8940,2.24
41,空頭出場,2022-01-21 09:40,S_Exit_G,17909,1,898200,2710,0.30,2780,0.31,-1470,-0.16,11670,2.92
41,空頭進場,2022-01-21 09:10,S_Add,17964,1,898200,2710,0.30,2780,0.31,-1470,-0.16,11670,2.92
42,空頭出場,2022-01-21 09:55,S_BE,17965,1,898250,-40,0.00,3480,0.39,-1170,-0.13,11630,2.91
42,空頭進場,2022-01-21 09:15,S_G_進,17965,1,898250,-40,0.00,3480,0.39,-1170,-0.13,11630,2.91
43,空頭出場,2022-01-21 11:40,S_Exit_Add,17877,1,896800,2910,0.32,3130,0.35,-3970,-0.44,14540,3.64
43,空頭進場,2022-01-21 09:20,S_G_進,17936,1,896800,2910,0.32,3130,0.35,-3970,-0.44,14540,3.64
44,空頭出場,2022-01-21 13:10,S_Exit_Add,17839,1,895400,3410,0.38,3480,0.39,-5370,-0.60,17930,4.48
44,空頭進場,2022-01-21 09:50,S_Add,17908,1,895400,3410,0.38,3480,0.39,-5370,-0.60,17930,4.48
45,空頭出場,2022-01-21 23:20,S_Exit_G,17809,1,893850,3360,0.38,3430,0.38,-3670,-0.41,21290,5.32
45,空頭進場,2022-01-21 11:40,S_Add,17877,1,893850,3360,0.38,3430,0.38,-3670,-0.41,21290,5.32
46,空頭出場,2022-01-22 03:30,S_Exit_Add,17803,1,893150,2960,0.33,3030,0.34,-4370,-0.49,24250,6.06
46,空頭進場,2022-01-21 12:50,S_Add,17863,1,893150,2960,0.33,3030,0.34,-4370,-0.49,24250,6.06
47,空頭出場,2022-01-22 03:30,S_Exit_G,17803,1,892600,2410,0.27,2480,0.28,-4920,-0.55,26680,6.67
47,空頭進場,2022-01-21 12:55,S_G_進,17852,1,892600,2410,0.27,2480,0.28,-4920,-0.55,26680,6.67
48,空頭出場,2022-01-22 03:50,S_Exit_Add,17788,1,891750,2310,0.26,2380,0.27,-4120,-0.46,29010,7.25
48,空頭進場,2022-01-21 23:20,S_G_進,17835,1,891750,2310,0.26,2380,0.27,-4120,-0.46,29010,7.25
49,空頭出場,2022-01-22 03:55,S_Exit_G,17766,1,890600,2260,0.25,2330,0.26,-720,-0.08,31290,7.82
49,空頭進場,2022-01-22 03:30,S_G_進,17812,1,890600,2260,0.25,2330,0.26,-720,-0.08,31290,7.82
50,空頭出場,2022-01-24 09:00,S_Exit_Add,17801,1,887900,-2190,-0.25,2880,0.32,-2170,-0.24,29080,7.27
50,空頭進場,2022-01-22 04:10,S_Cmd,17758,1,887900,-2190,-0.25,2880,0.32,-2170,-0.24,29080,7.27
51,空頭出場,2022-01-24 09:00,S_Exit,17808,1,885400,-5040,-0.57,380,0.04,-5020,-0.57,24060,6.02
51,空頭進場,2022-01-22 04:55,S_Add,17708,1,885400,-5040,-0.57,380,0.04,-5020,-0.57,24060,6.02
52,空頭出場,2022-01-24 22:50,S_Exit,17750,1,889850,2310,0.26,2380,0.27,-1120,-0.13,26350,6.59
52,空頭進場,2022-01-24 22:05,S_Cmd,17797,1,889850,2310,0.26,2380,0.27,-1120,-0.13,26350,6.59
53,空頭出場,2022-01-24 23:15,S_Exit_Add,17689,1,888250,3760,0.42,3830,0.43,-620,-0.07,30110,7.53
53,空頭進場,2022-01-24 22:50,S_Add,17765,1,888250,3760,0.42,3830,0.43,-620,-0.07,30110,7.53
54,空頭出場,2022-01-25 00:35,S_Exit_Add,17641,1,886200,4110,0.46,4180,0.47,-1770,-0.20,34200,8.55
54,空頭進場,2022-01-24 23:10,S_Add,17724,1,886200,4110,0.46,4180,0.47,-1770,-0.20,34200,8.55
55,空頭出場,2022-01-25 00:50,S_Exit_Add,17578,1,884500,5560,0.63,5630,0.64,-3470,-0.39,39740,9.93
55,空頭進場,2022-01-24 23:20,S_Add,17690,1,884500,5560,0.63,5630,0.64,-3470,-0.39,39740,9.93
56,空頭出場,2022-01-25 00:50,S_Exit_Add,17578,1,883800,4860,0.55,4930,0.56,-1170,-0.13,44620,11.16
56,空頭進場,2022-01-25 00:15,S_Add,17676,1,883800,4860,0.55,4930,0.56,-1170,-0.13,44620,11.16
57,空頭出場,2022-01-25 00:50,S_Exit_G,17578,1,882050,3110,0.35,3180,0.36,-120,-0.01,47750,11.94
57,空頭進場,2022-01-25 00:40,S_Add,17641,1,882050,3110,0.35,3180,0.36,-120,-0.01,47750,11.94
58,空頭出場,2022-01-25 01:10,S_Exit_Add,17551,1,881250,3660,0.42,3730,0.42,-220,-0.02,51430,12.86
58,空頭進場,2022-01-25 00:45,S_G_進,17625,1,881250,3660,0.42,3730,0.42,-220,-0.02,51430,12.86
59,空頭出場,2022-01-25 18:15,Trend Rev,17646,1,882200,-140,-0.02,5530,0.63,-4820,-0.55,51290,12.82
59,空頭進場,2022-01-25 09:40,S_Cmd,17644,1,882200,-140,-0.02,5530,0.63,-4820,-0.55,51290,12.82
60,空頭出場,2022-01-25 23:25,S_Exit,17579,1,876150,-2840,-0.32,730,0.08,-2820,-0.32,48450,12.11
60,空頭進場,2022-01-25 22:55,S_Cmd,17523,1,876150,-2840,-0.32,730,0.08,-2820,-0.32,48450,12.11
61,空頭出場,2022-02-07 08:45,S_Exit,17800,1,881300,-8740,-0.99,230,0.03,-8720,-0.99,39710,9.93
61,空頭進場,2022-01-26 04:55,S_Cmd,17626,1,881300,-8740,-0.99,230,0.03,-8720,-0.99,39710,9.93
62,多頭出場,2022-02-08 23:00,L_Exit,17963,1,899200,-1090,-0.12,330,0.04,-1070,-0.12,38620,9.65
62,多頭進場,2022-02-08 22:40,L_Cmd,17984,1,899200,-1090,-0.12,330,0.04,-1070,-0.12,38620,9.65
63,多頭出場,2022-02-09 08:45,L_Exit,18075,1,899900,3810,0.42,3880,0.43,-420,-0.05,42390,10.60
63,多頭進場,2022-02-08 23:50,L_Cmd,17998,1,899900,3810,0.42,3880,0.43,-420,-0.05,42390,10.60
64,多頭出場,2022-02-09 08:45,L_Exit_Add,18075,1,901000,2710,0.30,2780,0.31,-1520,-0.17,45120,11.28
64,多頭進場,2022-02-09 00:20,L_Add,18020,1,901000,2710,0.30,2780,0.31,-1520,-0.17,45120,11.28
65,多頭出場,2022-02-09 08:45,L_Exit_Add,18075,1,901600,2110,0.23,2180,0.24,-2120,-0.24,47250,11.81
65,多頭進場,2022-02-09 03:05,L_Add,18032,1,901600,2110,0.23,2180,0.24,-2120,-0.24,47250,11.81
66,多頭出場,2022-02-09 10:30,L_Exit,18051,1,904600,-2090,-0.23,630,0.07,-2070,-0.23,45160,11.29
66,多頭進場,2022-02-09 09:05,L_Cmd,18092,1,904600,-2090,-0.23,630,0.07,-2070,-0.23,45160,11.29
67,多頭出場,2022-02-09 16:20,L_Exit,18179,1,906250,2660,0.29,2730,0.30,-620,-0.07,47760,11.94
67,多頭進場,2022-02-09 12:25,L_Cmd,18125,1,906250,2660,0.29,2730,0.30,-620,-0.07,47760,11.94
68,多頭出場,2022-02-09 16:45,L_Exit_G,18193,1,907300,2310,0.25,2380,0.26,-20,0.00,50090,12.52
68,多頭進場,2022-02-09 13:05,L_Add,18146,1,907300,2310,0.25,2380,0.26,-20,0.00,50090,12.52
69,多頭出場,2022-02-09 16:50,L_Exit_Add,18196,1,908050,1710,0.19,1780,0.20,-720,-0.08,51820,12.96
69,多頭進場,2022-02-09 13:10,L_Add,18161,1,908050,1710,0.19,1780,0.20,-720,-0.08,51820,12.96
70,多頭出場,2022-02-09 17:00,L_Exit_Add,18209,1,908550,1860,0.20,1930,0.21,-770,-0.08,53700,13.43
70,多頭進場,2022-02-09 15:00,L_G_進,18171,1,908550,1860,0.20,1930,0.21,-770,-0.08,53700,13.43
71,多頭出場,2022-02-09 22:00,L_Exit,18213,1,911400,-790,-0.09,130,0.01,-770,-0.08,52910,13.23
71,多頭進場,2022-02-09 21:15,L_Cmd,18228,1,911400,-790,-0.09,130,0.01,-770,-0.08,52910,13.23
72,多頭出場,2022-02-10 00:55,L_Exit,18194,1,911300,-1640,-0.18,480,0.05,-1620,-0.18,51270,12.82
72,多頭進場,2022-02-10 00:00,L_Cmd,18226,1,911300,-1640,-0.18,480,0.05,-1620,-0.18,51270,12.82
73,多頭出場,2022-02-10 13:15,L_Exit,18286,1,910200,4060,0.45,4130,0.45,-420,-0.05,55270,13.82
73,多頭進場,2022-02-10 11:10,L_Cmd,18204,1,910200,4060,0.45,4130,0.45,-420,-0.05,55270,13.82
74,多頭出場,2022-02-10 13:15,L_Exit_G,18286,1,912150,2110,0.23,2180,0.24,-120,-0.01,57400,14.35
74,多頭進場,2022-02-10 12:25,L_Add,18243,1,912150,2110,0.23,2180,0.24,-120,-0.01,57400,14.35
75,多頭出場,2022-02-10 13:30,L_Exit_Add,18313,1,912950,2660,0.29,2730,0.30,-770,-0.08,60060,15.02
75,多頭進場,2022-02-10 12:40,L_Add,18259,1,912950,2660,0.29,2730,0.30,-770,-0.08,60060,15.02
76,多頭出場,2022-02-10 13:30,L_Exit_Add,18313,1,913550,2060,0.23,2130,0.23,-220,-0.02,62140,15.53
76,多頭進場,2022-02-10 13:05,L_G_進,18271,1,913550,2060,0.23,2130,0.23,-220,-0.02,62140,15.53
77,多頭出場,2022-02-10 15:00,L_Exit_Add,18376,1,915650,3110,0.34,3180,0.35,-170,-0.02,65270,16.32
77,多頭進場,2022-02-10 13:30,L_Add,18313,1,915650,3110,0.34,3180,0.35,-170,-0.02,65270,16.32
78,多頭出場,2022-02-10 21:30,L_Exit,18372,1,919350,-790,-0.09,230,0.03,-770,-0.08,64480,16.12
78,多頭進場,2022-02-10 21:05,L_Cmd,18387,1,919350,-790,-0.09,230,0.03,-770,-0.08,64480,16.12
79,多頭出場,2022-02-11 00:35,Trend Rev,18324,1,917250,-1090,-0.12,1980,0.22,-1070,-0.12,63370,15.84
79,多頭進場,2022-02-10 23:20,L_Cmd,18345,1,917250,-1090,-0.12,1980,0.22,-1070,-0.12,63370,15.84
80,多頭出場,2022-02-11 00:35,Trend Rev,18324,1,919100,-2940,-0.32,130,0.01,-2920,-0.32,60450,15.11
80,多頭進場,2022-02-10 23:40,L_Add,18382,1,919100,-2940,-0.32,130,0.01,-2920,-0.32,60450,15.11
81,多頭出場,2022-02-11 22:55,L_Exit,18334,1,918500,-1840,-0.20,180,0.02,-1820,-0.20,58610,14.65
81,多頭進場,2022-02-11 22:50,L_Cmd,18370,1,918500,-1840,-0.20,180,0.02,-1820,-0.20,58610,14.65
82,空頭出場,2022-02-14 09:40,S_Exit,17955,1,902700,4910,0.54,4980,0.55,-70,-0.01,63500,15.88
82,空頭進場,2022-02-14 09:05,S_Cmd,18054,1,902700,4910,0.54,4980,0.55,-70,-0.01,63500,15.88
83,空頭出場,2022-02-14 16:55,S_Exit_Add,17882,1,899150,5010,0.56,5080,0.56,-2520,-0.28,68530,17.13
83,空頭進場,2022-02-14 09:40,S_Add,17983,1,899150,5010,0.56,5080,0.56,-2520,-0.28,68530,17.13
84,空頭出場,2022-02-14 22:50,Trend Rev,17989,1,898300,-1190,-0.13,530,0.06,-1570,-0.17,67340,16.84
84,空頭進場,2022-02-14 22:35,S_Cmd,17966,1,898300,-1190,-0.13,530,0.06,-1570,-0.17,67340,16.84
85,空頭出場,2022-02-15 16:10,Trend Rev,17995,1,897800,-1990,-0.22,2130,0.24,-2020,-0.22,65350,16.34
85,空頭進場,2022-02-15 13:05,S_Cmd,17956,1,897800,-1990,-0.22,2130,0.24,-2020,-0.22,65350,16.34
86,多頭出場,2022-02-16 01:45,L_Exit,18084,1,905700,-1540,-0.17,630,0.07,-1520,-0.17,63810,15.95
86,多頭進場,2022-02-16 00:35,L_Cmd,18114,1,905700,-1540,-0.17,630,0.07,-1520,-0.17,63810,15.95
87,多頭出場,2022-02-16 12:30,L_Exit,18139,1,909400,-2490,-0.27,1330,0.15,-2470,-0.27,61320,15.33
87,多頭進場,2022-02-16 10:10,L_Cmd,18188,1,909400,-2490,-0.27,1330,0.15,-2470,-0.27,61320,15.33
88,多頭出場,2022-02-16 15:00,L_Exit,18265,1,909400,3810,0.42,3880,0.43,-120,-0.01,65110,16.28
88,多頭進場,2022-02-16 13:25,L_Cmd,18188,1,909400,3810,0.42,3880,0.43,-120,-0.01,65110,16.28
89,多頭出場,2022-02-16 16:20,L_Exit_Add,18285,1,911650,2560,0.28,2630,0.29,-370,-0.04,67690,16.92
89,多頭進場,2022-02-16 15:00,L_Add,18233,1,911650,2560,0.28,2630,0.29,-370,-0.04,67690,16.92
90,多頭出場,2022-02-17 04:00,L_Exit,18299,1,911750,3160,0.35,3230,0.35,-720,-0.08,70830,17.71
90,多頭進場,2022-02-17 03:05,L_Cmd,18235,1,911750,3160,0.35,3230,0.35,-720,-0.08,70830,17.71
91,多頭出場,2022-02-17 11:55,L_G_Cut,18291,1,913300,1210,0.13,3180,0.35,-1470,-0.16,72000,18.00
91,多頭進場,2022-02-17 03:25,L_Add,18266,1,913300,1210,0.13,3180,0.35,-1470,-0.16,72000,18.00
92,多頭出場,2022-02-17 12:00,Trend Rev,18239,1,914500,-2590,-0.28,1980,0.22,-2870,-0.31,69430,17.36
92,多頭進場,2022-02-17 09:30,L_Add,18290,1,914500,-2590,-0.28,1980,0.22,-2870,-0.31,69430,17.36
93,多頭出場,2022-02-17 12:00,Trend Rev,18239,1,916050,-4140,-0.45,430,0.05,-4420,-0.48,65310,16.33
93,多頭進場,2022-02-17 10:05,L_Add,18321,1,916050,-4140,-0.45,430,0.05,-4420,-0.48,65310,16.33
94,多頭出場,2022-02-17 12:00,Trend Rev,18239,1,915900,-3990,-0.44,580,0.06,-4270,-0.47,61340,15.34
94,多頭進場,2022-02-17 11:15,L_G_進,18318,1,915900,-3990,-0.44,580,0.06,-4270,-0.47,61340,15.34
95,空頭出場,2022-02-18 04:15,S_Exit,18074,1,905550,1810,0.20,1880,0.21,-320,-0.04,63130,15.78
95,空頭進場,2022-02-18 04:05,S_Cmd,18111,1,905550,1810,0.20,1880,0.21,-320,-0.04,63130,15.78
96,空頭出場,2022-02-18 09:30,S_Exit_Add,18140,1,903800,-3240,-0.36,1830,0.20,-3220,-0.36,59910,14.98
96,空頭進場,2022-02-18 04:15,S_Add,18076,1,903800,-3240,-0.36,1830,0.20,-3220,-0.36,59910,14.98
97,多頭出場,2022-02-18 10:35,Trend Rev,18175,1,909950,-1240,-0.14,380,0.04,-1470,-0.16,58670,14.67
97,多頭進場,2022-02-18 09:55,L_Cmd,18199,1,909950,-1240,-0.14,380,0.04,-1470,-0.16,58670,14.67
98,多頭出場,2022-02-18 15:35,Trend Rev,18195,1,911400,-1690,-0.19,1280,0.14,-2020,-0.22,56980,14.25
98,多頭進場,2022-02-18 11:30,L_Cmd,18228,1,911400,-1690,-0.19,1280,0.14,-2020,-0.22,56980,14.25
99,空頭出場,2022-02-19 03:00,S_Exit,18149,1,905100,-2390,-0.26,230,0.03,-2370,-0.26,54590,13.65
99,空頭進場,2022-02-19 00:05,S_Cmd,18102,1,905100,-2390,-0.26,230,0.03,-2370,-0.26,54590,13.65
100,空頭出場,2022-02-21 08:55,S_Exit,18071,1,899550,-4040,-0.45,630,0.07,-4020,-0.45,50550,12.64
100,空頭進場,2022-02-21 08:50,S_Cmd,17991,1,899550,-4040,-0.45,630,0.07,-4020,-0.45,50550,12.64
101,空頭出場,2022-02-22 02:30,S_Exit,18054,1,905050,2310,0.26,2380,0.26,-870,-0.10,52860,13.22
101,空頭進場,2022-02-22 00:30,S_Cmd,18101,1,905050,2310,0.26,2380,0.26,-870,-0.10,52860,13.22
102,空頭出場,2022-02-22 04:00,S_Exit,18022,1,899600,-1540,-0.17,80,0.01,-1520,-0.17,51320,12.83
102,空頭進場,2022-02-22 03:35,S_Cmd,17992,1,899600,-1540,-0.17,80,0.01,-1520,-0.17,51320,12.83
103,空頭出場,2022-02-22 10:30,S_Exit,17846,1,896300,3960,0.44,4030,0.45,-2520,-0.28,55260,13.82
103,空頭進場,2022-02-22 09:15,S_Cmd,17926,1,896300,3960,0.44,4030,0.45,-2520,-0.28,55260,13.82
104,空頭出場,2022-02-22 11:05,S_Exit_Add,17774,1,893150,4410,0.49,4480,0.50,-470,-0.05,59670,14.92
104,空頭進場,2022-02-22 10:30,S_Add,17863,1,893150,4410,0.49,4480,0.50,-470,-0.05,59670,14.92
105,空頭出場,2022-02-22 13:25,S_Exit_Add,17919,1,889450,-6540,-0.74,780,0.09,-6520,-0.73,53150,13.29
105,空頭進場,2022-02-22 11:05,S_Add,17789,1,889450,-6540,-0.74,780,0.09,-6520,-0.73,53150,13.29
106,空頭出場,2022-02-23 03:25,S_Exit,17884,1,891800,-2440,-0.27,1480,0.17,-2420,-0.27,50710,12.68
106,空頭進場,2022-02-23 03:05,S_Cmd,17836,1,891800,-2440,-0.27,1480,0.17,-2420,-0.27,50710,12.68
107,空頭出場,2022-02-24 01:15,S_Exit,18029,1,899500,-1990,-0.22,1230,0.14,-1970,-0.22,48720,12.18
107,空頭進場,2022-02-23 23:30,S_Cmd,17990,1,899500,-1990,-0.22,1230,0.14,-1970,-0.22,48720,12.18
108,空頭出場,2022-02-24 08:45,S_Exit,17800,1,894800,4760,0.53,4830,0.54,-670,-0.07,53480,13.37
108,空頭進場,2022-02-24 03:30,S_Cmd,17896,1,894800,4760,0.53,4830,0.54,-670,-0.07,53480,13.37
109,空頭出場,2022-02-24 09:00,S_Exit,17757,1,891600,3710,0.42,3780,0.42,-120,-0.01,57190,14.30
109,空頭進場,2022-02-24 08:50,S_Cmd,17832,1,891600,3710,0.42,3780,0.42,-120,-0.01,57190,14.30
110,空頭出場,2022-02-24 09:50,S_Exit,17831,1,888350,-3240,-0.36,2580,0.29,-3220,-0.36,53950,13.49
110,空頭進場,2022-02-24 09:05,S_Cmd,17767,1,888350,-3240,-0.36,2580,0.29,-3220,-0.36,53950,13.49
111,空頭出場,2022-02-24 12:15,S_Exit,17605,1,885250,4960,0.56,5030,0.57,-1070,-0.12,58890,14.72
111,空頭進場,2022-02-24 11:10,S_Cmd,17705,1,885250,4960,0.56,5030,0.57,-1070,-0.12,58890,14.72
112,空頭出場,2022-02-24 13:05,S_Exit_Add,17539,1,881850,4860,0.55,4930,0.56,-2320,-0.26,63750,15.94
112,空頭進場,2022-02-24 11:35,S_Add,17637,1,881850,4860,0.55,4930,0.56,-2320,-0.26,63750,15.94
113,空頭出場,2022-02-24 15:15,S_Exit_Add,17445,1,877600,5310,0.61,5380,0.61,-5170,-0.59,69080,17.27
113,空頭進場,2022-02-24 12:40,S_Add,17552,1,877600,5310,0.61,5380,0.61,-5170,-0.59,69080,17.27
114,多頭出場,2022-03-01 17:05,L_Exit,17872,1,896500,-2940,-0.33,1880,0.21,-2920,-0.33,66140,16.54
114,多頭進場,2022-03-01 11:35,L_Cmd,17930,1,896500,-2940,-0.33,1880,0.21,-2920,-0.33,66140,16.54
115,多頭出場,2022-03-02 00:30,L_Exit_Add,17840,1,893950,-1990,-0.22,1930,0.22,-1970,-0.22,64130,16.03
115,多頭進場,2022-03-01 21:35,L_Cmd,17879,1,893950,-1990,-0.22,1930,0.22,-1970,-0.22,64130,16.03
116,多頭出場,2022-03-02 00:30,L_Exit,17837,1,895500,-3690,-0.41,130,0.01,-3670,-0.41,60460,15.12
116,多頭進場,2022-03-01 22:40,L_Add,17910,1,895500,-3690,-0.41,130,0.01,-3670,-0.41,60460,15.12
117,空頭出場,2022-03-02 02:20,S_Exit,17723,1,889250,3060,0.34,3130,0.35,-1570,-0.18,63520,15.88
117,空頭進場,2022-03-02 01:00,S_Cmd,17785,1,889250,3060,0.34,3130,0.35,-1570,-0.18,63520,15.88
118,空頭出場,2022-03-02 03:40,S_Exit,17744,1,884500,-2740,-0.31,730,0.08,-2720,-0.31,60780,15.20
118,空頭進場,2022-03-02 03:15,S_Cmd,17690,1,884500,-2740,-0.31,730,0.08,-2720,-0.31,60780,15.20
119,多頭出場,2022-03-02 15:00,L_Exit,17794,1,894300,-4640,-0.52,380,0.04,-4620,-0.52,56140,14.04
119,多頭進場,2022-03-02 13:05,L_Cmd,17886,1,894300,-4640,-0.52,380,0.04,-4620,-0.52,56140,14.04
120,多頭出場,2022-03-03 22:35,L_Exit,17894,1,896250,-1590,-0.18,880,0.10,-1570,-0.18,54550,13.64
120,多頭進場,2022-03-03 22:00,L_Cmd,17925,1,896250,-1590,-0.18,880,0.10,-1570,-0.18,54550,13.64
121,空頭出場,2022-03-04 00:40,S_Exit,17838,1,889750,-2190,-0.25,880,0.10,-2170,-0.24,52360,13.09
121,空頭進場,2022-03-04 00:00,S_Cmd,17795,1,889750,-2190,-0.25,880,0.10,-2170,-0.24,52360,13.09
122,空頭出場,2022-03-04 08:45,S_Exit,17634,1,888750,7010,0.79,7080,0.80,-1020,-0.11,59370,14.84
122,空頭進場,2022-03-04 04:05,S_Cmd,17775,1,888750,7010,0.79,7080,0.80,-1020,-0.11,59370,14.84
123,空頭出場,2022-03-04 09:20,S_Exit,17715,1,881000,-4790,-0.54,480,0.05,-4770,-0.54,54580,13.65
123,空頭進場,2022-03-04 08:50,S_Cmd,17620,1,881000,-4790,-0.54,480,0.05,-4770,-0.54,54580,13.65
124,空頭出場,2022-03-04 17:20,S_Exit,17627,1,885800,4410,0.50,4480,0.51,-1570,-0.18,58990,14.75
124,空頭進場,2022-03-04 11:35,S_Cmd,17716,1,885800,4410,0.50,4480,0.51,-1570,-0.18,58990,14.75
125,空頭出場,2022-03-05 01:10,S_Exit,17612,1,878000,-2640,-0.30,580,0.07,-2620,-0.30,56350,14.09
125,空頭進場,2022-03-05 00:05,S_Cmd,17560,1,878000,-2640,-0.30,580,0.07,-2620,-0.30,56350,14.09
126,空頭出場,2022-03-07 08:45,S_Exit,17371,1,876650,8060,0.92,8130,0.93,-2370,-0.27,64410,16.10
126,空頭進場,2022-03-05 03:45,S_Cmd,17533,1,876650,8060,0.92,8130,0.93,-2370,-0.27,64410,16.10
127,空頭出場,2022-03-07 09:05,S_Exit,17249,1,868600,6110,0.70,6180,0.71,-670,-0.08,70520,17.63
127,空頭進場,2022-03-07 08:50,S_Cmd,17372,1,868600,6110,0.70,6180,0.71,-670,-0.08,70520,17.63
128,空頭出場,2022-03-07 15:00,S_Exit,17012,1,858650,8010,0.93,8080,0.94,-770,-0.09,78510,19.63
128,空頭進場,2022-03-07 09:40,S_Cmd,17173,1,858650,8010,0.93,8080,0.94,-770,-0.09,78510,19.63
129,空頭出場,2022-03-07 20:20,Trend Rev,17139,1,853600,-3390,-0.40,6080,0.71,-5820,-0.68,75140,18.79
129,空頭進場,2022-03-07 10:15,S_Add,17072,1,853600,-3390,-0.40,6080,0.71,-5820,-0.68,75140,18.79
130,空頭出場,2022-03-07 23:25,S_Exit,17013,1,855100,4410,0.52,4530,0.53,-1570,-0.18,79530,19.88
130,空頭進場,2022-03-07 22:50,S_Cmd,17102,1,855100,4410,0.52,4530,0.53,-1570,-0.18,79530,19.88
131,空頭出場,2022-03-08 00:35,S_Exit_Add,16972,1,852700,4060,0.48,4130,0.48,-420,-0.05,83570,20.89
131,空頭進場,2022-03-07 23:15,S_Add,17054,1,852700,4060,0.48,4130,0.48,-420,-0.05,83570,20.89
132,空頭出場,2022-03-08 01:05,S_Exit_Add,16923,1,850650,4460,0.52,4530,0.53,-1970,-0.23,88050,22.01
132,空頭進場,2022-03-07 23:25,S_Add,17013,1,850650,4460,0.52,4530,0.53,-1970,-0.23,88050,22.01
133,空頭出場,2022-03-08 01:20,S_Exit_Add,16907,1,849400,4010,0.47,4080,0.48,-3220,-0.38,92080,23.02
133,空頭進場,2022-03-07 23:55,S_Add,16988,1,849400,4010,0.47,4080,0.48,-3220,-0.38,92080,23.02
134,空頭出場,2022-03-08 03:50,S_Exit,16772,1,842450,3810,0.45,3880,0.46,-220,-0.03,95890,23.97
134,空頭進場,2022-03-08 03:25,S_Cmd,16849,1,842450,3810,0.45,3880,0.46,-220,-0.03,95890,23.97
135,空頭出場,2022-03-08 08:45,S_Exit_Add,16851,1,838750,-3840,-0.46,3480,0.41,-3820,-0.46,92030,23.01
135,空頭進場,2022-03-08 03:55,S_Cmd,16775,1,838750,-3840,-0.46,3480,0.41,-3820,-0.46,92030,23.01
136,空頭出場,2022-03-08 08:45,S_Exit,16851,1,836150,-6440,-0.77,880,0.11,-6420,-0.77,85610,21.40
136,空頭進場,2022-03-08 04:20,S_Add,16723,1,836150,-6440,-0.77,880,0.11,-6420,-0.77,85610,21.40
137,空頭出場,2022-03-08 12:10,S_Exit,16745,1,843400,6110,0.72,6180,0.73,-220,-0.03,91700,22.93
137,空頭進場,2022-03-08 10:50,S_Cmd,16868,1,843400,6110,0.72,6180,0.73,-220,-0.03,91700,22.93
138,空頭出場,2022-03-08 15:15,S_Exit_Add,16639,1,838750,6760,0.81,6830,0.81,-2120,-0.25,98480,24.62
138,空頭進場,2022-03-08 11:45,S_Add,16775,1,838750,6760,0.81,6830,0.81,-2120,-0.25,98480,24.62
139,空頭出場,2022-03-09 00:05,Trend Rev,16791,1,836050,-3540,-0.42,1280,0.15,-3720,-0.44,94940,23.74
139,空頭進場,2022-03-08 23:05,S_Cmd,16721,1,836050,-3540,-0.42,1280,0.15,-3720,-0.44,94940,23.74
140,多頭出場,2022-03-10 16:25,L_Exit,17355,1,871900,-4190,-0.48,2930,0.34,-4170,-0.48,90750,22.69
140,多頭進場,2022-03-10 10:05,L_Cmd,17438,1,871900,-4190,-0.48,2930,0.34,-4170,-0.48,90750,22.69
141,多頭出場,2022-03-10 23:35,Trend Rev,17312,1,867800,-2240,-0.26,980,0.11,-2470,-0.28,88510,22.13
141,多頭進場,2022-03-10 23:00,L_Cmd,17356,1,867800,-2240,-0.26,980,0.11,-2470,-0.28,88510,22.13
142,空頭出場,2022-03-11 03:05,Trend Rev,17324,1,863500,-2740,-0.32,2430,0.28,-2870,-0.33,85770,21.44
142,空頭進場,2022-03-11 00:05,S_Cmd,17270,1,863500,-2740,-0.32,2430,0.28,-2870,-0.33,85770,21.44
143,空頭出場,2022-03-11 15:00,S_Exit,17293,1,861350,-3340,-0.39,2880,0.33,-3320,-0.39,82430,20.61
143,空頭進場,2022-03-11 10:50,S_Cmd,17227,1,861350,-3340,-0.39,2880,0.33,-3320,-0.39,82430,20.61
144,空頭出場,2022-03-12 03:50,S_Exit,17148,1,861400,3960,0.46,4030,0.47,-1420,-0.16,86390,21.60
144,空頭進場,2022-03-12 00:15,S_Cmd,17228,1,861400,3960,0.46,4030,0.47,-1420,-0.16,86390,21.60
145,空頭出場,2022-03-14 08:45,S_Exit,17278,1,858250,-5690,-0.66,2680,0.31,-5670,-0.66,80680,20.17
145,空頭進場,2022-03-12 03:55,S_Cmd,17165,1,858250,-5690,-0.66,2680,0.31,-5670,-0.66,80680,20.17
146,空頭出場,2022-03-14 08:45,S_Exit_Add,17278,1,856100,-7840,-0.92,530,0.06,-7820,-0.91,72860,18.22
146,空頭進場,2022-03-12 04:35,S_Add,17122,1,856100,-7840,-0.92,530,0.06,-7820,-0.91,72860,18.22
147,空頭出場,2022-03-14 13:10,Trend Rev,17257,1,861000,-1890,-0.22,3480,0.40,-1920,-0.22,70970,17.74
147,空頭進場,2022-03-14 10:35,S_Cmd,17220,1,861000,-1890,-0.22,3480,0.40,-1920,-0.22,70970,17.74
148,空頭出場,2022-03-15 00:45,S_Exit,17129,1,860250,3760,0.44,3830,0.45,-470,-0.05,74710,18.68
148,空頭進場,2022-03-14 23:50,S_Cmd,17205,1,860250,3760,0.44,3830,0.45,-470,-0.05,74710,18.68
149,空頭出場,2022-03-15 01:05,S_Exit_Add,17093,1,858050,3360,0.39,3430,0.40,-1270,-0.15,78070,19.52
149,空頭進場,2022-03-15 00:05,S_Add,17161,1,858050,3360,0.39,3430,0.40,-1270,-0.15,78070,19.52
150,空頭出場,2022-03-15 08:45,S_Exit_Add,17180,1,855900,-3140,-0.37,2530,0.30,-3120,-0.36,74930,18.73
150,空頭進場,2022-03-15 00:55,S_Add,17118,1,855900,-3140,-0.37,2530,0.30,-3120,-0.36,74930,18.73
151,空頭出場,2022-03-15 09:05,S_Exit_Add,17028,1,854100,2660,0.31,2730,0.32,-5620,-0.66,77610,19.40
151,空頭進場,2022-03-15 03:35,S_Add,17082,1,854100,2660,0.31,2730,0.32,-5620,-0.66,77610,19.40
152,空頭出場,2022-03-15 09:30,S_Exit,16925,1,851400,5110,0.60,5180,0.61,-670,-0.08,82700,20.67
152,空頭進場,2022-03-15 09:10,S_Cmd,17028,1,851400,5110,0.60,5180,0.61,-670,-0.08,82700,20.67
153,空頭出場,2022-03-15 13:10,S_Exit_Add,16862,1,848500,5360,0.63,5430,0.64,-770,-0.09,88020,22.01
153,空頭進場,2022-03-15 09:30,S_Add,16970,1,848500,5360,0.63,5430,0.64,-770,-0.09,88020,22.01
154,空頭出場,2022-03-15 15:00,S_Exit_Add,16735,1,845950,9160,1.08,9230,1.09,-3320,-0.39,97200,24.30
154,空頭進場,2022-03-15 09:45,S_Add,16919,1,845950,9160,1.08,9230,1.09,-3320,-0.39,97200,24.30
155,空頭出場,2022-03-15 15:00,S_Exit_Add,16735,1,844400,7610,0.90,7680,0.91,-4870,-0.58,104830,26.21
155,空頭進場,2022-03-15 09:55,S_Add,16888,1,844400,7610,0.90,7680,0.91,-4870,-0.58,104830,26.21
156,空頭出場,2022-03-15 15:00,S_Exit_G,16735,1,843700,6910,0.82,6980,0.83,-3070,-0.36,111760,27.94
156,空頭進場,2022-03-15 11:50,S_G_進,16874,1,843700,6910,0.82,6980,0.83,-3070,-0.36,111760,27.94
157,空頭出場,2022-03-16 10:00,Trend Rev,16913,1,844750,-940,-0.11,2980,0.35,-1220,-0.14,110800,27.70
157,空頭進場,2022-03-16 09:30,S_Cmd,16895,1,844750,-940,-0.11,2980,0.35,-1220,-0.14,110800,27.70
158,空頭出場,2022-03-16 10:00,Trend Rev,16913,1,842450,-3240,-0.38,680,0.08,-3520,-0.42,107580,26.90
158,空頭進場,2022-03-16 09:40,S_Add,16849,1,842450,-3240,-0.38,680,0.08,-3520,-0.42,107580,26.90
159,空頭出場,2022-03-16 13:10,Trend Rev,16876,1,841350,-2490,-0.30,3430,0.41,-2470,-0.29,105070,26.27
159,空頭進場,2022-03-16 11:00,S_Cmd,16827,1,841350,-2490,-0.30,3430,0.41,-2470,-0.29,105070,26.27
160,空頭出場,2022-03-16 13:10,Trend Rev,16876,1,838550,-5290,-0.63,630,0.08,-5270,-0.63,99800,24.95
160,空頭進場,2022-03-16 11:10,S_Add,16771,1,838550,-5290,-0.63,630,0.08,-5270,-0.63,99800,24.95
161,多頭出場,2022-03-17 02:05,L_Exit,17127,1,859200,-2890,-0.34,1280,0.15,-2870,-0.33,96910,24.23
161,多頭進場,2022-03-16 22:20,L_Cmd,17184,1,859200,-2890,-0.34,1280,0.15,-2870,-0.33,96910,24.23
162,多頭出場,2022-03-17 12:35,L_Exit,17417,1,862400,8410,0.98,8480,0.98,-370,-0.04,105260,26.32
162,多頭進場,2022-03-17 03:50,L_Cmd,17248,1,862400,8410,0.98,8480,0.98,-370,-0.04,105260,26.32
163,多頭出場,2022-03-17 12:35,L_Exit_Add,17417,1,865900,4910,0.57,4980,0.58,-2870,-0.33,110190,27.55
163,多頭進場,2022-03-17 08:50,L_Add,17318,1,865900,4910,0.57,4980,0.58,-2870,-0.33,110190,27.55
164,多頭出場,2022-03-17 12:35,L_Exit_G,17417,1,867900,2910,0.34,2980,0.34,-4870,-0.56,113120,28.28
164,多頭進場,2022-03-17 09:00,L_Add,17358,1,867900,2910,0.34,2980,0.34,-4870,-0.56,113120,28.28
165,多頭出場,2022-03-17 13:10,L_Exit_Add,17457,1,868800,4010,0.46,4080,0.47,-2020,-0.23,117150,29.29
165,多頭進場,2022-03-17 10:40,L_G_進,17376,1,868800,4010,0.46,4080,0.47,-2020,-0.23,117150,29.29
166,多頭出場,2022-03-17 15:40,L_Exit,17400,1,872850,-2890,-0.33,580,0.07,-2870,-0.33,114260,28.57
166,多頭進場,2022-03-17 13:15,L_Cmd,17457,1,872850,-2890,-0.33,580,0.07,-2870,-0.33,114260,28.57
167,多頭出場,2022-03-17 22:40,L_Exit,17352,1,870300,-2740,-0.31,430,0.05,-2720,-0.31,111520,27.88
167,多頭進場,2022-03-17 22:00,L_Cmd,17406,1,870300,-2740,-0.31,430,0.05,-2720,-0.31,111520,27.88
168,多頭出場,2022-03-18 08:45,L_Exit,17432,1,874550,-2990,-0.34,230,0.03,-2970,-0.34,108530,27.13
168,多頭進場,2022-03-18 04:00,L_Cmd,17491,1,874550,-2990,-0.34,230,0.03,-2970,-0.34,108530,27.13
169,多頭出場,2022-03-18 15:05,Trend Rev,17366,1,870550,-2290,-0.26,580,0.07,-2970,-0.34,106240,26.56
169,多頭進場,2022-03-18 13:40,L_Cmd,17411,1,870550,-2290,-0.26,580,0.07,-2970,-0.34,106240,26.56
170,多頭出場,2022-03-19 00:30,L_Exit,17447,1,868950,3360,0.39,3430,0.39,-870,-0.10,109560,27.39
170,多頭進場,2022-03-18 21:50,L_Cmd,17379,1,868950,3360,0.39,3430,0.39,-870,-0.10,109560,27.39
171,多頭出場,2022-03-19 02:50,L_Exit_Add,17477,1,871150,2660,0.31,2730,0.31,-2470,-0.28,112220,28.06
171,多頭進場,2022-03-18 22:15,L_Add,17423,1,871150,2660,0.31,2730,0.31,-2470,-0.28,112220,28.06
172,多頭出場,2022-03-19 03:05,L_Exit_Add,17480,1,871800,2160,0.25,2280,0.26,-320,-0.04,114380,28.60
172,多頭進場,2022-03-19 00:25,L_Add,17436,1,871800,2160,0.25,2280,0.26,-320,-0.04,114380,28.60
173,多頭出場,2022-03-19 03:25,L_Exit_Add,17498,1,872850,2010,0.23,2080,0.24,-920,-0.11,116410,29.10
173,多頭進場,2022-03-19 00:45,L_Add,17457,1,872850,2010,0.23,2080,0.24,-920,-0.11,116410,29.10
174,多頭出場,2022-03-21 09:00,L_Exit_Add,17552,1,874050,3510,0.40,3580,0.41,-2320,-0.27,119940,29.99
174,多頭進場,2022-03-19 03:05,L_Add,17481,1,874050,3510,0.40,3580,0.41,-2320,-0.27,119940,29.99
175,多頭出場,2022-03-22 00:30,L_Exit,17485,1,876500,-2290,-0.26,580,0.07,-2270,-0.26,117650,29.41
175,多頭進場,2022-03-21 23:35,L_Cmd,17530,1,876500,-2290,-0.26,580,0.07,-2270,-0.26,117650,29.41
176,多頭出場,2022-03-22 08:55,L_Exit,17494,1,877100,-2440,-0.28,280,0.03,-2420,-0.28,115210,28.80
176,多頭進場,2022-03-22 04:00,L_Cmd,17542,1,877100,-2440,-0.28,280,0.03,-2420,-0.28,115210,28.80
177,多頭出場,2022-03-22 22:45,L_Exit,17642,1,880150,1910,0.22,1980,0.22,-770,-0.09,117060,29.27
177,多頭進場,2022-03-22 21:05,L_Cmd,17603,1,880150,1910,0.22,1980,0.22,-770,-0.09,117060,29.27
178,多頭出場,2022-03-23 00:05,L_G_Cut,17614,1,880950,-290,-0.03,1180,0.13,-470,-0.05,116790,29.20
178,多頭進場,2022-03-22 22:05,L_Add,17619,1,880950,-290,-0.03,1180,0.13,-470,-0.05,116790,29.20
179,多頭出場,2022-03-23 08:50,L_Exit_Add,17652,1,881450,1110,0.13,1180,0.13,-1420,-0.16,117900,29.48
179,多頭進場,2022-03-22 22:30,L_Add,17629,1,881450,1110,0.13,1180,0.13,-1420,-0.16,117900,29.48
180,多頭出場,2022-03-23 08:50,L_Exit_Add,17663,1,881800,1310,0.15,1380,0.16,-1770,-0.20,119230,29.81
180,多頭進場,2022-03-22 22:35,L_G_進,17636,1,881800,1310,0.15,1380,0.16,-1770,-0.20,119230,29.81
181,多頭出場,2022-03-23 10:05,L_Exit_G,17707,1,882650,2660,0.30,2730,0.31,-270,-0.03,121850,30.46
181,多頭進場,2022-03-23 08:50,L_Add,17653,1,882650,2660,0.30,2730,0.31,-270,-0.03,121850,30.46
182,多頭出場,2022-03-23 10:05,L_Exit_Add,17715,1,883900,1810,0.20,1880,0.21,-1320,-0.15,123680,30.92
182,多頭進場,2022-03-23 09:05,L_Add,17678,1,883900,1810,0.20,1880,0.21,-1320,-0.15,123680,30.92
183,多頭出場,2022-03-23 10:35,L_Exit_G,17719,1,884100,1810,0.20,1880,0.21,-370,-0.04,125470,31.37
183,多頭進場,2022-03-23 09:35,L_Add,17682,1,884100,1810,0.20,1880,0.21,-370,-0.04,125470,31.37
184,多頭出場,2022-03-23 10:45,L_Exit_Add,17734,1,884450,2210,0.25,2280,0.26,-270,-0.03,127680,31.92
184,多頭進場,2022-03-23 09:45,L_G_進,17689,1,884450,2210,0.25,2280,0.26,-270,-0.03,127680,31.92
185,多頭出場,2022-03-23 10:45,L_Exit_Add,17734,1,885150,1510,0.17,1580,0.18,-520,-0.06,129210,32.30
185,多頭進場,2022-03-23 10:10,L_Add,17703,1,885150,1510,0.17,1580,0.18,-520,-0.06,129210,32.30
186,多頭出場,2022-03-23 10:45,L_Exit_G,17734,1,885400,1260,0.14,1330,0.15,-770,-0.09,130490,32.62
186,多頭進場,2022-03-23 10:20,L_G_進,17708,1,885400,1260,0.14,1330,0.15,-770,-0.09,130490,32.62
187,多頭出場,2022-03-23 12:15,L_Exit_Add,17634,1,885950,-4290,-0.48,780,0.09,-4270,-0.48,126220,31.56
187,多頭進場,2022-03-23 10:40,L_G_進,17719,1,885950,-4290,-0.48,780,0.09,-4270,-0.48,126220,31.56
188,多頭出場,2022-03-23 16:25,Trend Rev,17659,1,885050,-2140,-0.24,330,0.04,-2320,-0.26,124080,31.02
188,多頭進場,2022-03-23 13:25,L_Cmd,17701,1,885050,-2140,-0.24,330,0.04,-2320,-0.26,124080,31.02
189,多頭出場,2022-03-24 00:10,Trend Rev,17643,1,882900,-790,-0.09,930,0.11,-920,-0.10,123290,30.82
189,多頭進場,2022-03-23 23:25,L_Cmd,17658,1,882900,-790,-0.09,930,0.11,-920,-0.10,123290,30.82
190,多頭出場,2022-03-24 10:05,Trend Rev,17597,1,881000,-1190,-0.14,380,0.04,-1320,-0.15,122100,30.53
190,多頭進場,2022-03-24 09:45,L_Cmd,17620,1,881000,-1190,-0.14,380,0.04,-1320,-0.15,122100,30.53
191,多頭出場,2022-03-24 18:05,Trend Rev,17637,1,881700,110,0.01,2630,0.30,-270,-0.03,122190,30.55
191,多頭進場,2022-03-24 11:10,L_Cmd,17634,1,881700,110,0.01,2630,0.30,-270,-0.03,122190,30.55
192,多頭出場,2022-03-24 18:05,Trend Rev,17637,1,883850,-2040,-0.23,480,0.05,-2270,-0.26,120170,30.04
192,多頭進場,2022-03-24 12:00,L_Add,17677,1,883850,-2040,-0.23,480,0.05,-2270,-0.26,120170,30.04
193,多頭出場,2022-03-24 22:00,Trend Rev,17644,1,882900,-740,-0.08,230,0.03,-920,-0.10,119430,29.86
193,多頭進場,2022-03-24 21:45,L_Cmd,17658,1,882900,-740,-0.08,230,0.03,-920,-0.10,119430,29.86
194,多頭出場,2022-03-24 22:20,Trend Rev,17644,1,883100,-940,-0.11,530,0.06,-1320,-0.15,118490,29.62
194,多頭進場,2022-03-24 22:05,L_Cmd,17662,1,883100,-940,-0.11,530,0.06,-1320,-0.15,118490,29.62
195,多頭出場,2022-03-24 23:45,L_Exit,17727,1,882750,3560,0.40,3630,0.41,-370,-0.04,121990,30.50
195,多頭進場,2022-03-24 22:45,L_Cmd,17655,1,882750,3560,0.40,3630,0.41,-370,-0.04,121990,30.50
196,多頭出場,2022-03-25 03:20,L_Exit_Add,17742,1,884250,2810,0.32,2880,0.33,-20,0.00,124820,31.21
196,多頭進場,2022-03-24 23:25,L_Add,17685,1,884250,2810,0.32,2880,0.33,-20,0.00,124820,31.21
197,多頭出場,2022-03-25 03:20,L_Exit_G,17742,1,885000,2060,0.23,2130,0.24,-620,-0.07,126900,31.73
197,多頭進場,2022-03-24 23:30,L_Add,17700,1,885000,2060,0.23,2130,0.24,-620,-0.07,126900,31.73
198,多頭出場,2022-03-25 03:55,L_Exit_Add,17747,1,885850,1460,0.16,1630,0.18,-1470,-0.17,128360,32.09
198,多頭進場,2022-03-24 23:45,L_G_進,17717,1,885850,1460,0.16,1630,0.18,-1470,-0.17,128360,32.09
199,多頭出場,2022-03-25 08:45,L_Exit_Add,17708,1,887400,-2040,-0.23,630,0.07,-2020,-0.23,126340,31.59
199,多頭進場,2022-03-25 03:55,L_Add,17748,1,887400,-2040,-0.23,630,0.07,-2020,-0.23,126340,31.59
200,多頭出場,2022-03-28 08:45,Trend Rev,17519,1,881400,-5490,-0.62,530,0.06,-5470,-0.62,120850,30.21
200,多頭進場,2022-03-26 04:00,L_Cmd,17628,1,881400,-5490,-0.62,530,0.06,-5470,-0.62,120850,30.21
201,空頭出場,2022-03-29 00:00,S_Exit,17434,1,873900,2160,0.25,2230,0.26,-20,0.00,122990,30.75
201,空頭進場,2022-03-28 23:35,S_Cmd,17478,1,873900,2160,0.25,2230,0.26,-20,0.00,122990,30.75
202,空頭出場,2022-03-29 02:10,Trend Rev,17502,1,872300,-2840,-0.33,630,0.07,-2920,-0.33,120170,30.04
202,空頭進場,2022-03-28 23:50,S_Add,17446,1,872300,-2840,-0.33,630,0.07,-2920,-0.33,120170,30.04
203,多頭出場,2022-03-29 08:55,L_Exit,17522,1,877800,-1740,-0.20,1280,0.15,-1720,-0.20,118430,29.61
203,多頭進場,2022-03-29 03:15,L_Cmd,17556,1,877800,-1740,-0.20,1280,0.15,-1720,-0.20,118430,29.61
204,多頭出場,2022-03-29 10:35,Trend Rev,17523,1,878000,-1890,-0.22,430,0.05,-1920,-0.22,116540,29.14
204,多頭進場,2022-03-29 09:55,L_Cmd,17560,1,878000,-1890,-0.22,430,0.05,-1920,-0.22,116540,29.14
205,空頭出場,2022-03-29 13:25,S_Exit,17539,1,875000,-1990,-0.23,780,0.09,-1970,-0.23,114550,28.64
205,空頭進場,2022-03-29 11:50,S_Cmd,17500,1,875000,-1990,-0.23,780,0.09,-1970,-0.23,114550,28.64
206,多頭出場,2022-03-29 22:10,L_Exit,17666,1,884650,-1390,-0.16,1030,0.12,-1370,-0.15,113140,28.29
206,多頭進場,2022-03-29 21:15,L_Cmd,17693,1,884650,-1390,-0.16,1030,0.12,-1370,-0.15,113140,28.29
207,多頭出場,2022-03-29 22:10,L_Exit_Add,17664,1,885650,-2490,-0.28,0,0.00,-2470,-0.28,110670,27.67
207,多頭進場,2022-03-29 21:35,L_Add,17713,1,885650,-2490,-0.28,0,0.00,-2470,-0.28,110670,27.67
208,多頭出場,2022-03-30 00:30,L_Exit,17633,1,883700,-2090,-0.24,230,0.03,-2070,-0.23,108580,27.15
208,多頭進場,2022-03-29 23:00,L_Cmd,17674,1,883700,-2090,-0.24,230,0.03,-2070,-0.23,108580,27.15
209,多頭出場,2022-03-30 08:45,L_Exit,17671,1,885300,-1790,-0.20,230,0.03,-1770,-0.20,106790,26.70
209,多頭進場,2022-03-30 03:30,L_Cmd,17706,1,885300,-1790,-0.20,230,0.03,-1770,-0.20,106790,26.70
210,多頭出場,2022-03-30 10:35,L_Exit,17691,1,886900,-2390,-0.27,330,0.04,-2370,-0.27,104400,26.10
210,多頭進場,2022-03-30 09:30,L_Cmd,17738,1,886900,-2390,-0.27,330,0.04,-2370,-0.27,104400,26.10
211,多頭出場,2022-03-30 16:05,Trend Rev,17692,1,886200,-1640,-0.19,1530,0.17,-1970,-0.22,102760,25.69
211,多頭進場,2022-03-30 12:15,L_Cmd,17724,1,886200,-1640,-0.19,1530,0.17,-1970,-0.22,102760,25.69
212,多頭出場,2022-03-30 23:10,Trend Rev,17694,1,885300,-640,-0.07,1380,0.16,-670,-0.08,102100,25.53
212,多頭進場,2022-03-30 21:45,L_Cmd,17706,1,885300,-640,-0.07,1380,0.16,-670,-0.08,102100,25.53
213,多頭出場,2022-03-30 23:10,Trend Rev,17694,1,886150,-1490,-0.17,530,0.06,-1520,-0.17,100630,25.16
213,多頭進場,2022-03-30 22:05,L_Add,17723,1,886150,-1490,-0.17,530,0.06,-1520,-0.17,100630,25.16
214,多頭出場,2022-03-31 01:40,Trend Rev,17701,1,886150,-1140,-0.13,480,0.05,-1120,-0.13,99490,24.87
214,多頭進場,2022-03-30 23:35,L_Cmd,17723,1,886150,-1140,-0.13,480,0.05,-1120,-0.13,99490,24.87
215,多頭出場,2022-03-31 09:20,L_Exit,17700,1,887450,-2490,-0.28,1230,0.14,-2470,-0.28,97000,24.25
215,多頭進場,2022-03-31 08:50,L_Cmd,17749,1,887450,-2490,-0.28,1230,0.14,-2470,-0.28,97000,24.25
216,空頭出場,2022-03-31 22:45,S_Exit,17572,1,876900,-1740,-0.20,380,0.04,-1720,-0.20,95260,23.82
216,空頭進場,2022-03-31 22:05,S_Cmd,17538,1,876900,-1740,-0.20,380,0.04,-1720,-0.20,95260,23.82
217,空頭出場,2022-04-01 03:55,S_Exit,17476,1,876100,2260,0.26,2330,0.27,-420,-0.05,97500,24.38
217,空頭進場,2022-04-01 03:30,S_Cmd,17522,1,876100,2260,0.26,2330,0.27,-420,-0.05,97500,24.38
218,空頭出場,2022-04-01 08:45,S_Exit_Add,17436,1,874450,2610,0.30,2680,0.31,-520,-0.06,100130,25.03
218,空頭進場,2022-04-01 03:55,S_Add,17489,1,874450,2610,0.30,2680,0.31,-520,-0.06,100130,25.03
219,空頭出場,2022-04-01 09:00,S_Exit,17415,1,873150,2360,0.27,2430,0.28,-770,-0.09,102490,25.62
219,空頭進場,2022-04-01 08:50,S_Cmd,17463,1,873150,2360,0.27,2430,0.28,-770,-0.09,102490,25.62
220,空頭出場,2022-04-02 00:30,S_Exit,17465,1,875350,2060,0.24,2130,0.24,-370,-0.04,104530,26.13
220,空頭進場,2022-04-01 23:40,S_Cmd,17507,1,875350,2060,0.24,2130,0.24,-370,-0.04,104530,26.13
221,空頭出場,2022-04-02 04:00,Trend Rev,17527,1,874050,-2340,-0.27,1130,0.13,-2620,-0.30,102210,25.55
221,空頭進場,2022-04-02 00:05,S_Add,17481,1,874050,-2340,-0.27,1130,0.13,-2620,-0.30,102210,25.55
222,空頭出場,2022-04-06 09:00,S_Exit,17346,1,870650,3310,0.38,3380,0.39,-20,0.00,105520,26.38
222,空頭進場,2022-04-06 08:50,S_Cmd,17413,1,870650,3310,0.38,3380,0.39,-20,0.00,105520,26.38
223,空頭出場,2022-04-06 23:50,S_Exit,17397,1,868350,-1540,-0.18,230,0.03,-1520,-0.18,103980,26.00
223,空頭進場,2022-04-06 22:05,S_Cmd,17367,1,868350,-1540,-0.18,230,0.03,-1520,-0.18,103980,26.00
224,空頭出場,2022-04-07 09:05,S_Exit,17360,1,865350,-2690,-0.31,180,0.02,-2670,-0.31,101290,25.32
224,空頭進場,2022-04-07 08:50,S_Cmd,17307,1,865350,-2690,-0.31,180,0.02,-2670,-0.31,101290,25.32
225,空頭出場,2022-04-07 13:05,S_Exit,17172,1,862000,3360,0.39,3430,0.40,-1620,-0.19,104630,26.16
225,空頭進場,2022-04-07 11:30,S_Cmd,17240,1,862000,3360,0.39,3430,0.40,-1620,-0.19,104630,26.16
226,空頭出場,2022-04-07 13:30,S_Exit_Add,17124,1,859300,3060,0.36,3130,0.36,-420,-0.05,107690,26.92
226,空頭進場,2022-04-07 12:55,S_Add,17186,1,859300,3060,0.36,3130,0.36,-420,-0.05,107690,26.92
227,空頭出場,2022-04-07 17:55,S_Exit_Add,17226,1,856900,-4440,-0.52,730,0.09,-4420,-0.52,103270,25.82
227,空頭進場,2022-04-07 13:30,S_Add,17138,1,856900,-4440,-0.52,730,0.09,-4420,-0.52,103270,25.82
228,空頭出場,2022-04-08 01:00,S_Exit,17195,1,857750,-2040,-0.24,1030,0.12,-2020,-0.24,101230,25.31
228,空頭進場,2022-04-07 22:45,S_Cmd,17155,1,857750,-2040,-0.24,1030,0.12,-2020,-0.24,101230,25.31
229,空頭出場,2022-04-08 04:10,Trend Rev,17213,1,860350,-340,-0.04,180,0.02,-520,-0.06,100890,25.22
229,空頭進場,2022-04-08 04:00,S_Cmd,17207,1,860350,-340,-0.04,180,0.02,-520,-0.06,100890,25.22
230,空頭出場,2022-04-08 09:05,S_Exit,17220,1,859400,-1640,-0.19,280,0.03,-1820,-0.21,99250,24.81
230,空頭進場,2022-04-08 09:00,S_Cmd,17188,1,859400,-1640,-0.19,280,0.03,-1820,-0.21,99250,24.81
231,空頭出場,2022-04-08 09:45,Trend Rev,17215,1,858700,-2090,-0.24,180,0.02,-2070,-0.24,97160,24.29
231,空頭進場,2022-04-08 09:20,S_Cmd,17174,1,858700,-2090,-0.24,180,0.02,-2070,-0.24,97160,24.29
232,空頭出場,2022-04-11 09:45,S_Exit,17113,1,860100,4410,0.51,4480,0.52,-170,-0.02,101550,25.39
232,空頭進場,2022-04-11 09:35,S_Cmd,17202,1,860100,4410,0.51,4480,0.52,-170,-0.02,101550,25.39
233,空頭出場,2022-04-11 10:10,S_Exit_Add,17056,1,857150,4310,0.50,4380,0.51,-620,-0.07,105860,26.47
233,空頭進場,2022-04-11 09:45,S_Add,17143,1,857150,4310,0.50,4380,0.51,-620,-0.07,105860,26.47
234,空頭出場,2022-04-11 10:15,S_Exit_Add,17015,1,854850,4060,0.47,4130,0.48,-770,-0.09,109940,27.49
234,空頭進場,2022-04-11 09:55,S_Add,17097,1,854850,4060,0.47,4130,0.48,-770,-0.09,109940,27.49
235,空頭出場,2022-04-11 11:20,S_Exit,17046,1,848900,-3440,-0.41,80,0.01,-3420,-0.40,106500,26.63
235,空頭進場,2022-04-11 11:00,S_Cmd,16978,1,848900,-3440,-0.41,80,0.01,-3420,-0.40,106500,26.63
236,空頭出場,2022-04-11 15:00,S_Exit,17053,1,849650,-3040,-0.36,530,0.06,-3020,-0.36,103460,25.87
236,空頭進場,2022-04-11 13:30,S_Cmd,16993,1,849650,-3040,-0.36,530,0.06,-3020,-0.36,103460,25.87
237,空頭出場,2022-04-12 02:45,S_Exit,17030,1,849350,-2190,-0.26,1180,0.14,-2170,-0.26,101270,25.32
237,空頭進場,2022-04-11 23:15,S_Cmd,16987,1,849350,-2190,-0.26,1180,0.14,-2170,-0.26,101270,25.32
238,空頭出場,2022-04-12 09:00,S_Exit,16907,1,848800,3410,0.40,3480,0.41,-220,-0.03,104660,26.17
238,空頭進場,2022-04-12 03:35,S_Cmd,16976,1,848800,3410,0.40,3480,0.41,-220,-0.03,104660,26.17
239,空頭出場,2022-04-12 09:00,S_Exit_Add,16907,1,847350,1960,0.23,2030,0.24,-1520,-0.18,106640,26.66
239,空頭進場,2022-04-12 04:45,S_Add,16947,1,847350,1960,0.23,2030,0.24,-1520,-0.18,106640,26.66
240,空頭出場,2022-04-12 09:10,S_Exit,16994,1,846500,-3240,-0.38,480,0.06,-3270,-0.39,103400,25.85
240,空頭進場,2022-04-12 09:05,S_Cmd,16930,1,846500,-3240,-0.38,480,0.06,-3270,-0.39,103400,25.85
241,空頭出場,2022-04-12 13:00,S_Exit,16930,1,849850,3310,0.39,3380,0.40,-320,-0.04,106690,26.67
241,空頭進場,2022-04-12 11:35,S_Cmd,16997,1,849850,3310,0.39,3380,0.40,-320,-0.04,106690,26.67
242,空頭出場,2022-04-12 13:10,S_Exit_Add,17029,1,847050,-4440,-0.52,580,0.07,-4420,-0.52,102270,25.57
242,空頭進場,2022-04-12 13:00,S_Add,16941,1,847050,-4440,-0.52,580,0.07,-4420,-0.52,102270,25.57
243,空頭出場,2022-04-13 04:55,S_Exit,17038,1,849800,-2140,-0.25,430,0.05,-2120,-0.25,100130,25.03
243,空頭進場,2022-04-13 03:10,S_Cmd,16996,1,849800,-2140,-0.25,430,0.05,-2120,-0.25,100130,25.03
244,多頭出場,2022-04-13 17:35,L_Exit,17266,1,865600,-2340,-0.27,380,0.04,-2320,-0.27,97790,24.45
244,多頭進場,2022-04-13 13:05,L_Cmd,17312,1,865600,-2340,-0.27,380,0.04,-2320,-0.27,97790,24.45
245,多頭出場,2022-04-14 03:45,L_Exit,17346,1,864350,2910,0.34,2980,0.34,-170,-0.02,100640,25.16
245,多頭進場,2022-04-13 21:40,L_Cmd,17287,1,864350,2910,0.34,2980,0.34,-170,-0.02,100640,25.16
246,多頭出場,2022-04-14 04:05,L_G_Cut,17318,1,865800,60,0.01,1530,0.18,-1420,-0.16,100720,25.18
246,多頭進場,2022-04-13 21:50,L_Add,17316,1,865800,60,0.01,1530,0.18,-1420,-0.16,100720,25.18
247,多頭出場,2022-04-14 09:10,Trend Rev,17291,1,866750,-2240,-0.26,880,0.10,-2370,-0.27,98500,24.63
247,多頭進場,2022-04-13 23:25,L_Add,17335,1,866750,-2240,-0.26,880,0.10,-2370,-0.27,98500,24.63
248,多頭出場,2022-04-14 09:10,Trend Rev,17291,1,867050,-2540,-0.29,580,0.07,-2570,-0.30,95980,24.00
248,多頭進場,2022-04-14 03:35,L_G_進,17341,1,867050,-2540,-0.29,580,0.07,-2570,-0.30,95980,24.00
249,多頭出場,2022-04-14 18:35,Trend Rev,17300,1,864900,60,0.01,1630,0.19,-320,-0.04,96040,24.01
249,多頭進場,2022-04-14 13:40,L_Cmd,17298,1,864900,60,0.01,1630,0.19,-320,-0.04,96040,24.01
250,空頭出場,2022-04-15 03:10,S_Exit,17125,1,858900,2610,0.30,2680,0.31,-1120,-0.13,98630,24.66
250,空頭進場,2022-04-14 22:40,S_Cmd,17178,1,858900,2610,0.30,2680,0.31,-1120,-0.13,98630,24.66
251,空頭出場,2022-04-15 04:00,S_Exit_Add,17103,1,856900,1710,0.20,1780,0.21,-370,-0.04,100360,25.09
251,空頭進場,2022-04-15 03:05,S_Add,17138,1,856900,1710,0.20,1780,0.21,-370,-0.04,100360,25.09
252,空頭出場,2022-04-15 09:05,S_Exit,17024,1,853850,2610,0.31,2680,0.31,-1220,-0.14,102970,25.74
252,空頭進場,2022-04-15 08:50,S_Cmd,17077,1,853850,2610,0.31,2680,0.31,-1220,-0.14,102970,25.74
253,空頭出場,2022-04-16 04:50,Trend Rev,16995,1,850100,310,0.04,3230,0.38,-1120,-0.13,103280,25.82
253,空頭進場,2022-04-15 10:15,S_Cmd,17002,1,850100,310,0.04,3230,0.38,-1120,-0.13,103280,25.82
254,空頭出場,2022-04-18 08:55,S_Exit,16890,1,842350,-2190,-0.26,230,0.03,-2470,-0.29,101090,25.27
254,空頭進場,2022-04-18 08:50,S_Cmd,16847,1,842350,-2190,-0.26,230,0.03,-2470,-0.29,101090,25.27
255,空頭出場,2022-04-18 12:00,S_Exit,16908,1,841500,-3940,-0.47,780,0.09,-3920,-0.47,97150,24.29
255,空頭進場,2022-04-18 10:35,S_Cmd,16830,1,841500,-3940,-0.47,780,0.09,-3920,-0.47,97150,24.29
256,空頭出場,2022-04-19 03:50,S_Exit,16940,1,849250,2210,0.26,2280,0.27,-120,-0.01,99340,24.83
256,空頭進場,2022-04-19 03:35,S_Cmd,16985,1,849250,2210,0.26,2280,0.27,-120,-0.01,99340,24.83
257,空頭出場,2022-04-19 04:05,Trend Rev,17010,1,847550,-2990,-0.35,580,0.07,-2970,-0.35,96370,24.09
257,空頭進場,2022-04-19 03:50,S_Add,16951,1,847550,-2990,-0.35,580,0.07,-2970,-0.35,96370,24.09
258,空頭出場,2022-04-20 10:00,S_Exit,16961,1,850500,2410,0.28,2480,0.29,-570,-0.07,98760,24.69
258,空頭進場,2022-04-20 09:15,S_Cmd,17010,1,850500,2410,0.28,2480,0.29,-570,-0.07,98760,24.69
259,空頭出場,2022-04-20 11:00,Trend Rev,17016,1,848750,-2090,-0.25,1130,0.13,-2120,-0.25,96690,24.17
259,空頭進場,2022-04-20 10:00,S_Add,16975,1,848750,-2090,-0.25,1130,0.13,-2120,-0.25,96690,24.17
260,多頭出場,2022-04-20 23:20,L_Exit,17125,1,857950,-1740,-0.20,330,0.04,-1720,-0.20,94950,23.74
260,多頭進場,2022-04-20 22:45,L_Cmd,17159,1,857950,-1740,-0.20,330,0.04,-1720,-0.20,94950,23.74
261,多頭出場,2022-04-21 02:40,Trend Rev,17121,1,857150,-1140,-0.13,1030,0.12,-1420,-0.17,93810,23.45
261,多頭進場,2022-04-21 01:00,L_Cmd,17143,1,857150,-1140,-0.13,1030,0.12,-1420,-0.17,93810,23.45
262,多頭出場,2022-04-21 11:00,L_Exit,17146,1,859150,-1890,-0.22,1930,0.22,-1870,-0.22,91900,22.98
262,多頭進場,2022-04-21 08:50,L_Cmd,17183,1,859150,-1890,-0.22,1930,0.22,-1870,-0.22,91900,22.98
263,多頭出場,2022-04-21 11:05,Trend Rev,17136,1,860650,-3890,-0.45,180,0.02,-3920,-0.46,88030,22.01
263,多頭進場,2022-04-21 09:50,L_Add,17213,1,860650,-3890,-0.45,180,0.02,-3920,-0.46,88030,22.01
264,多頭出場,2022-04-21 21:50,L_Exit,17164,1,859300,-1140,-0.13,280,0.03,-1120,-0.13,86890,21.72
264,多頭進場,2022-04-21 21:35,L_Cmd,17186,1,859300,-1140,-0.13,280,0.03,-1120,-0.13,86890,21.72
265,空頭出場,2022-04-22 02:00,S_Exit,16989,1,851750,2260,0.27,2330,0.27,-920,-0.11,89150,22.29
265,空頭進場,2022-04-22 00:05,S_Cmd,17035,1,851750,2260,0.27,2330,0.27,-920,-0.11,89150,22.29
266,空頭出場,2022-04-22 08:45,S_Exit,16878,1,847650,3710,0.44,3780,0.45,-770,-0.09,92860,23.22
266,空頭進場,2022-04-22 03:05,S_Cmd,16953,1,847650,3710,0.44,3780,0.45,-770,-0.09,92860,23.22
267,空頭出場,2022-04-22 09:05,S_Exit,16900,1,842350,-2690,-0.32,480,0.06,-2670,-0.32,90170,22.54
267,空頭進場,2022-04-22 08:50,S_Cmd,16847,1,842350,-2690,-0.32,480,0.06,-2670,-0.32,90170,22.54
268,空頭出場,2022-04-22 23:50,S_Exit,16857,1,845700,2810,0.33,2880,0.34,-570,-0.07,92960,23.24
268,空頭進場,2022-04-22 22:25,S_Cmd,16914,1,845700,2810,0.33,2880,0.34,-570,-0.07,92960,23.24
269,空頭出場,2022-04-23 01:40,S_Exit_Add,16807,1,843150,2760,0.33,2830,0.34,-770,-0.09,95740,23.94
269,空頭進場,2022-04-22 23:45,S_Add,16863,1,843150,2760,0.33,2830,0.34,-770,-0.09,95740,23.94
270,空頭出場,2022-04-25 09:10,S_Exit,16634,1,835000,3260,0.39,3330,0.40,-1720,-0.21,98980,24.75
270,空頭進場,2022-04-23 04:20,S_Cmd,16700,1,835000,3260,0.39,3330,0.40,-1720,-0.21,98980,24.75
271,空頭出場,2022-04-25 09:30,S_Exit_Add,16568,1,832850,4410,0.53,4480,0.54,-920,-0.11,103370,25.84
271,空頭進場,2022-04-25 09:10,S_Add,16657,1,832850,4410,0.53,4480,0.54,-920,-0.11,103370,25.84
272,空頭出場,2022-04-25 09:50,S_Exit_Add,16511,1,830900,5310,0.64,5380,0.65,-1320,-0.16,108660,27.17
272,空頭進場,2022-04-25 09:20,S_Add,16618,1,830900,5310,0.64,5380,0.65,-1320,-0.16,108660,27.17
273,空頭出場,2022-04-25 12:15,S_Exit_G,16508,1,829050,3610,0.44,3680,0.44,-1570,-0.19,112270,28.07
273,空頭進場,2022-04-25 09:30,S_Add,16581,1,829050,3610,0.44,3680,0.44,-1570,-0.19,112270,28.07
274,空頭出場,2022-04-25 20:45,Trend Rev,16604,1,827750,-2490,-0.30,3230,0.39,-2870,-0.35,109800,27.45
274,空頭進場,2022-04-25 09:45,S_Add,16555,1,827750,-2490,-0.30,3230,0.39,-2870,-0.35,109800,27.45
275,空頭出場,2022-04-25 20:45,Trend Rev,16604,1,826600,-3640,-0.44,2080,0.25,-4020,-0.49,106180,26.55
275,空頭進場,2022-04-25 09:50,S_G_進,16532,1,826600,-3640,-0.44,2080,0.25,-4020,-0.49,106180,26.55
276,空頭出場,2022-04-25 20:45,Trend Rev,16604,1,825500,-4740,-0.57,980,0.12,-4770,-0.58,101460,25.37
276,空頭進場,2022-04-25 12:15,S_G_進,16510,1,825500,-4740,-0.57,980,0.12,-4770,-0.58,101460,25.37
277,空頭出場,2022-04-26 10:35,Trend Rev,16600,1,828050,-1990,-0.24,1430,0.17,-2420,-0.29,99470,24.87
277,空頭進場,2022-04-26 09:50,S_Cmd,16561,1,828050,-1990,-0.24,1430,0.17,-2420,-0.29,99470,24.87
278,空頭出場,2022-04-26 15:00,S_Exit,16546,1,829500,2160,0.26,2230,0.27,-420,-0.05,101610,25.40
278,空頭進場,2022-04-26 13:10,S_Cmd,16590,1,829500,2160,0.26,2230,0.27,-420,-0.05,101610,25.40
279,空頭出場,2022-04-26 21:20,S_Exit_Add,16499,1,828050,3060,0.37,3130,0.38,-1320,-0.16,104690,26.17
279,空頭進場,2022-04-26 13:20,S_Add,16561,1,828050,3060,0.37,3130,0.38,-1320,-0.16,104690,26.17
280,空頭出場,2022-04-26 23:05,S_Exit,16309,1,818650,3160,0.39,3230,0.39,-420,-0.05,107830,26.96
280,空頭進場,2022-04-26 22:20,S_Cmd,16373,1,818650,3160,0.39,3230,0.39,-420,-0.05,107830,26.96
281,空頭出場,2022-04-27 03:30,S_Exit_Add,16256,1,815850,3010,0.37,3080,0.38,-3070,-0.38,110840,27.71
281,空頭進場,2022-04-26 23:05,S_Add,16317,1,815850,3010,0.37,3080,0.38,-3070,-0.38,110840,27.71
282,空頭出場,2022-04-27 04:10,S_Exit_Add,16220,1,813700,2660,0.33,2730,0.34,-620,-0.08,113500,28.38
282,空頭進場,2022-04-27 03:20,S_Add,16274,1,813700,2660,0.33,2730,0.34,-620,-0.08,113500,28.38
283,空頭出場,2022-04-27 09:20,S_Exit_Add,16308,1,811300,-4140,-0.51,1930,0.24,-4120,-0.51,109380,27.35
283,空頭進場,2022-04-27 04:10,S_Add,16226,1,811300,-4140,-0.51,1930,0.24,-4120,-0.51,109380,27.35
284,空頭出場,2022-04-27 10:50,S_Exit,16267,1,809500,-3890,-0.48,1480,0.18,-3870,-0.48,105490,26.37
284,空頭進場,2022-04-27 10:25,S_Cmd,16190,1,809500,-3890,-0.48,1480,0.18,-3870,-0.48,105490,26.37
285,空頭出場,2022-04-27 15:25,S_Exit,16205,1,813500,3210,0.39,3280,0.40,-2370,-0.29,108700,27.18
285,空頭進場,2022-04-27 12:55,S_Cmd,16270,1,813500,3210,0.39,3280,0.40,-2370,-0.29,108700,27.18
286,空頭出場,2022-04-28 00:20,S_Exit,16311,1,812650,-2940,-0.36,2380,0.29,-2920,-0.36,105760,26.44
286,空頭進場,2022-04-27 22:15,S_Cmd,16253,1,812650,-2940,-0.36,2380,0.29,-2920,-0.36,105760,26.44
287,空頭出場,2022-04-28 04:35,Trend Rev,16285,1,812300,-1990,-0.24,430,0.05,-2170,-0.27,103770,25.94
287,空頭進場,2022-04-28 04:00,S_Cmd,16246,1,812300,-1990,-0.24,430,0.05,-2170,-0.27,103770,25.94
288,空頭出場,2022-04-28 09:45,S_Exit,16282,1,811350,-2790,-0.34,330,0.04,-2770,-0.34,100980,25.25
288,空頭進場,2022-04-28 09:35,S_Cmd,16227,1,811350,-2790,-0.34,330,0.04,-2770,-0.34,100980,25.25
289,空頭出場,2022-04-28 22:20,S_Exit,16417,1,818800,-2090,-0.26,330,0.04,-2070,-0.25,98890,24.72
289,空頭進場,2022-04-28 22:05,S_Cmd,16376,1,818800,-2090,-0.26,330,0.04,-2070,-0.25,98890,24.72
290,空頭出場,2022-04-28 22:55,S_BE,16365,1,818250,-40,0.00,2330,0.28,-70,-0.01,98830,24.71
290,空頭進場,2022-04-28 22:30,S_Cmd,16365,1,818250,-40,0.00,2330,0.28,-70,-0.01,98830,24.71
291,空頭出場,2022-04-28 23:10,Trend Rev,16415,1,816200,-4590,-0.56,280,0.03,-4820,-0.59,94260,23.57
291,空頭進場,2022-04-28 22:35,S_Add,16324,1,816200,-4590,-0.56,280,0.03,-4820,-0.59,94260,23.57
292,空頭出場,2022-04-30 00:55,S_Exit,16439,1,825050,3060,0.37,3130,0.38,-170,-0.02,97300,24.33
292,空頭進場,2022-04-30 00:05,S_Cmd,16501,1,825050,3060,0.37,3130,0.38,-170,-0.02,97300,24.33
293,空頭出場,2022-04-30 03:50,S_Exit_Add,16377,1,822100,3210,0.39,3280,0.40,-2720,-0.33,100510,25.13
293,空頭進場,2022-04-30 00:55,S_Add,16442,1,822100,3210,0.39,3280,0.40,-2720,-0.33,100510,25.13
294,空頭出場,2022-05-03 08:45,S_Exit_Add,16485,1,819700,-4590,-0.56,1530,0.19,-4570,-0.56,95940,23.99
294,空頭進場,2022-04-30 03:50,S_Add,16394,1,819700,-4590,-0.56,1530,0.19,-4570,-0.56,95940,23.99
295,空頭出場,2022-05-05 00:20,S_Exit,16455,1,821000,-1790,-0.22,1230,0.15,-1770,-0.22,94150,23.54
295,空頭進場,2022-05-04 23:05,S_Cmd,16420,1,821000,-1790,-0.22,1230,0.15,-1770,-0.22,94150,23.54
296,多頭出場,2022-05-05 15:05,Trend Rev,16640,1,834550,-2590,-0.31,4230,0.51,-3670,-0.44,91560,22.89
296,多頭進場,2022-05-05 03:15,L_Cmd,16691,1,834550,-2590,-0.31,4230,0.51,-3670,-0.44,91560,22.89
297,空頭出場,2022-05-05 23:05,S_Exit,16389,1,822600,3110,0.38,3180,0.39,-720,-0.09,94670,23.67
297,空頭進場,2022-05-05 22:25,S_Cmd,16452,1,822600,3110,0.38,3180,0.39,-720,-0.09,94670,23.67
298,空頭出場,2022-05-06 00:00,S_Exit,16317,1,819850,3960,0.48,4030,0.49,-1470,-0.18,98610,24.65
298,空頭進場,2022-05-05 23:10,S_Cmd,16397,1,819850,3960,0.48,4030,0.49,-1470,-0.18,98610,24.65
299,空頭出場,2022-05-06 09:40,S_Exit_Add,16274,1,817400,3660,0.45,3730,0.46,-3320,-0.41,102270,25.57
299,空頭進場,2022-05-05 23:55,S_Add,16348,1,817400,3660,0.45,3730,0.46,-3320,-0.41,102270,25.57
300,空頭出場,2022-05-06 16:35,Trend Rev,16391,1,814550,-5040,-0.62,1230,0.15,-5470,-0.67,97250,24.31
300,空頭進場,2022-05-06 03:15,S_Add,16291,1,814550,-5040,-0.62,1230,0.15,-5470,-0.67,97250,24.31
301,空頭出場,2022-05-09 09:25,S_Exit,16091,1,809200,4610,0.57,4680,0.58,-220,-0.03,101840,25.46
301,空頭進場,2022-05-09 08:50,S_Cmd,16184,1,809200,4610,0.57,4680,0.58,-220,-0.03,101840,25.46
302,空頭出場,2022-05-09 12:30,S_Exit_Add,16032,1,805550,3910,0.49,3980,0.49,-2520,-0.31,105750,26.44
302,空頭進場,2022-05-09 09:05,S_Add,16111,1,805550,3910,0.49,3980,0.49,-2520,-0.31,105750,26.44
303,空頭出場,2022-05-09 19:20,S_Exit_Add,15956,1,801900,4060,0.51,4130,0.52,-2870,-0.36,109830,27.46
303,空頭進場,2022-05-09 10:45,S_Add,16038,1,801900,4060,0.51,4130,0.52,-2870,-0.36,109830,27.46
304,空頭出場,2022-05-10 03:40,S_Exit,15891,1,798450,3860,0.48,3930,0.49,-2170,-0.27,113670,28.42
304,空頭進場,2022-05-09 22:40,S_Cmd,15969,1,798450,3860,0.48,3930,0.49,-2170,-0.27,113670,28.42
305,空頭出場,2022-05-10 08:45,S_Exit_Add,15804,1,795550,5310,0.67,5380,0.68,-370,-0.05,118980,29.74
305,空頭進場,2022-05-10 03:30,S_Add,15911,1,795550,5310,0.67,5380,0.68,-370,-0.05,118980,29.74
306,空頭出場,2022-05-10 08:50,S_Exit_Add,15799,1,792900,2910,0.37,2980,0.38,-1070,-0.13,121890,30.47
306,空頭進場,2022-05-10 03:55,S_Add,15858,1,792900,2910,0.37,2980,0.38,-1070,-0.13,121890,30.47
307,空頭出場,2022-05-10 09:00,S_Exit_Add,15732,1,790300,3660,0.46,3730,0.47,-870,-0.11,125570,31.39
307,空頭進場,2022-05-10 08:50,S_Add,15806,1,790300,3660,0.46,3730,0.47,-870,-0.11,125570,31.39
308,空頭出場,2022-05-10 22:50,S_Exit,15929,1,800400,3910,0.49,3980,0.50,-120,-0.01,129460,32.37
308,空頭進場,2022-05-10 22:40,S_Cmd,16008,1,800400,3910,0.49,3980,0.50,-120,-0.01,129460,32.37
309,空頭出場,2022-05-10 23:50,S_Exit_Add,15877,1,797900,4010,0.50,4080,0.51,-870,-0.11,133470,33.37
309,空頭進場,2022-05-10 22:50,S_Add,15958,1,797900,4010,0.50,4080,0.51,-870,-0.11,133470,33.37
310,空頭出場,2022-05-11 01:40,Trend Rev,15985,1,795450,-3840,-0.48,2330,0.29,-3870,-0.49,129650,32.41
310,空頭進場,2022-05-10 23:10,S_Add,15909,1,795450,-3840,-0.48,2330,0.29,-3870,-0.49,129650,32.41
311,空頭出場,2022-05-11 09:05,Trend Rev,15986,1,797550,-1790,-0.22,1080,0.14,-1920,-0.24,127860,31.97
311,空頭進場,2022-05-11 03:40,S_Cmd,15951,1,797550,-1790,-0.22,1080,0.14,-1920,-0.24,127860,31.97
312,空頭出場,2022-05-12 03:40,S_Exit,15771,1,792750,4160,0.52,4230,0.53,-1120,-0.14,132000,33.00
312,空頭進場,2022-05-12 01:00,S_Cmd,15855,1,792750,4160,0.52,4230,0.53,-1120,-0.14,132000,33.00
313,空頭出場,2022-05-12 09:50,Trend Rev,15876,1,789850,-3990,-0.51,2580,0.33,-4170,-0.53,128030,32.01
313,空頭進場,2022-05-12 03:25,S_Add,15797,1,789850,-3990,-0.51,2580,0.33,-4170,-0.53,128030,32.01
314,空頭出場,2022-05-12 12:35,S_Exit,15710,1,789400,3860,0.49,3930,0.50,-1470,-0.19,131870,32.97
314,空頭進場,2022-05-12 10:55,S_Cmd,15788,1,789400,3860,0.49,3930,0.50,-1470,-0.19,131870,32.97
315,空頭出場,2022-05-12 13:15,S_Exit_Add,15647,1,786650,4260,0.54,4330,0.55,-970,-0.12,136130,34.03
315,空頭進場,2022-05-12 12:25,S_Add,15733,1,786650,4260,0.54,4330,0.55,-970,-0.12,136130,34.03
316,空頭出場,2022-05-12 13:25,S_Exit_Add,15611,1,784050,3460,0.44,3530,0.45,-370,-0.05,139610,34.90
316,空頭進場,2022-05-12 13:10,S_Add,15681,1,784050,3460,0.44,3530,0.45,-370,-0.05,139610,34.90
317,空頭出場,2022-05-13 00:30,Trend Rev,15672,1,781550,-2090,-0.27,1180,0.15,-2270,-0.29,137520,34.38
317,空頭進場,2022-05-12 23:55,S_Cmd,15631,1,781550,-2090,-0.27,1180,0.15,-2270,-0.29,137520,34.38
318,空頭出場,2022-05-16 11:15,S_Exit,15867,1,797150,3760,0.47,3830,0.48,-320,-0.04,141260,35.32
318,空頭進場,2022-05-16 10:15,S_Cmd,15943,1,797150,3760,0.47,3830,0.48,-320,-0.04,141260,35.32
319,空頭出場,2022-05-16 13:15,Trend Rev,15928,1,795050,-1390,-0.17,2780,0.35,-2370,-0.30,139870,34.97
319,空頭進場,2022-05-16 10:35,S_Add,15901,1,795050,-1390,-0.17,2780,0.35,-2370,-0.30,139870,34.97
320,空頭出場,2022-05-16 13:15,Trend Rev,15928,1,792900,-3540,-0.45,280,0.04,-4520,-0.57,136350,34.09
320,空頭進場,2022-05-16 11:25,S_Add,15858,1,792900,-3540,-0.45,280,0.04,-4520,-0.57,136350,34.09
321,空頭出場,2022-05-17 08:45,S_Exit,15970,1,795100,-3440,-0.43,580,0.07,-3420,-0.43,132910,33.23
321,空頭進場,2022-05-17 03:35,S_Cmd,15902,1,795100,-3440,-0.43,580,0.07,-3420,-0.43,132910,33.23
322,多頭出場,2022-05-17 15:10,L_Exit,16034,1,804250,-2590,-0.32,530,0.07,-2570,-0.32,130320,32.58
322,多頭進場,2022-05-17 11:40,L_Cmd,16085,1,804250,-2590,-0.32,530,0.07,-2570,-0.32,130320,32.58
323,多頭出場,2022-05-18 02:10,L_Exit,16074,1,805350,-1690,-0.21,930,0.12,-1670,-0.21,128630,32.16
323,多頭進場,2022-05-17 23:40,L_Cmd,16107,1,805350,-1690,-0.21,930,0.12,-1670,-0.21,128630,32.16
324,多頭出場,2022-05-18 12:05,L_Exit,16205,1,806500,3710,0.46,3780,0.47,-1370,-0.17,132280,33.07
324,多頭進場,2022-05-18 03:05,L_Cmd,16130,1,806500,3710,0.46,3780,0.47,-1370,-0.17,132280,33.07
325,多頭出場,2022-05-18 12:05,L_Exit_G,16205,1,808100,2110,0.26,2180,0.27,-1020,-0.13,134410,33.60
325,多頭進場,2022-05-18 10:20,L_Add,16162,1,808100,2110,0.26,2180,0.27,-1020,-0.13,134410,33.60
326,多頭出場,2022-05-18 12:20,L_Exit_Add,16214,1,809150,1510,0.19,1580,0.20,-870,-0.11,135940,33.99
326,多頭進場,2022-05-18 11:35,L_Add,16183,1,809150,1510,0.19,1580,0.20,-870,-0.11,135940,33.99
327,多頭出場,2022-05-18 20:00,Trend Rev,16169,1,809600,-1190,-0.15,1730,0.21,-1220,-0.15,134750,33.69
327,多頭進場,2022-05-18 12:00,L_G_進,16192,1,809600,-1190,-0.15,1730,0.21,-1220,-0.15,134750,33.69
328,多頭出場,2022-05-18 20:00,Trend Rev,16169,1,811100,-2690,-0.33,130,0.02,-2720,-0.34,132080,33.02
328,多頭進場,2022-05-18 13:10,L_Add,16222,1,811100,-2690,-0.33,130,0.02,-2720,-0.34,132080,33.02
329,空頭出場,2022-05-19 03:40,S_Exit,15940,1,794950,-2090,-0.26,130,0.02,-2070,-0.26,129990,32.50
329,空頭進場,2022-05-19 03:35,S_Cmd,15899,1,794950,-2090,-0.26,130,0.02,-2070,-0.26,129990,32.50
330,空頭出場,2022-05-19 11:20,S_Exit,15927,1,793500,-2890,-0.36,2480,0.31,-2870,-0.36,127080,31.77
330,空頭進場,2022-05-19 09:30,S_Cmd,15870,1,793500,-2890,-0.36,2480,0.31,-2870,-0.36,127080,31.77
331,空頭出場,2022-05-19 11:25,S_Exit_Add,15942,1,791250,-5890,-0.74,180,0.02,-5870,-0.74,121210,30.30
331,空頭進場,2022-05-19 10:15,S_Add,15825,1,791250,-5890,-0.74,180,0.02,-5870,-0.74,121210,30.30
332,多頭出場,2022-05-20 13:05,L_G_Cut,16111,1,802000,3510,0.44,5230,0.65,-3520,-0.44,124660,31.17
332,多頭進場,2022-05-20 03:05,L_Cmd,16040,1,802000,3510,0.44,5230,0.65,-3520,-0.44,124660,31.17
333,多頭出場,2022-05-20 15:35,L_Exit,16181,1,804950,4060,0.50,4130,0.51,-1870,-0.23,128740,32.19
333,多頭進場,2022-05-20 09:50,L_Add,16099,1,804950,4060,0.50,4130,0.51,-1870,-0.23,128740,32.19
334,多頭出場,2022-05-20 15:35,L_Exit_Add,16189,1,806150,3260,0.40,3330,0.41,-670,-0.08,132020,33.01
334,多頭進場,2022-05-20 10:50,L_Add,16123,1,806150,3260,0.40,3330,0.41,-670,-0.08,132020,33.01
335,多頭出場,2022-05-20 16:35,L_Exit_Add,16207,1,807250,3060,0.38,3130,0.39,-1770,-0.22,135100,33.78
335,多頭進場,2022-05-20 12:55,L_G_進,16145,1,807250,3060,0.38,3130,0.39,-1770,-0.22,135100,33.78
336,空頭出場,2022-05-21 01:05,S_Exit,15889,1,798050,3560,0.45,3630,0.45,-520,-0.07,138640,34.66
336,空頭進場,2022-05-21 00:10,S_Cmd,15961,1,798050,3560,0.45,3630,0.45,-520,-0.07,138640,34.66
337,空頭出場,2022-05-21 03:35,S_Exit_Add,16020,1,795500,-5540,-0.70,2880,0.36,-5520,-0.69,133120,33.28
337,空頭進場,2022-05-21 00:40,S_Add,15910,1,795500,-5540,-0.70,2880,0.36,-5520,-0.69,133120,33.28
338,多頭出場,2022-05-23 09:30,L_Exit,16159,1,812150,-4240,-0.52,630,0.08,-4220,-0.52,128880,32.22
338,多頭進場,2022-05-23 08:50,L_Cmd,16243,1,812150,-4240,-0.52,630,0.08,-4220,-0.52,128880,32.22
339,多頭出場,2022-05-23 12:50,L_Exit,16161,1,810700,-2690,-0.33,30,0.00,-2670,-0.33,126190,31.55
339,多頭進場,2022-05-23 12:35,L_Cmd,16214,1,810700,-2690,-0.33,30,0.00,-2670,-0.33,126190,31.55
340,多頭出場,2022-05-23 21:40,Trend Rev,16136,1,808000,-1240,-0.15,130,0.02,-1570,-0.19,124950,31.24
340,多頭進場,2022-05-23 21:20,L_Cmd,16160,1,808000,-1240,-0.15,130,0.02,-1570,-0.19,124950,31.24
341,多頭出場,2022-05-23 22:00,L_Exit,16137,1,809500,-2690,-0.33,580,0.07,-2670,-0.33,122260,30.57
341,多頭進場,2022-05-23 21:50,L_Cmd,16190,1,809500,-2690,-0.33,580,0.07,-2670,-0.33,122260,30.57
342,多頭出場,2022-05-24 08:50,Trend Rev,16150,1,808450,-990,-0.12,3680,0.46,-2470,-0.31,121250,30.31
342,多頭進場,2022-05-23 22:35,L_Cmd,16169,1,808450,-990,-0.12,3680,0.46,-2470,-0.31,121250,30.31
343,多頭出場,2022-05-24 08:50,Trend Rev,16150,1,811000,-3540,-0.44,1130,0.14,-5020,-0.62,117730,29.43
343,多頭進場,2022-05-23 23:35,L_Add,16220,1,811000,-3540,-0.44,1130,0.14,-5020,-0.62,117730,29.43
344,空頭出場,2022-05-24 12:55,S_Exit,15935,1,799900,3110,0.39,3180,0.40,-1220,-0.15,120820,30.21
344,空頭進場,2022-05-24 11:30,S_Cmd,15998,1,799900,3110,0.39,3180,0.40,-1220,-0.15,120820,30.21
345,空頭出場,2022-05-24 21:55,S_Exit_Add,15889,1,797450,2960,0.37,3030,0.38,-1820,-0.23,123800,30.95
345,空頭進場,2022-05-24 12:50,S_Add,15949,1,797450,2960,0.37,3030,0.38,-1820,-0.23,123800,30.95
346,空頭出場,2022-05-24 23:30,S_Exit,15894,1,792300,-2440,-0.31,530,0.07,-2420,-0.31,121360,30.34
346,空頭進場,2022-05-24 22:50,S_Cmd,15846,1,792300,-2440,-0.31,530,0.07,-2420,-0.31,121360,30.34
347,多頭出場,2022-05-25 15:20,L_Exit_Add,16039,1,804350,-2440,-0.30,2930,0.36,-2420,-0.30,118900,29.73
347,多頭進場,2022-05-25 11:50,L_Cmd,16087,1,804350,-2440,-0.30,2930,0.36,-2420,-0.30,118900,29.73
348,多頭出場,2022-05-25 15:30,L_Exit,16031,1,806300,-4790,-0.59,980,0.12,-4770,-0.59,114130,28.53
348,多頭進場,2022-05-25 12:25,L_Add,16126,1,806300,-4790,-0.59,980,0.12,-4770,-0.59,114130,28.53
349,多頭出場,2022-05-26 00:25,Trend Rev,16043,1,804150,-2040,-0.25,2380,0.30,-2270,-0.28,112070,28.02
349,多頭進場,2022-05-25 22:25,L_Cmd,16083,1,804150,-2040,-0.25,2380,0.30,-2270,-0.28,112070,28.02
350,多頭出場,2022-05-26 00:25,Trend Rev,16043,1,806250,-4140,-0.51,180,0.02,-4370,-0.54,107950,26.99
350,多頭進場,2022-05-25 22:40,L_Add,16125,1,806250,-4140,-0.51,180,0.02,-4370,-0.54,107950,26.99
351,多頭出場,2022-05-26 09:20,L_Exit,16111,1,808800,-3290,-0.41,380,0.05,-3270,-0.40,104660,26.17
351,多頭進場,2022-05-26 08:55,L_Cmd,16176,1,808800,-3290,-0.41,380,0.05,-3270,-0.40,104660,26.17
352,空頭出場,2022-05-26 19:25,S_Exit,16009,1,797650,-2840,-0.36,1230,0.15,-2820,-0.35,101820,25.46
352,空頭進場,2022-05-26 12:55,S_Cmd,15953,1,797650,-2840,-0.36,1230,0.15,-2820,-0.35,101820,25.46
353,多頭出場,2022-05-27 09:15,L_Exit,16216,1,805350,5410,0.67,5480,0.68,-820,-0.10,107190,26.80
353,多頭進場,2022-05-26 23:05,L_Cmd,16107,1,805350,5410,0.67,5480,0.68,-820,-0.10,107190,26.80
354,多頭出場,2022-05-27 09:15,L_Exit_Add,16216,1,807150,3610,0.45,3680,0.46,-2170,-0.27,110820,27.71
354,多頭進場,2022-05-27 00:55,L_Add,16143,1,807150,3610,0.45,3680,0.46,-2170,-0.27,110820,27.71
355,多頭出場,2022-05-27 15:00,L_Exit_Add,16265,1,809350,3860,0.48,3930,0.49,-720,-0.09,114680,28.67
355,多頭進場,2022-05-27 09:15,L_Add,16187,1,809350,3860,0.48,3930,0.49,-720,-0.09,114680,28.67
356,多頭出場,2022-05-27 20:45,L_Exit_Add,16304,1,811400,3760,0.46,3830,0.47,-2170,-0.27,118460,29.62
356,多頭進場,2022-05-27 10:25,L_Add,16228,1,811400,3760,0.46,3830,0.47,-2170,-0.27,118460,29.62
357,多頭出場,2022-05-28 03:55,L_Exit,16369,1,815400,3010,0.37,3080,0.38,-770,-0.09,121410,30.35
357,多頭進場,2022-05-27 21:15,L_Cmd,16308,1,815400,3010,0.37,3080,0.38,-770,-0.09,121410,30.35
358,多頭出場,2022-05-28 03:55,L_Exit_Add,16369,1,816600,1810,0.22,1880,0.23,-1620,-0.20,123240,30.81
358,多頭進場,2022-05-27 21:55,L_Add,16332,1,816600,1810,0.22,1880,0.23,-1620,-0.20,123240,30.81
359,多頭出場,2022-05-28 03:55,L_Exit_G,16369,1,817300,1110,0.14,1180,0.14,-270,-0.03,124370,31.09
359,多頭進場,2022-05-28 03:10,L_Add,16346,1,817300,1110,0.14,1180,0.14,-270,-0.03,124370,31.09
360,多頭出場,2022-05-28 04:40,L_Exit_Add,16383,1,817700,1410,0.17,1480,0.18,-520,-0.06,125800,31.45
360,多頭進場,2022-05-28 03:45,L_G_進,16354,1,817700,1410,0.17,1480,0.18,-520,-0.06,125800,31.45
361,多頭出場,2022-05-30 09:35,L_Exit,16479,1,821000,2910,0.35,2980,0.36,-220,-0.03,128650,32.16
361,多頭進場,2022-05-30 08:50,L_Cmd,16420,1,821000,2910,0.35,2980,0.36,-220,-0.03,128650,32.16
362,多頭出場,2022-05-30 09:50,L_Exit_G,16486,1,822850,1410,0.17,1480,0.18,-620,-0.08,130080,32.52
362,多頭進場,2022-05-30 09:15,L_Add,16457,1,822850,1410,0.17,1480,0.18,-620,-0.08,130080,32.52
363,多頭出場,2022-05-30 10:15,L_Exit_Add,16524,1,823150,3010,0.37,3080,0.37,-570,-0.07,133070,33.27
363,多頭進場,2022-05-30 09:30,L_Add,16463,1,823150,3010,0.37,3080,0.37,-570,-0.07,133070,33.27
364,多頭出場,2022-05-30 10:15,L_Exit_Add,16524,1,823650,2510,0.30,2580,0.31,-320,-0.04,135600,33.90
364,多頭進場,2022-05-30 09:35,L_G_進,16473,1,823650,2510,0.30,2580,0.31,-320,-0.04,135600,33.90
365,多頭出場,2022-05-30 10:15,L_Exit_G,16524,1,824600,1560,0.19,1630,0.20,-170,-0.02,137180,34.29
365,多頭進場,2022-05-30 10:00,L_Add,16492,1,824600,1560,0.19,1630,0.20,-170,-0.02,137180,34.29
366,多頭出場,2022-05-30 12:35,L_Exit_Add,16553,1,825200,2410,0.29,2480,0.30,-820,-0.10,139570,34.89
366,多頭進場,2022-05-30 10:05,L_G_進,16504,1,825200,2410,0.29,2480,0.30,-820,-0.10,139570,34.89
367,多頭出場,2022-05-30 15:15,L_G_Cut,16539,1,826700,210,0.03,2430,0.29,-2320,-0.28,139760,34.94
367,多頭進場,2022-05-30 10:25,L_Add,16534,1,826700,210,0.03,2430,0.29,-2320,-0.28,139760,34.94
368,多頭出場,2022-05-30 20:20,Trend Rev,16502,1,827100,-2040,-0.25,2030,0.25,-2020,-0.24,137740,34.44
368,多頭進場,2022-05-30 12:35,L_Add,16542,1,827100,-2040,-0.25,2030,0.25,-2020,-0.24,137740,34.44
369,多頭出場,2022-05-30 20:20,Trend Rev,16502,1,828450,-3390,-0.41,680,0.08,-3370,-0.41,134370,33.59
369,多頭進場,2022-05-30 12:50,L_Add,16569,1,828450,-3390,-0.41,680,0.08,-3370,-0.41,134370,33.59
370,多頭出場,2022-05-30 20:20,Trend Rev,16502,1,829000,-3940,-0.48,30,0.00,-3920,-0.47,130450,32.61
370,多頭進場,2022-05-30 13:00,L_G_進,16580,1,829000,-3940,-0.48,30,0.00,-3920,-0.47,130450,32.61
371,多頭出場,2022-05-31 00:05,Trend Rev,16503,1,826050,-940,-0.11,130,0.02,-970,-0.12,129510,32.38
371,多頭進場,2022-05-30 23:35,L_Cmd,16521,1,826050,-940,-0.11,130,0.02,-970,-0.12,129510,32.38
372,多頭出場,2022-05-31 12:15,L_Exit,16648,1,827100,5260,0.64,5330,0.64,-420,-0.05,134710,33.68
372,多頭進場,2022-05-31 10:15,L_Cmd,16542,1,827100,5260,0.64,5330,0.64,-420,-0.05,134710,33.68
373,多頭出場,2022-05-31 12:15,L_Exit_G,16648,1,830050,2310,0.28,2380,0.29,-1870,-0.23,137040,34.26
373,多頭進場,2022-05-31 11:00,L_Add,16601,1,830050,2310,0.28,2380,0.29,-1870,-0.23,137040,34.26
374,多頭出場,2022-05-31 13:25,L_Exit_Add,16683,1,831400,2710,0.33,2780,0.33,-670,-0.08,139770,34.94
374,多頭進場,2022-05-31 12:05,L_Add,16628,1,831400,2710,0.33,2780,0.33,-670,-0.08,139770,34.94
375,多頭出場,2022-05-31 13:30,L_Exit_Add,16695,1,831700,3010,0.36,3080,0.37,-970,-0.12,142780,35.70
375,多頭進場,2022-05-31 12:15,L_G_進,16634,1,831700,3010,0.36,3080,0.37,-970,-0.12,142780,35.70
376,多頭出場,2022-05-31 21:00,Trend Rev,16608,1,834150,-3790,-0.45,1630,0.20,-4020,-0.48,139010,34.75
376,多頭進場,2022-05-31 13:30,L_Add,16683,1,834150,-3790,-0.45,1630,0.20,-4020,-0.48,139010,34.75
377,多頭出場,2022-06-01 10:05,L_Exit,16732,1,832050,4510,0.54,4580,0.55,-770,-0.09,143460,35.87
377,多頭進場,2022-06-01 08:50,L_Cmd,16641,1,832050,4510,0.54,4580,0.55,-770,-0.09,143460,35.87
378,多頭出場,2022-06-01 10:10,L_Exit_G,16735,1,834150,2560,0.31,2630,0.32,-470,-0.06,146040,36.51
378,多頭進場,2022-06-01 09:15,L_Add,16683,1,834150,2560,0.31,2630,0.32,-470,-0.06,146040,36.51
379,多頭出場,2022-06-01 12:20,Trend Rev,16635,1,835950,-4240,-0.51,1780,0.21,-4970,-0.59,141820,35.46
379,多頭進場,2022-06-01 09:40,L_Add,16719,1,835950,-4240,-0.51,1780,0.21,-4970,-0.59,141820,35.46
380,多頭出場,2022-06-01 12:20,Trend Rev,16635,1,836000,-4290,-0.51,1730,0.21,-5020,-0.60,137550,34.39
380,多頭進場,2022-06-01 10:05,L_G_進,16720,1,836000,-4290,-0.51,1730,0.21,-5020,-0.60,137550,34.39
381,多頭出場,2022-06-01 13:30,Trend Rev,16628,1,834000,-2640,-0.32,480,0.06,-2770,-0.33,134910,33.73
381,多頭進場,2022-06-01 13:00,L_Cmd,16680,1,834000,-2640,-0.32,480,0.06,-2770,-0.33,134910,33.73
382,多頭出場,2022-06-06 09:00,L_Exit,16564,1,831250,-3090,-0.37,1030,0.12,-3070,-0.37,131820,32.96
382,多頭進場,2022-06-06 08:50,L_Cmd,16625,1,831250,-3090,-0.37,1030,0.12,-3070,-0.37,131820,32.96
383,多頭出場,2022-06-06 23:10,L_G_Cut,16660,1,829750,3210,0.39,5430,0.65,-920,-0.11,134970,33.74
383,多頭進場,2022-06-06 11:20,L_Cmd,16595,1,829750,3210,0.39,5430,0.65,-920,-0.11,134970,33.74
384,多頭出場,2022-06-06 23:15,L_Exit_Add,16614,1,833350,-2690,-0.32,1830,0.22,-2670,-0.32,132300,33.07
384,多頭進場,2022-06-06 21:05,L_Add,16667,1,833350,-2690,-0.32,1830,0.22,-2670,-0.32,132300,33.07
385,多頭出場,2022-06-06 23:20,Trend Rev,16612,1,834450,-3890,-0.47,730,0.09,-4220,-0.51,128430,32.11
385,多頭進場,2022-06-06 22:05,L_Add,16689,1,834450,-3890,-0.47,730,0.09,-4220,-0.51,128430,32.11
386,多頭出場,2022-06-06 23:20,Trend Rev,16612,1,835050,-4490,-0.54,80,0.01,-4820,-0.58,123960,30.99
386,多頭進場,2022-06-06 22:15,L_G_進,16701,1,835050,-4490,-0.54,80,0.01,-4820,-0.58,123960,30.99
387,多頭出場,2022-06-08 09:00,L_Exit,16619,1,826150,4760,0.58,4830,0.58,-920,-0.11,128660,32.17
387,多頭進場,2022-06-07 22:30,L_Cmd,16523,1,826150,4760,0.58,4830,0.58,-920,-0.11,128660,32.17
388,多頭出場,2022-06-08 09:00,L_Exit_Add,16619,1,827950,2960,0.36,3030,0.37,-2720,-0.33,131640,32.91
388,多頭進場,2022-06-07 22:50,L_Add,16559,1,827950,2960,0.36,3030,0.37,-2720,-0.33,131640,32.91
389,多頭出場,2022-06-08 09:00,L_Exit_Add,16619,1,828800,2110,0.25,2180,0.26,-1020,-0.12,133770,33.44
389,多頭進場,2022-06-08 03:45,L_Add,16576,1,828800,2110,0.25,2180,0.26,-1020,-0.12,133770,33.44
390,多頭出場,2022-06-08 09:00,L_Exit_G,16619,1,829400,1510,0.18,1580,0.19,-220,-0.03,135300,33.83
390,多頭進場,2022-06-08 09:00,L_G_進,16588,1,829400,1510,0.18,1580,0.19,-220,-0.03,135300,33.83
391,多頭出場,2022-06-08 11:25,L_BE,16633,1,831650,-40,0.00,2980,0.36,-120,-0.01,135200,33.80
391,多頭進場,2022-06-08 09:15,L_Cmd,16633,1,831650,-40,0.00,2980,0.36,-120,-0.01,135200,33.80
392,多頭出場,2022-06-08 11:35,L_G_Cut,16641,1,833100,-1090,-0.13,1530,0.18,-1520,-0.18,134130,33.53
392,多頭進場,2022-06-08 09:20,L_Add,16662,1,833100,-1090,-0.13,1530,0.18,-1520,-0.18,134130,33.53
393,多頭出場,2022-06-09 00:35,Trend Rev,16634,1,833900,-2240,-0.27,1180,0.14,-3470,-0.42,131910,32.98
393,多頭進場,2022-06-08 09:45,L_Add,16678,1,833900,-2240,-0.27,1180,0.14,-3470,-0.42,131910,32.98
394,多頭出場,2022-06-09 00:35,Trend Rev,16634,1,834350,-2690,-0.32,730,0.09,-3920,-0.47,129240,32.31
394,多頭進場,2022-06-08 10:10,L_G_進,16687,1,834350,-2690,-0.32,730,0.09,-3920,-0.47,129240,32.31
395,空頭出場,2022-06-10 03:05,S_Exit,16448,1,825250,2810,0.34,2880,0.35,-2370,-0.29,132030,33.01
395,空頭進場,2022-06-09 23:05,S_Cmd,16505,1,825250,2810,0.34,2880,0.35,-2370,-0.29,132030,33.01
396,空頭出場,2022-06-10 03:45,S_Exit_Add,16418,1,823000,2060,0.25,2130,0.26,-70,-0.01,134090,33.52
396,空頭進場,2022-06-10 03:05,S_Add,16460,1,823000,2060,0.25,2130,0.26,-70,-0.01,134090,33.52
397,空頭出場,2022-06-10 08:45,S_Exit_Add,16359,1,820850,2860,0.35,2930,0.36,-520,-0.06,136970,34.24
397,空頭進場,2022-06-10 03:45,S_Add,16417,1,820850,2860,0.35,2930,0.36,-520,-0.06,136970,34.24
398,空頭出場,2022-06-10 09:10,S_Exit,16398,1,818200,-1740,-0.21,680,0.08,-1720,-0.21,135230,33.81
398,空頭進場,2022-06-10 08:50,S_Cmd,16364,1,818200,-1740,-0.21,680,0.08,-1720,-0.21,135230,33.81
399,空頭出場,2022-06-11 03:55,S_Exit,16254,1,816250,3510,0.43,3580,0.44,-220,-0.03,138720,34.68
399,空頭進場,2022-06-10 22:05,S_Cmd,16325,1,816250,3510,0.43,3580,0.44,-220,-0.03,138720,34.68
400,空頭出場,2022-06-13 08:45,S_Exit_Add,16122,1,813700,7560,0.93,7630,0.94,-2570,-0.32,146300,36.58
400,空頭進場,2022-06-11 00:55,S_Add,16274,1,813700,7560,0.93,7630,0.94,-2570,-0.32,146300,36.58
401,空頭出場,2022-06-13 09:20,S_Exit,16015,1,804600,3810,0.47,3880,0.48,-120,-0.01,150070,37.52
401,空頭進場,2022-06-13 08:50,S_Cmd,16092,1,804600,3810,0.47,3880,0.48,-120,-0.01,150070,37.52
402,空頭出場,2022-06-13 16:30,S_Exit_Add,15960,1,802350,4310,0.54,4380,0.55,-1520,-0.19,154400,38.60
402,空頭進場,2022-06-13 09:15,S_Add,16047,1,802350,4310,0.54,4380,0.55,-1520,-0.19,154400,38.60
403,空頭出場,2022-06-13 20:00,S_Exit_Add,15937,1,800700,3810,0.48,3880,0.48,-3170,-0.40,158230,39.56
403,空頭進場,2022-06-13 09:20,S_Add,16014,1,800700,3810,0.48,3880,0.48,-3170,-0.40,158230,39.56
404,空頭出場,2022-06-13 22:45,S_Exit,15832,1,795150,3510,0.44,3580,0.45,-70,-0.01,161720,40.43
404,空頭進場,2022-06-13 22:15,S_Cmd,15903,1,795150,3510,0.44,3580,0.45,-70,-0.01,161720,40.43
405,空頭出場,2022-06-14 00:35,S_Exit_Add,15944,1,792400,-4840,-0.61,1930,0.24,-4820,-0.61,156900,39.23
405,空頭進場,2022-06-13 22:45,S_Add,15848,1,792400,-4840,-0.61,1930,0.24,-4820,-0.61,156900,39.23
406,空頭出場,2022-06-15 03:30,S_Exit,15538,1,775250,-1690,-0.22,630,0.08,-1670,-0.22,155210,38.80
406,空頭進場,2022-06-15 03:15,S_Cmd,15505,1,775250,-1690,-0.22,630,0.08,-1670,-0.22,155210,38.80
407,空頭出場,2022-06-15 13:15,S_Exit_Add,15568,1,777200,-1240,-0.16,2130,0.27,-1220,-0.16,153950,38.49
407,空頭進場,2022-06-15 11:00,S_Cmd,15544,1,777200,-1240,-0.16,2130,0.27,-1220,-0.16,153950,38.49
408,空頭出場,2022-06-15 13:20,Trend Rev,15570,1,775150,-3390,-0.44,80,0.01,-3470,-0.45,150580,37.65
408,空頭進場,2022-06-15 12:15,S_Add,15503,1,775150,-3390,-0.44,80,0.01,-3470,-0.45,150580,37.65
409,空頭出場,2022-06-16 12:05,S_Exit,15547,1,781550,4160,0.53,4230,0.54,-1170,-0.15,154720,38.68
409,空頭進場,2022-06-16 10:20,S_Cmd,15631,1,781550,4160,0.53,4230,0.54,-1170,-0.15,154720,38.68
410,空頭出場,2022-06-16 12:40,S_Exit_Add,15513,1,779000,3310,0.42,3380,0.43,-720,-0.09,158030,39.51
410,空頭進場,2022-06-16 11:40,S_Add,15580,1,779000,3310,0.42,3380,0.43,-720,-0.09,158030,39.51
411,空頭出場,2022-06-16 13:00,S_Exit_Add,15460,1,776400,3360,0.43,3430,0.44,-820,-0.11,161410,40.35
411,空頭進場,2022-06-16 12:30,S_Add,15528,1,776400,3360,0.43,3430,0.44,-820,-0.11,161410,40.35
412,空頭出場,2022-06-16 22:50,S_Exit,15134,1,759950,3210,0.42,3280,0.43,-470,-0.06,164600,41.15
412,空頭進場,2022-06-16 22:10,S_Cmd,15199,1,759950,3210,0.42,3280,0.43,-470,-0.06,164600,41.15
413,空頭出場,2022-06-17 08:50,Trend Rev,15225,1,757550,-3740,-0.49,2880,0.38,-3920,-0.52,160880,40.22
413,空頭進場,2022-06-16 22:45,S_Add,15151,1,757550,-3740,-0.49,2880,0.38,-3920,-0.52,160880,40.22
414,空頭出場,2022-06-17 12:20,Trend Rev,15218,1,758600,-2340,-0.31,1730,0.23,-2420,-0.32,158540,39.64
414,空頭進場,2022-06-17 11:10,S_Cmd,15172,1,758600,-2340,-0.31,1730,0.23,-2420,-0.32,158540,39.64
415,空頭出場,2022-06-17 23:30,S_Exit,15186,1,756600,-2740,-0.36,2530,0.33,-2720,-0.36,155800,38.95
415,空頭進場,2022-06-17 22:25,S_Cmd,15132,1,756600,-2740,-0.36,2530,0.33,-2720,-0.36,155800,38.95
416,空頭出場,2022-06-20 10:15,S_Exit,15022,1,755350,4210,0.56,4280,0.57,-1220,-0.16,160010,40.00
416,空頭進場,2022-06-20 09:35,S_Cmd,15107,1,755350,4210,0.56,4280,0.57,-1220,-0.16,160010,40.00
417,空頭出場,2022-06-20 11:35,S_Exit,15109,1,751450,-4040,-0.54,830,0.11,-4020,-0.53,155970,38.99
417,空頭進場,2022-06-20 10:20,S_Cmd,15029,1,751450,-4040,-0.54,830,0.11,-4020,-0.53,155970,38.99
418,空頭出場,2022-06-20 22:20,S_Exit,15089,1,751400,-3090,-0.41,3130,0.42,-3070,-0.41,152880,38.22
418,空頭進場,2022-06-20 12:55,S_Cmd,15028,1,751400,-3090,-0.41,3130,0.42,-3070,-0.41,152880,38.22
419,空頭出場,2022-06-21 09:50,Trend Rev,15141,1,756300,-790,-0.10,530,0.07,-770,-0.10,152090,38.02
419,空頭進場,2022-06-21 09:45,S_Cmd,15126,1,756300,-790,-0.10,530,0.07,-770,-0.10,152090,38.02
420,空頭出場,2022-06-22 09:00,S_Exit,15245,1,764850,2560,0.33,2630,0.34,-170,-0.02,154650,38.66
420,空頭進場,2022-06-22 08:50,S_Cmd,15297,1,764850,2560,0.33,2630,0.34,-170,-0.02,154650,38.66
421,空頭出場,2022-06-22 09:45,S_Exit,15134,1,760250,3510,0.46,3580,0.47,-970,-0.13,158140,39.53
421,空頭進場,2022-06-22 09:30,S_Cmd,15205,1,760250,3510,0.46,3580,0.47,-970,-0.13,158140,39.53
422,空頭出場,2022-06-22 10:40,S_Exit_Add,15083,1,757950,3760,0.50,3830,0.51,-1670,-0.22,161900,40.48
422,空頭進場,2022-06-22 09:45,S_Add,15159,1,757950,3760,0.50,3830,0.51,-1670,-0.22,161900,40.48
423,空頭出場,2022-06-22 11:45,S_Exit_Add,15017,1,754850,3960,0.52,4030,0.53,-520,-0.07,165860,41.47
423,空頭進場,2022-06-22 10:40,S_Add,15097,1,754850,3960,0.52,4030,0.53,-520,-0.07,165860,41.47
424,空頭出場,2022-06-22 15:00,S_Exit_Add,14952,1,752300,4660,0.62,4730,0.63,-1470,-0.20,170520,42.63
424,空頭進場,2022-06-22 11:00,S_Add,15046,1,752300,4660,0.62,4730,0.63,-1470,-0.20,170520,42.63
425,空頭出場,2022-06-22 15:05,S_Exit_Add,14918,1,750000,4060,0.54,4130,0.55,-3320,-0.44,174600,43.65
425,空頭進場,2022-06-22 12:10,S_Add,15000,1,750000,4060,0.54,4130,0.55,-3320,-0.44,174600,43.65
426,空頭出場,2022-06-23 00:20,Trend Rev,15071,1,751750,-1840,-0.24,180,0.02,-1970,-0.26,172760,43.19
426,空頭進場,2022-06-23 00:10,S_Cmd,15035,1,751750,-1840,-0.24,180,0.02,-1970,-0.26,172760,43.19
427,空頭出場,2022-06-23 03:45,Trend Rev,15094,1,754600,-140,-0.02,1230,0.16,-720,-0.10,172620,43.16
427,空頭進場,2022-06-23 03:30,S_Cmd,15092,1,754600,-140,-0.02,1230,0.16,-720,-0.10,172620,43.16
428,空頭出場,2022-06-23 09:15,S_Exit,14927,1,752300,5910,0.79,5980,0.79,-1770,-0.24,178530,44.63
428,空頭進場,2022-06-23 09:05,S_Cmd,15046,1,752300,5910,0.79,5980,0.79,-1770,-0.24,178530,44.63
429,空頭出場,2022-06-23 09:30,S_Exit,15045,1,747850,-4440,-0.59,180,0.02,-4420,-0.59,174090,43.52
429,空頭進場,2022-06-23 09:20,S_Cmd,14957,1,747850,-4440,-0.59,180,0.02,-4420,-0.59,174090,43.52
430,空頭出場,2022-06-23 12:40,S_Exit,14988,1,744100,-5340,-0.72,3930,0.53,-5320,-0.71,168750,42.19
430,空頭進場,2022-06-23 10:20,S_Cmd,14882,1,744100,-5340,-0.72,3930,0.53,-5320,-0.71,168750,42.19
431,空頭出場,2022-06-24 12:55,Trend Rev,15014,1,749050,-1690,-0.23,1080,0.14,-2070,-0.28,167060,41.77
431,空頭進場,2022-06-24 11:50,S_Cmd,14981,1,749050,-1690,-0.23,1080,0.14,-2070,-0.28,167060,41.77
432,多頭出場,2022-06-25 04:50,L_Exit,15200,1,761650,-1690,-0.22,80,0.01,-1670,-0.22,165370,41.34
432,多頭進場,2022-06-25 04:00,L_Cmd,15233,1,761650,-1690,-0.22,80,0.01,-1670,-0.22,165370,41.34
433,多頭出場,2022-06-27 13:30,L_Exit,15267,1,767200,-3890,-0.51,2730,0.36,-3870,-0.50,161480,40.37
433,多頭進場,2022-06-27 10:00,L_Cmd,15344,1,767200,-3890,-0.51,2730,0.36,-3870,-0.50,161480,40.37
434,多頭出場,2022-06-27 23:35,Trend Rev,15248,1,763100,-740,-0.10,480,0.06,-720,-0.09,160740,40.18
434,多頭進場,2022-06-27 23:25,L_Cmd,15262,1,763100,-740,-0.10,480,0.06,-720,-0.09,160740,40.18
435,空頭出場,2022-06-28 15:00,S_Exit,15238,1,758150,-3790,-0.50,3330,0.44,-3770,-0.50,156930,39.23
435,空頭進場,2022-06-28 09:50,S_Cmd,15163,1,758150,-3790,-0.50,3330,0.44,-3770,-0.50,156930,39.23
436,空頭出場,2022-06-28 15:00,S_Exit_Add,15238,1,755650,-6290,-0.83,430,0.06,-6270,-0.83,150660,37.67
436,空頭進場,2022-06-28 10:30,S_Add,15113,1,755650,-6290,-0.83,430,0.06,-6270,-0.83,150660,37.67
437,多頭出場,2022-06-28 22:05,L_Exit,15240,1,763100,-1140,-0.15,1630,0.21,-1120,-0.15,149480,37.37
437,多頭進場,2022-06-28 21:10,L_Cmd,15262,1,763100,-1140,-0.15,1630,0.21,-1120,-0.15,149480,37.37
438,多頭出場,2022-06-28 22:05,L_Exit_Add,15236,1,764100,-2340,-0.31,530,0.07,-2320,-0.30,147160,36.79
438,多頭進場,2022-06-28 21:35,L_Add,15282,1,764100,-2340,-0.31,530,0.07,-2320,-0.30,147160,36.79
439,多頭出場,2022-06-28 22:05,L_Exit_Add,15227,1,764550,-3240,-0.42,80,0.01,-3220,-0.42,143940,35.99
439,多頭進場,2022-06-28 21:40,L_Add,15291,1,764550,-3240,-0.42,80,0.01,-3220,-0.42,143940,35.99
440,空頭出場,2022-06-28 23:35,S_Exit,15133,1,759450,2760,0.36,2830,0.37,-320,-0.04,146680,36.67
440,空頭進場,2022-06-28 23:20,S_Cmd,15189,1,759450,2760,0.36,2830,0.37,-320,-0.04,146680,36.67
441,空頭出場,2022-06-29 00:00,S_Exit_Add,15069,1,757400,3910,0.52,3980,0.53,-920,-0.12,150590,37.65
441,空頭進場,2022-06-28 23:30,S_Add,15148,1,757400,3910,0.52,3980,0.53,-920,-0.12,150590,37.65
442,空頭出場,2022-06-29 03:05,S_Exit_Add,15050,1,755400,2860,0.38,2980,0.39,-870,-0.12,153430,38.36
442,空頭進場,2022-06-28 23:55,S_Add,15108,1,755400,2860,0.38,2980,0.39,-870,-0.12,153430,38.36
443,空頭出場,2022-06-29 08:45,S_Exit_Add,15007,1,753650,3260,0.43,3330,0.44,-2620,-0.35,156710,39.18
443,空頭進場,2022-06-29 00:05,S_Add,15073,1,753650,3260,0.43,3330,0.44,-2620,-0.35,156710,39.18
444,空頭出場,2022-06-29 08:50,S_Exit_Add,15007,1,752450,2060,0.27,2130,0.28,-1320,-0.18,158790,39.70
444,空頭進場,2022-06-29 03:05,S_Add,15049,1,752450,2060,0.27,2130,0.28,-1320,-0.18,158790,39.70
445,空頭出場,2022-06-29 09:25,S_Exit_Add,15070,1,750350,-3190,-0.43,1330,0.18,-3170,-0.42,155600,38.90
445,空頭進場,2022-06-29 08:50,S_Add,15007,1,750350,-3190,-0.43,1330,0.18,-3170,-0.42,155600,38.90
446,空頭出場,2022-06-29 15:00,S_Exit,14936,1,751450,4610,0.61,4680,0.62,-1820,-0.24,160210,40.05
446,空頭進場,2022-06-29 11:10,S_Cmd,15029,1,751450,4610,0.61,4680,0.62,-1820,-0.24,160210,40.05
447,空頭出場,2022-06-30 09:15,S_Exit,14765,1,741900,3610,0.49,3680,0.50,-570,-0.08,163820,40.96
447,空頭進場,2022-06-30 09:05,S_Cmd,14838,1,741900,3610,0.49,3680,0.50,-570,-0.08,163820,40.96
448,空頭出場,2022-06-30 09:50,S_Exit,14689,1,738350,3860,0.52,3930,0.53,-1320,-0.18,167660,41.92
448,空頭進場,2022-06-30 09:20,S_Cmd,14767,1,738350,3860,0.52,3930,0.53,-1320,-0.18,167660,41.92
449,空頭出場,2022-06-30 11:40,S_Exit_Add,14635,1,735800,4010,0.54,4080,0.55,-1720,-0.23,171670,42.92
449,空頭進場,2022-06-30 09:45,S_Add,14716,1,735800,4010,0.54,4080,0.55,-1720,-0.23,171670,42.92
450,空頭出場,2022-06-30 15:00,S_Exit_Add,14568,1,732650,4210,0.57,4280,0.58,-2220,-0.30,175900,43.97
450,空頭進場,2022-06-30 11:35,S_Add,14653,1,732650,4210,0.57,4280,0.58,-2220,-0.30,175900,43.97
451,空頭出場,2022-06-30 22:55,S_Exit,14520,1,722900,-3140,-0.43,330,0.05,-3120,-0.43,172760,43.19
451,空頭進場,2022-06-30 22:05,S_Cmd,14458,1,722900,-3140,-0.43,330,0.05,-3120,-0.43,172760,43.19
452,空頭出場,2022-07-01 03:25,S_Exit,14642,1,729150,-2990,-0.41,330,0.05,-2970,-0.41,169770,42.44
452,空頭進場,2022-07-01 03:10,S_Cmd,14583,1,729150,-2990,-0.41,330,0.05,-2970,-0.41,169770,42.44
453,空頭出場,2022-07-01 09:20,S_BE,14589,1,729450,-40,-0.01,3830,0.53,-170,-0.02,169710,42.43
453,空頭進場,2022-07-01 09:05,S_Cmd,14589,1,729450,-40,-0.01,3830,0.53,-170,-0.02,169710,42.43
454,空頭出場,2022-07-01 10:35,S_Exit_Add,14407,1,726500,6110,0.84,6180,0.85,-4570,-0.63,175800,43.95
454,空頭進場,2022-07-01 09:10,S_Add,14530,1,726500,6110,0.84,6180,0.85,-4570,-0.63,175800,43.95
455,空頭出場,2022-07-01 10:50,S_Exit_Add,14329,1,723500,7010,0.97,7080,0.98,-720,-0.10,182790,45.70
455,空頭進場,2022-07-01 10:25,S_Add,14470,1,723500,7010,0.97,7080,0.98,-720,-0.10,182790,45.70
456,空頭出場,2022-07-01 10:50,S_Exit_G,14329,1,721200,4710,0.65,4780,0.66,-520,-0.07,187520,46.88
456,空頭進場,2022-07-01 10:35,S_Add,14424,1,721200,4710,0.65,4780,0.66,-520,-0.07,187520,46.88
457,空頭出場,2022-07-01 11:05,S_Exit_Add,14299,1,719400,4410,0.61,4480,0.62,-770,-0.11,191950,47.99
457,空頭進場,2022-07-01 10:45,S_Add,14388,1,719400,4410,0.61,4480,0.62,-770,-0.11,191950,47.99
458,空頭出場,2022-07-01 11:40,S_Exit_Add,14227,1,718700,7310,1.02,7380,1.03,-120,-0.02,199240,49.81
458,空頭進場,2022-07-01 10:50,S_G_進,14374,1,718700,7310,1.02,7380,1.03,-120,-0.02,199240,49.81
459,空頭出場,2022-07-01 13:10,S_Exit_Add,14183,1,715250,6060,0.85,6130,0.86,-770,-0.11,205280,51.32
459,空頭進場,2022-07-01 11:10,S_Add,14305,1,715250,6060,0.85,6130,0.86,-770,-0.11,205280,51.32
460,空頭出場,2022-07-01 13:10,S_Exit_G,14183,1,714150,4960,0.69,5030,0.70,-1870,-0.26,210260,52.57
460,空頭進場,2022-07-01 11:20,S_Add,14283,1,714150,4960,0.69,5030,0.70,-1870,-0.26,210260,52.57
461,空頭出場,2022-07-01 13:15,S_Exit_Add,14153,1,711950,4260,0.60,4330,0.61,-4070,-0.57,214540,53.64
461,空頭進場,2022-07-01 11:45,S_Add,14239,1,711950,4260,0.60,4330,0.61,-4070,-0.57,214540,53.64
462,空頭出場,2022-07-01 13:20,S_Exit_Add,14133,1,710900,4210,0.59,4280,0.60,-920,-0.13,218750,54.69
462,空頭進場,2022-07-01 12:55,S_G_進,14218,1,710900,4210,0.59,4280,0.60,-920,-0.13,218750,54.69
463,空頭出場,2022-07-01 21:50,Trend Rev,14301,1,708250,-6840,-0.97,1830,0.26,-7570,-1.07,211930,52.98
463,空頭進場,2022-07-01 13:20,S_Add,14165,1,708250,-6840,-0.97,1830,0.26,-7570,-1.07,211930,52.98
464,空頭出場,2022-07-02 02:20,S_Exit,14267,1,709950,-3440,-0.48,1680,0.24,-3420,-0.48,208490,52.12
464,空頭進場,2022-07-01 22:30,S_Cmd,14199,1,709950,-3440,-0.48,1680,0.24,-3420,-0.48,208490,52.12
465,空頭出場,2022-07-04 09:00,S_Exit,14248,1,710050,-2390,-0.34,1380,0.19,-2370,-0.33,206100,51.53
465,空頭進場,2022-07-04 08:50,S_Cmd,14201,1,710050,-2390,-0.34,1380,0.19,-2370,-0.33,206100,51.53
466,空頭出場,2022-07-04 09:45,S_Exit,14246,1,707700,-4640,-0.66,3030,0.43,-4620,-0.65,201460,50.37
466,空頭進場,2022-07-04 09:10,S_Cmd,14154,1,707700,-4640,-0.66,3030,0.43,-4620,-0.65,201460,50.37
467,空頭出場,2022-07-04 17:35,Trend Rev,14171,1,704050,-4540,-0.64,2780,0.39,-6120,-0.87,196920,49.23
467,空頭進場,2022-07-04 10:45,S_Cmd,14081,1,704050,-4540,-0.64,2780,0.39,-6120,-0.87,196920,49.23
468,空頭出場,2022-07-04 23:05,Trend Rev,14192,1,708350,-1290,-0.18,130,0.02,-1270,-0.18,195630,48.91
468,空頭進場,2022-07-04 22:15,S_Cmd,14167,1,708350,-1290,-0.18,130,0.02,-1270,-0.18,195630,48.91
469,空頭出場,2022-07-05 10:25,S_Exit,14084,1,710700,6460,0.91,6530,0.92,-670,-0.09,202070,50.52
469,空頭進場,2022-07-05 10:10,S_Cmd,14214,1,710700,6460,0.91,6530,0.92,-670,-0.09,202070,50.52
470,空頭出場,2022-07-05 10:30,S_Exit_Add,14036,1,707300,5460,0.77,5530,0.78,-370,-0.05,207550,51.89
470,空頭進場,2022-07-05 10:25,S_Add,14146,1,707300,5460,0.77,5530,0.78,-370,-0.05,207550,51.89
471,空頭出場,2022-07-05 12:10,S_Exit,14121,1,700350,-5740,-0.82,1580,0.23,-5720,-0.82,201810,50.45
471,空頭進場,2022-07-05 11:00,S_Cmd,14007,1,700350,-5740,-0.82,1580,0.23,-5720,-0.82,201810,50.45
472,空頭出場,2022-07-06 10:40,S_Exit,14014,1,705850,5110,0.72,5180,0.73,-2120,-0.30,206900,51.73
472,空頭進場,2022-07-06 09:20,S_Cmd,14117,1,705850,5110,0.72,5180,0.73,-2120,-0.30,206900,51.73
473,空頭出場,2022-07-06 11:25,S_Exit_Add,13939,1,702600,5610,0.80,5680,0.81,-1370,-0.19,212510,53.13
473,空頭進場,2022-07-06 10:20,S_Add,14052,1,702600,5610,0.80,5680,0.81,-1370,-0.19,212510,53.13
474,空頭出場,2022-07-06 13:05,S_Exit_Add,13889,1,699450,4960,0.71,5080,0.73,-2970,-0.42,217470,54.37
474,空頭進場,2022-07-06 10:55,S_Add,13989,1,699450,4960,0.71,5080,0.73,-2970,-0.42,217470,54.37
475,空頭出場,2022-07-07 00:35,Trend Rev,13949,1,695950,-1540,-0.22,2930,0.42,-2720,-0.39,215930,53.98
475,空頭進場,2022-07-06 13:00,S_Add,13919,1,695950,-1540,-0.22,2930,0.42,-2720,-0.39,215930,53.98
476,空頭出場,2022-07-07 00:35,Trend Rev,13949,1,694450,-3040,-0.44,1430,0.21,-4220,-0.61,212910,53.23
476,空頭進場,2022-07-06 13:05,S_Add,13889,1,694450,-3040,-0.44,1430,0.21,-4220,-0.61,212910,53.23
477,空頭出場,2022-07-07 09:20,S_Exit,13831,1,697550,5960,0.85,6030,0.86,-870,-0.12,218870,54.72
477,空頭進場,2022-07-07 09:15,S_Cmd,13951,1,697550,5960,0.85,6030,0.86,-870,-0.12,218870,54.72
478,多頭出場,2022-07-08 09:30,L_Exit,14457,1,718850,3960,0.55,4030,0.56,-2420,-0.34,222790,55.70
478,多頭進場,2022-07-07 22:50,L_Cmd,14377,1,718850,3960,0.55,4030,0.56,-2420,-0.34,222790,55.70
479,多頭出場,2022-07-08 10:55,L_Exit_Add,14339,1,720850,-3940,-0.55,3380,0.47,-3920,-0.54,218850,54.71
479,多頭進場,2022-07-08 09:20,L_Add,14417,1,720850,-3940,-0.55,3380,0.47,-3920,-0.54,218850,54.71
480,多頭出場,2022-07-08 11:00,Trend Rev,14340,1,722900,-5940,-0.82,1330,0.18,-6720,-0.93,212930,53.23
480,多頭進場,2022-07-08 09:30,L_Add,14458,1,722900,-5940,-0.82,1330,0.18,-6720,-0.93,212930,53.23
481,多頭出場,2022-07-08 11:00,Trend Rev,14340,1,724100,-7140,-0.99,0,0.00,-7920,-1.09,205810,51.45
481,多頭進場,2022-07-08 10:05,L_Add,14482,1,724100,-7140,-0.99,0,0.00,-7920,-1.09,205810,51.45
482,多頭出場,2022-07-08 13:25,Trend Rev,14357,1,719850,-2040,-0.28,630,0.09,-2070,-0.29,203770,50.94
482,多頭進場,2022-07-08 13:00,L_Cmd,14397,1,719850,-2040,-0.28,630,0.09,-2070,-0.29,203770,50.94
483,多頭出場,2022-07-11 09:05,Trend Rev,14410,1,722750,-2290,-0.32,2030,0.28,-3220,-0.45,201480,50.37
483,多頭進場,2022-07-08 23:10,L_Cmd,14455,1,722750,-2290,-0.32,2030,0.28,-3220,-0.45,201480,50.37
484,空頭出場,2022-07-11 21:35,S_Exit,14187,1,715100,5710,0.80,5780,0.81,-2170,-0.30,207170,51.79
484,空頭進場,2022-07-11 09:55,S_Cmd,14302,1,715100,5710,0.80,5780,0.81,-2170,-0.30,207170,51.79
485,空頭出場,2022-07-12 01:35,Trend Rev,14254,1,711600,-1140,-0.16,4180,0.59,-5670,-0.80,206050,51.51
485,空頭進場,2022-07-11 11:15,S_Add,14232,1,711600,-1140,-0.16,4180,0.59,-5670,-0.80,206050,51.51
486,空頭出場,2022-07-12 08:45,S_Exit,14128,1,710000,3560,0.50,3630,0.51,-770,-0.11,209610,52.40
486,空頭進場,2022-07-12 03:25,S_Cmd,14200,1,710000,3560,0.50,3630,0.51,-770,-0.11,209610,52.40
487,空頭出場,2022-07-12 09:00,S_Exit,14068,1,706450,3010,0.43,3080,0.44,-320,-0.05,212620,53.15
487,空頭進場,2022-07-12 08:50,S_Cmd,14129,1,706450,3010,0.43,3080,0.44,-320,-0.05,212620,53.15
488,空頭出場,2022-07-12 11:05,S_Exit,13851,1,697450,4860,0.70,4930,0.71,-1570,-0.23,217460,54.36
488,空頭進場,2022-07-12 09:55,S_Cmd,13949,1,697450,4860,0.70,4930,0.71,-1570,-0.23,217460,54.36
489,空頭出場,2022-07-12 19:10,Trend Rev,14003,1,694150,-6040,-0.87,1630,0.23,-6220,-0.90,211440,52.86
489,空頭進場,2022-07-12 10:55,S_Add,13883,1,694150,-6040,-0.87,1630,0.23,-6220,-0.90,211440,52.86
490,多頭出場,2022-07-13 13:30,L_Exit,14264,1,716850,-3690,-0.51,930,0.13,-3670,-0.51,207750,51.94
490,多頭進場,2022-07-13 11:25,L_Cmd,14337,1,716850,-3690,-0.51,930,0.13,-3670,-0.51,207750,51.94
491,多頭出場,2022-07-14 08:45,L_Exit,14211,1,715050,-4540,-0.63,3730,0.52,-4520,-0.63,203210,50.80
491,多頭進場,2022-07-13 23:10,L_Cmd,14301,1,715050,-4540,-0.63,3730,0.52,-4520,-0.63,203210,50.80
492,多頭出場,2022-07-14 16:40,L_Exit,14364,1,721450,-3290,-0.46,880,0.12,-3270,-0.45,199920,49.98
492,多頭進場,2022-07-14 13:35,L_Cmd,14429,1,721450,-3290,-0.46,880,0.12,-3270,-0.45,199920,49.98
493,多頭出場,2022-07-15 00:50,Trend Rev,14338,1,717300,-440,-0.06,2330,0.32,-820,-0.11,199480,49.87
493,多頭進場,2022-07-14 23:20,L_Cmd,14346,1,717300,-440,-0.06,2330,0.32,-820,-0.11,199480,49.87
494,多頭出場,2022-07-15 08:45,L_Exit,14420,1,723500,-2540,-0.35,180,0.02,-2520,-0.35,196940,49.24
494,多頭進場,2022-07-15 03:30,L_Cmd,14470,1,723500,-2540,-0.35,180,0.02,-2520,-0.35,196940,49.24
495,多頭出場,2022-07-15 15:05,Trend Rev,14429,1,724350,-2940,-0.41,2730,0.38,-3870,-0.53,194000,48.50
495,多頭進場,2022-07-15 10:10,L_Cmd,14487,1,724350,-2940,-0.41,2730,0.38,-3870,-0.53,194000,48.50
496,多頭出場,2022-07-18 09:25,L_Exit,14651,1,727350,5160,0.71,5230,0.72,-1470,-0.20,199100,49.78
496,多頭進場,2022-07-15 22:30,L_Cmd,14547,1,727350,5160,0.71,5230,0.72,-1470,-0.20,199100,49.78
497,多頭出場,2022-07-18 09:25,L_Exit_Add,14651,1,729450,3060,0.42,3130,0.43,-520,-0.07,202180,50.54
497,多頭進場,2022-07-18 09:05,L_Add,14589,1,729450,3060,0.42,3130,0.43,-520,-0.07,202180,50.54
498,多頭出場,2022-07-18 09:25,L_Exit_G,14651,1,730650,1860,0.25,1930,0.26,-1320,-0.18,204060,51.02
498,多頭進場,2022-07-18 09:10,L_Add,14613,1,730650,1860,0.25,1930,0.26,-1320,-0.18,204060,51.02
499,多頭出場,2022-07-18 15:35,L_Exit_Add,14687,1,731750,2560,0.35,2630,0.36,-3070,-0.42,206640,51.66
499,多頭進場,2022-07-18 09:20,L_G_進,14635,1,731750,2560,0.35,2630,0.36,-3070,-0.42,206640,51.66
500,多頭出場,2022-07-18 22:00,L_Exit,14669,1,734600,-1190,-0.16,1180,0.16,-1170,-0.16,205450,51.36
500,多頭進場,2022-07-18 21:30,L_Cmd,14692,1,734600,-1190,-0.16,1180,0.16,-1170,-0.16,205450,51.36
501,多頭出場,2022-07-19 15:00,L_Exit_Add,14520,1,730950,-4990,-0.68,3880,0.53,-4970,-0.68,200420,50.11
501,多頭進場,2022-07-19 09:20,L_Cmd,14619,1,730950,-4990,-0.68,3880,0.53,-4970,-0.68,200420,50.11
502,多頭出場,2022-07-19 15:00,L_Exit,14520,1,733650,-7690,-1.05,1180,0.16,-7670,-1.05,192750,48.19
502,多頭進場,2022-07-19 09:30,L_Add,14673,1,733650,-7690,-1.05,1180,0.16,-7670,-1.05,192750,48.19
503,多頭出場,2022-07-19 15:00,L_Exit_Add,14520,1,734350,-8390,-1.14,330,0.04,-8370,-1.14,184380,46.10
503,多頭進場,2022-07-19 09:50,L_Add,14687,1,734350,-8390,-1.14,330,0.04,-8370,-1.14,184380,46.10
504,多頭出場,2022-07-19 22:30,L_Exit,14631,1,729650,1860,0.25,1930,0.26,-170,-0.02,186200,46.55
504,多頭進場,2022-07-19 21:55,L_Cmd,14593,1,729650,1860,0.25,1930,0.26,-170,-0.02,186200,46.55
505,多頭出場,2022-07-20 00:30,L_Exit_Add,14649,1,730650,1760,0.24,1830,0.25,-20,0.00,187940,46.99
505,多頭進場,2022-07-19 22:25,L_Add,14613,1,730650,1760,0.24,1830,0.25,-20,0.00,187940,46.99
506,多頭出場,2022-07-20 01:50,L_Exit_G,14659,1,731350,1560,0.21,1630,0.22,-270,-0.04,189520,47.38
506,多頭進場,2022-07-19 22:30,L_Add,14627,1,731350,1560,0.21,1630,0.22,-270,-0.04,189520,47.38
507,多頭出場,2022-07-20 01:55,L_Exit_Add,14663,1,732150,960,0.13,1030,0.14,-1070,-0.15,190500,47.63
507,多頭進場,2022-07-19 22:50,L_Add,14643,1,732150,960,0.13,1030,0.14,-1070,-0.15,190500,47.63
508,多頭出場,2022-07-20 03:05,L_Exit_Add,14673,1,732300,1310,0.18,1580,0.22,-1220,-0.17,191810,47.95
508,多頭進場,2022-07-19 23:10,L_G_進,14646,1,732300,1310,0.18,1580,0.22,-1220,-0.17,191810,47.95
509,多頭出場,2022-07-20 08:45,L_Exit_Add,14717,1,733650,2160,0.29,2230,0.30,-320,-0.04,193990,48.50
509,多頭進場,2022-07-20 03:05,L_Add,14673,1,733650,2160,0.29,2230,0.30,-320,-0.04,193990,48.50
510,多頭出場,2022-07-20 09:20,L_Exit,14692,1,735850,-1290,-0.18,1080,0.15,-1270,-0.17,192700,48.18
510,多頭進場,2022-07-20 08:50,L_Cmd,14717,1,735850,-1290,-0.18,1080,0.15,-1270,-0.17,192700,48.18
511,多頭出場,2022-07-20 12:25,Trend Rev,14653,1,735150,-2540,-0.35,880,0.12,-2670,-0.36,190160,47.54
511,多頭進場,2022-07-20 10:35,L_Cmd,14703,1,735150,-2540,-0.35,880,0.12,-2670,-0.36,190160,47.54
512,多頭出場,2022-07-21 00:45,Trend Rev,14598,1,729700,160,0.02,2430,0.33,-270,-0.04,190300,47.58
512,多頭進場,2022-07-20 22:30,L_Cmd,14594,1,729700,160,0.02,2430,0.33,-270,-0.04,190300,47.58
513,多頭出場,2022-07-21 00:45,Trend Rev,14598,1,731400,-1540,-0.21,730,0.10,-1870,-0.26,188780,47.20
513,多頭進場,2022-07-20 22:55,L_Add,14628,1,731400,-1540,-0.21,730,0.10,-1870,-0.26,188780,47.20
514,多頭出場,2022-07-21 08:45,Trend Rev,14596,1,731550,-1790,-0.24,330,0.05,-1770,-0.24,186990,46.75
514,多頭進場,2022-07-21 03:05,L_Cmd,14631,1,731550,-1790,-0.24,330,0.05,-1770,-0.24,186990,46.75
515,多頭出場,2022-07-21 09:20,L_Exit,14607,1,732250,-1940,-0.26,1280,0.17,-1920,-0.26,185050,46.26
515,多頭進場,2022-07-21 08:55,L_Cmd,14645,1,732250,-1940,-0.26,1280,0.17,-1920,-0.26,185050,46.26
516,多頭出場,2022-07-21 16:20,L_G_Cut,14723,1,733700,2410,0.33,4830,0.66,-470,-0.06,187400,46.85
516,多頭進場,2022-07-21 11:15,L_Cmd,14674,1,733700,2410,0.33,4830,0.66,-470,-0.06,187400,46.85
517,多頭出場,2022-07-21 20:45,L_Exit,14786,1,736650,2610,0.35,2680,0.36,-1120,-0.15,190030,47.51
517,多頭進場,2022-07-21 13:10,L_Add,14733,1,736650,2610,0.35,2680,0.36,-1120,-0.15,190030,47.51
518,多頭出場,2022-07-21 22:30,Trend Rev,14705,1,737400,-2190,-0.30,1930,0.26,-2770,-0.38,187860,46.97
518,多頭進場,2022-07-21 13:15,L_Add,14748,1,737400,-2190,-0.30,1930,0.26,-2770,-0.38,187860,46.97
519,多頭出場,2022-07-21 22:30,Trend Rev,14705,1,738400,-3190,-0.43,930,0.13,-3770,-0.51,184690,46.17
519,多頭進場,2022-07-21 13:30,L_G_進,14768,1,738400,-3190,-0.43,930,0.13,-3770,-0.51,184690,46.17
520,多頭出場,2022-07-22 03:40,L_Exit_Add,14829,1,737700,3710,0.50,3780,0.51,-620,-0.08,188340,47.09
520,多頭進場,2022-07-21 23:35,L_Cmd,14754,1,737700,3710,0.50,3780,0.51,-620,-0.08,188340,47.09
521,多頭出場,2022-07-22 03:50,L_Exit,14850,1,739650,2810,0.38,2880,0.39,-1470,-0.20,191170,47.79
521,多頭進場,2022-07-22 00:30,L_Add,14793,1,739650,2810,0.38,2880,0.39,-1470,-0.20,191170,47.79
522,多頭出場,2022-07-22 03:50,L_Exit_Add,14850,1,740550,1910,0.26,1980,0.27,-470,-0.06,193100,48.28
522,多頭進場,2022-07-22 03:10,L_Add,14811,1,740550,1910,0.26,1980,0.27,-470,-0.06,193100,48.28
523,多頭出場,2022-07-22 03:50,L_Exit_G,14850,1,741200,1260,0.17,1330,0.18,-120,-0.02,194380,48.60
523,多頭進場,2022-07-22 03:35,L_G_進,14824,1,741200,1260,0.17,1330,0.18,-120,-0.02,194380,48.60
524,多頭出場,2022-07-22 09:50,L_Exit,14781,1,742000,-2990,-0.40,80,0.01,-2970,-0.40,191390,47.85
524,多頭進場,2022-07-22 09:45,L_Cmd,14840,1,742000,-2990,-0.40,80,0.01,-2970,-0.40,191390,47.85
525,多頭出場,2022-07-22 12:20,Trend Rev,14771,1,739150,-640,-0.09,80,0.01,-1070,-0.14,190750,47.69
525,多頭進場,2022-07-22 12:00,L_Cmd,14783,1,739150,-640,-0.09,80,0.01,-1070,-0.14,190750,47.69
526,多頭出場,2022-07-22 21:55,L_Exit,14801,1,741450,-1440,-0.19,830,0.11,-1420,-0.19,189310,47.33
526,多頭進場,2022-07-22 21:40,L_Cmd,14829,1,741450,-1440,-0.19,830,0.11,-1420,-0.19,189310,47.33
527,多頭出場,2022-07-25 09:25,Trend Rev,14742,1,738650,-1590,-0.22,180,0.02,-1620,-0.22,187720,46.93
527,多頭進場,2022-07-25 09:20,L_Cmd,14773,1,738650,-1590,-0.22,180,0.02,-1620,-0.22,187720,46.93
528,多頭出場,2022-07-25 21:35,Trend Rev,14796,1,740000,-240,-0.03,2480,0.34,-920,-0.12,187480,46.87
528,多頭進場,2022-07-25 10:55,L_Cmd,14800,1,740000,-240,-0.03,2480,0.34,-920,-0.12,187480,46.87
529,多頭出場,2022-07-26 00:15,Trend Rev,14796,1,740750,-990,-0.13,0,0.00,-1220,-0.16,186490,46.62
529,多頭進場,2022-07-26 00:05,L_Cmd,14815,1,740750,-990,-0.13,0,0.00,-1220,-0.16,186490,46.62
530,多頭出場,2022-07-26 08:45,L_Exit,14758,1,740250,-2390,-0.32,880,0.12,-2370,-0.32,184100,46.03
530,多頭進場,2022-07-26 03:55,L_Cmd,14805,1,740250,-2390,-0.32,880,0.12,-2370,-0.32,184100,46.03
531,空頭出場,2022-07-26 23:50,S_Exit,14588,1,731850,2410,0.33,2480,0.34,-770,-0.11,186490,46.62
531,空頭進場,2022-07-26 22:25,S_Cmd,14637,1,731850,2410,0.33,2480,0.34,-770,-0.11,186490,46.62
532,空頭出場,2022-07-27 04:50,Trend Rev,14635,1,730250,-1540,-0.21,1130,0.15,-1770,-0.24,184970,46.24
532,空頭進場,2022-07-26 23:40,S_Add,14605,1,730250,-1540,-0.21,1130,0.15,-1770,-0.24,184970,46.24
533,空頭出場,2022-07-27 10:50,Trend Rev,14656,1,731150,-1690,-0.23,330,0.05,-1770,-0.24,183280,45.82
533,空頭進場,2022-07-27 10:35,S_Cmd,14623,1,731150,-1690,-0.23,330,0.05,-1770,-0.24,183280,45.82
534,多頭出場,2022-07-27 21:35,L_G_Cut,14783,1,736200,2910,0.40,4280,0.58,-420,-0.06,186130,46.53
534,多頭進場,2022-07-27 11:50,L_Cmd,14724,1,736200,2910,0.40,4280,0.58,-420,-0.06,186130,46.53
535,多頭出場,2022-07-27 21:55,L_Exit,14825,1,738900,2310,0.31,2380,0.32,-720,-0.10,188460,47.12
535,多頭進場,2022-07-27 12:45,L_Add,14778,1,738900,2310,0.31,2380,0.32,-720,-0.10,188460,47.12
536,多頭出場,2022-07-27 22:15,L_Exit_Add,14838,1,739900,1960,0.26,2030,0.27,-1270,-0.17,190440,47.61
536,多頭進場,2022-07-27 13:30,L_Add,14798,1,739900,1960,0.26,2030,0.27,-1270,-0.17,190440,47.61
537,多頭出場,2022-07-28 02:40,L_Exit_Add,14873,1,740200,3410,0.46,3480,0.47,-1170,-0.16,193870,48.47
537,多頭進場,2022-07-27 21:15,L_G_進,14804,1,740200,3410,0.46,3480,0.47,-1170,-0.16,193870,48.47
538,多頭出場,2022-07-28 09:05,L_Exit,14881,1,747250,-3240,-0.43,1130,0.15,-3220,-0.43,190630,47.66
538,多頭進場,2022-07-28 03:05,L_Cmd,14945,1,747250,-3240,-0.43,1130,0.15,-3220,-0.43,190630,47.66
539,多頭出場,2022-07-29 03:05,L_Exit_Add,14919,1,741950,3960,0.53,4030,0.54,-720,-0.10,194550,48.64
539,多頭進場,2022-07-28 23:15,L_Cmd,14839,1,741950,3960,0.53,4030,0.54,-720,-0.10,194550,48.64
540,多頭出場,2022-07-29 04:00,L_Exit,14924,1,743900,2260,0.30,2330,0.31,-770,-0.10,196830,49.21
540,多頭進場,2022-07-29 00:30,L_Add,14878,1,743900,2260,0.30,2330,0.31,-770,-0.10,196830,49.21
541,多頭出場,2022-07-29 08:45,L_Exit_Add,14951,1,745700,1810,0.24,1880,0.25,-870,-0.12,198660,49.67
541,多頭進場,2022-07-29 03:05,L_Add,14914,1,745700,1810,0.24,1880,0.25,-870,-0.12,198660,49.67
542,多頭出場,2022-07-29 09:05,L_BE,14951,1,747550,-40,-0.01,1930,0.26,-70,-0.01,198600,49.65
542,多頭進場,2022-07-29 08:50,L_Cmd,14951,1,747550,-40,-0.01,1930,0.26,-70,-0.01,198600,49.65
543,多頭出場,2022-07-29 09:25,L_Exit_Add,14913,1,748700,-3090,-0.41,780,0.10,-3070,-0.41,195530,48.88
543,多頭進場,2022-07-29 08:55,L_Add,14974,1,748700,-3090,-0.41,780,0.10,-3070,-0.41,195530,48.88
544,多頭出場,2022-07-29 23:00,Trend Rev,14914,1,747000,-1340,-0.18,80,0.01,-1370,-0.18,194190,48.55
544,多頭進場,2022-07-29 22:45,L_Cmd,14940,1,747000,-1340,-0.18,80,0.01,-1370,-0.18,194190,48.55
545,多頭出場,2022-07-30 00:10,Trend Rev,14911,1,746100,-590,-0.08,530,0.07,-670,-0.09,193600,48.40
545,多頭進場,2022-07-29 23:55,L_Cmd,14922,1,746100,-590,-0.08,530,0.07,-670,-0.09,193600,48.40
546,多頭出場,2022-08-01 08:45,L_Exit,14922,1,748800,-2740,-0.37,1080,0.14,-2720,-0.36,190840,47.71
546,多頭進場,2022-07-30 03:30,L_Cmd,14976,1,748800,-2740,-0.37,1080,0.14,-2720,-0.36,190840,47.71
547,多頭出場,2022-08-01 08:45,L_Exit_Add,14922,1,749800,-3740,-0.50,0,0.00,-3720,-0.50,187120,46.78
547,多頭進場,2022-07-30 04:00,L_Add,14996,1,749800,-3740,-0.50,0,0.00,-3720,-0.50,187120,46.78
548,空頭出場,2022-08-03 08:45,S_Exit,14595,1,732800,3010,0.41,3080,0.42,-70,-0.01,190110,47.53
548,空頭進場,2022-08-03 03:55,S_Cmd,14656,1,732800,3010,0.41,3080,0.42,-70,-0.01,190110,47.53
549,空頭出場,2022-08-03 08:55,S_Exit_Add,14685,1,731200,-3090,-0.42,1480,0.20,-3070,-0.42,187040,46.76
549,空頭進場,2022-08-03 04:30,S_Add,14624,1,731200,-3090,-0.42,1480,0.20,-3070,-0.42,187040,46.76
550,空頭出場,2022-08-03 23:35,S_Exit,14673,1,731850,-1840,-0.25,1580,0.22,-1820,-0.25,185200,46.30
550,空頭進場,2022-08-03 22:20,S_Cmd,14637,1,731850,-1840,-0.25,1580,0.22,-1820,-0.25,185200,46.30
551,空頭出場,2022-08-04 04:40,Trend Rev,14695,1,734600,-190,-0.03,330,0.04,-170,-0.02,185010,46.25
551,空頭進場,2022-08-04 04:25,S_Cmd,14692,1,734600,-190,-0.03,330,0.04,-170,-0.02,185010,46.25
552,空頭出場,2022-08-04 08:55,S_Exit,14686,1,732850,-1490,-0.20,630,0.09,-1470,-0.20,183520,45.88
552,空頭進場,2022-08-04 08:50,S_Cmd,14657,1,732850,-1490,-0.20,630,0.09,-1470,-0.20,183520,45.88
553,空頭出場,2022-08-04 11:45,S_Exit,14462,1,727500,4360,0.60,4430,0.61,-370,-0.05,187860,46.97
553,空頭進場,2022-08-04 11:35,S_Cmd,14550,1,727500,4360,0.60,4430,0.61,-370,-0.05,187860,46.97
554,空頭出場,2022-08-04 12:15,S_Exit_Add,14608,1,725000,-5440,-0.75,1930,0.27,-5420,-0.75,182440,45.61
554,空頭進場,2022-08-04 11:45,S_Add,14500,1,725000,-5440,-0.75,1930,0.27,-5420,-0.75,182440,45.61
555,空頭出場,2022-08-04 22:50,Trend Rev,14710,1,734700,-840,-0.11,180,0.02,-1120,-0.15,181600,45.40
555,空頭進場,2022-08-04 22:40,S_Cmd,14694,1,734700,-840,-0.11,180,0.02,-1120,-0.15,181600,45.40
556,多頭出場,2022-08-05 19:05,L_Exit_Add,14960,1,748800,-840,-0.11,2180,0.29,-1070,-0.14,180740,45.18
556,多頭進場,2022-08-05 10:35,L_Cmd,14976,1,748800,-840,-0.11,2180,0.29,-1070,-0.14,180740,45.18
557,多頭出場,2022-08-05 20:35,Trend Rev,14938,1,750800,-3940,-0.52,130,0.02,-4420,-0.59,176820,44.21
557,多頭進場,2022-08-05 13:00,L_Add,15016,1,750800,-3940,-0.52,130,0.02,-4420,-0.59,176820,44.21
558,多頭出場,2022-08-05 23:25,Trend Rev,14947,1,748950,-1640,-0.22,780,0.10,-1770,-0.24,175180,43.80
558,多頭進場,2022-08-05 22:10,L_Cmd,14979,1,748950,-1640,-0.22,780,0.10,-1770,-0.24,175180,43.80
559,多頭出場,2022-08-06 04:10,L_Exit,14957,1,748950,-1140,-0.15,0,0.00,-1120,-0.15,174040,43.51
559,多頭進場,2022-08-06 04:00,L_Cmd,14979,1,748950,-1140,-0.15,0,0.00,-1120,-0.15,174040,43.51
560,多頭出場,2022-08-08 10:50,Trend Rev,14937,1,747650,-840,-0.11,330,0.04,-820,-0.11,173200,43.30
560,多頭進場,2022-08-08 10:35,L_Cmd,14953,1,747650,-840,-0.11,330,0.04,-820,-0.11,173200,43.30
561,多頭出場,2022-08-08 12:00,Trend Rev,14945,1,748500,-1290,-0.17,280,0.04,-1320,-0.18,171910,42.98
561,多頭進場,2022-08-08 11:20,L_Cmd,14970,1,748500,-1290,-0.17,280,0.04,-1320,-0.18,171910,42.98
562,多頭出場,2022-08-08 22:30,Trend Rev,14943,1,747700,-590,-0.08,780,0.10,-720,-0.10,171320,42.83
562,多頭進場,2022-08-08 21:40,L_Cmd,14954,1,747700,-590,-0.08,780,0.10,-720,-0.10,171320,42.83
563,多頭出場,2022-08-09 09:25,Trend Rev,14900,1,745900,-940,-0.13,530,0.07,-1370,-0.18,170380,42.60
563,多頭進場,2022-08-09 09:05,L_Cmd,14918,1,745900,-940,-0.13,530,0.07,-1370,-0.18,170380,42.60
564,多頭出場,2022-08-09 11:15,L_Exit,15026,1,746100,5160,0.69,5230,0.70,-670,-0.09,175500,43.88
564,多頭進場,2022-08-09 10:10,L_Cmd,14922,1,746100,5160,0.69,5230,0.70,-670,-0.09,175500,43.88
565,多頭出場,2022-08-09 11:20,L_Exit_Add,15053,1,748250,4360,0.58,4430,0.59,-70,-0.01,179860,44.97
565,多頭進場,2022-08-09 11:10,L_Add,14965,1,748250,4360,0.58,4430,0.59,-70,-0.01,179860,44.97
566,多頭出場,2022-08-09 18:45,Trend Rev,14981,1,750000,-990,-0.13,3280,0.44,-1020,-0.14,178870,44.72
566,多頭進場,2022-08-09 11:15,L_Add,15000,1,750000,-990,-0.13,3280,0.44,-1020,-0.14,178870,44.72
567,多頭出場,2022-08-09 18:45,Trend Rev,14981,1,751100,-2090,-0.28,2180,0.29,-2120,-0.28,176800,44.20
567,多頭進場,2022-08-09 11:20,L_Add,15022,1,751100,-2090,-0.28,2180,0.29,-2120,-0.28,176800,44.20
568,多頭出場,2022-08-09 18:45,Trend Rev,14981,1,752850,-3840,-0.51,430,0.06,-3870,-0.51,172980,43.25
568,多頭進場,2022-08-09 11:35,L_Add,15057,1,752850,-3840,-0.51,430,0.06,-3870,-0.51,172980,43.25
569,多頭出場,2022-08-10 12:20,Trend Rev,14914,1,747050,-1390,-0.19,180,0.02,-1420,-0.19,171590,42.90
569,多頭進場,2022-08-10 11:45,L_Cmd,14941,1,747050,-1390,-0.19,180,0.02,-1420,-0.19,171590,42.90
570,多頭出場,2022-08-11 03:15,L_Exit_Add,15070,1,751000,2460,0.33,3030,0.40,-170,-0.02,174010,43.50
570,多頭進場,2022-08-10 22:55,L_Cmd,15020,1,751000,2460,0.33,3030,0.40,-170,-0.02,174010,43.50
571,多頭出場,2022-08-11 03:40,L_Exit,15084,1,752350,1810,0.24,1880,0.25,-520,-0.07,175840,43.96
571,多頭進場,2022-08-10 23:25,L_Add,15047,1,752350,1810,0.24,1880,0.25,-520,-0.07,175840,43.96
572,多頭出場,2022-08-11 08:45,L_Exit_Add,15140,1,753450,3510,0.47,3580,0.48,-320,-0.04,179370,44.84
572,多頭進場,2022-08-11 03:05,L_Add,15069,1,753450,3510,0.47,3580,0.48,-320,-0.04,179370,44.84
573,多頭出場,2022-08-11 09:20,L_Exit,15105,1,756900,-1690,-0.22,1730,0.23,-1670,-0.22,177680,44.42
573,多頭進場,2022-08-11 08:50,L_Cmd,15138,1,756900,-1690,-0.22,1730,0.23,-1670,-0.22,177680,44.42
574,多頭出場,2022-08-11 21:50,L_Exit,15283,1,759200,4910,0.65,4980,0.66,-1870,-0.25,182530,45.63
574,多頭進場,2022-08-11 10:25,L_Cmd,15184,1,759200,4910,0.65,4980,0.66,-1870,-0.25,182530,45.63
575,多頭出場,2022-08-11 21:50,L_Exit_Add,15283,1,762000,2110,0.28,2180,0.29,-870,-0.11,184660,46.17
575,多頭進場,2022-08-11 21:05,L_Add,15240,1,762000,2110,0.28,2180,0.29,-870,-0.11,184660,46.17
576,多頭出場,2022-08-11 22:15,L_Exit_Add,15310,1,763200,2260,0.30,2330,0.31,-370,-0.05,186940,46.74
576,多頭進場,2022-08-11 21:45,L_Add,15264,1,763200,2260,0.30,2330,0.31,-370,-0.05,186940,46.74
577,多頭出場,2022-08-11 22:15,L_Exit_G,15310,1,763950,1510,0.20,1580,0.21,-370,-0.05,188470,47.12
577,多頭進場,2022-08-11 21:50,L_G_進,15279,1,763950,1510,0.20,1580,0.21,-370,-0.05,188470,47.12
578,多頭出場,2022-08-12 19:05,Trend Rev,15272,1,763450,110,0.01,2480,0.32,-720,-0.09,188580,47.15
578,多頭進場,2022-08-12 10:35,L_Cmd,15269,1,763450,110,0.01,2480,0.32,-720,-0.09,188580,47.15
579,多頭出場,2022-08-12 23:35,L_Exit,15332,1,765100,1460,0.19,1530,0.20,-870,-0.11,189980,47.50
579,多頭進場,2022-08-12 21:05,L_Cmd,15302,1,765100,1460,0.19,1530,0.20,-870,-0.11,189980,47.50
580,多頭出場,2022-08-13 01:50,L_Exit_G,15342,1,765900,1160,0.15,1230,0.16,-1620,-0.21,191160,47.79
580,多頭進場,2022-08-12 21:45,L_Add,15318,1,765900,1160,0.15,1230,0.16,-1620,-0.21,191160,47.79
581,多頭出場,2022-08-13 02:35,L_Exit_Add,15366,1,766150,2110,0.28,2180,0.28,-770,-0.10,193290,48.32
581,多頭進場,2022-08-12 23:20,L_Add,15323,1,766150,2110,0.28,2180,0.28,-770,-0.10,193290,48.32
582,多頭出場,2022-08-13 02:35,L_Exit_Add,15366,1,766350,1910,0.25,1980,0.26,-970,-0.13,195220,48.81
582,多頭進場,2022-08-12 23:35,L_G_進,15327,1,766350,1910,0.25,1980,0.26,-970,-0.13,195220,48.81
583,多頭出場,2022-08-15 08:45,L_Exit,15362,1,769050,-990,-0.13,730,0.09,-970,-0.13,194230,48.56
583,多頭進場,2022-08-13 03:45,L_Cmd,15381,1,769050,-990,-0.13,730,0.09,-970,-0.13,194230,48.56
584,多頭出場,2022-08-15 15:20,Trend Rev,15367,1,769350,-1040,-0.14,2230,0.29,-1470,-0.19,193170,48.29
584,多頭進場,2022-08-15 10:00,L_Cmd,15387,1,769350,-1040,-0.14,2230,0.29,-1470,-0.19,193170,48.29
585,多頭出場,2022-08-15 15:20,Trend Rev,15367,1,771400,-3090,-0.40,180,0.02,-3170,-0.41,190100,47.53
585,多頭進場,2022-08-15 12:25,L_Add,15428,1,771400,-3090,-0.40,180,0.02,-3170,-0.41,190100,47.53
586,多頭出場,2022-08-15 22:25,Trend Rev,15365,1,769250,-1040,-0.14,330,0.04,-1370,-0.18,189060,47.27
586,多頭進場,2022-08-15 21:55,L_Cmd,15385,1,769250,-1040,-0.14,330,0.04,-1370,-0.18,189060,47.27
587,多頭出場,2022-08-16 02:05,L_Exit,15392,1,770850,-1290,-0.17,280,0.04,-1270,-0.16,187770,46.94
587,多頭進場,2022-08-16 00:55,L_Cmd,15417,1,770850,-1290,-0.17,280,0.04,-1270,-0.16,187770,46.94
588,多頭出場,2022-08-16 04:10,L_Exit,15395,1,770900,-1190,-0.15,0,0.00,-1170,-0.15,186580,46.65
588,多頭進場,2022-08-16 03:25,L_Cmd,15418,1,770900,-1190,-0.15,0,0.00,-1170,-0.15,186580,46.65
589,多頭出場,2022-08-16 09:45,Trend Rev,15394,1,771200,-1540,-0.20,530,0.07,-1570,-0.20,185040,46.26
589,多頭進場,2022-08-16 09:15,L_Cmd,15424,1,771200,-1540,-0.20,530,0.07,-1570,-0.20,185040,46.26
590,多頭出場,2022-08-16 13:25,L_Exit,15401,1,771700,-1690,-0.22,30,0.00,-1670,-0.22,183350,45.84
590,多頭進場,2022-08-16 12:55,L_Cmd,15434,1,771700,-1690,-0.22,30,0.00,-1670,-0.22,183350,45.84
591,多頭出場,2022-08-17 04:00,Trend Rev,15363,1,768350,-240,-0.03,0,0.00,-220,-0.03,183110,45.78
591,多頭進場,2022-08-17 03:55,L_Cmd,15367,1,768350,-240,-0.03,0,0.00,-220,-0.03,183110,45.78
592,多頭出場,2022-08-17 10:15,L_Exit,15350,1,769050,-1590,-0.21,430,0.06,-1570,-0.20,181520,45.38
592,多頭進場,2022-08-17 09:15,L_Cmd,15381,1,769050,-1590,-0.21,430,0.06,-1570,-0.20,181520,45.38
593,多頭出場,2022-08-18 12:15,Trend Rev,15293,1,764900,-290,-0.04,1280,0.17,-320,-0.04,181230,45.31
593,多頭進場,2022-08-18 10:40,L_Cmd,15298,1,764900,-290,-0.04,1280,0.17,-320,-0.04,181230,45.31
594,多頭出場,2022-08-19 00:25,Trend Rev,15323,1,767250,-1140,-0.15,380,0.05,-1170,-0.15,180090,45.02
594,多頭進場,2022-08-18 23:25,L_Cmd,15345,1,767250,-1140,-0.15,380,0.05,-1170,-0.15,180090,45.02
595,多頭出場,2022-08-19 15:00,L_Exit_Add,15320,1,767400,-1440,-0.19,2830,0.37,-1420,-0.19,178610,44.65
595,多頭進場,2022-08-19 10:15,L_Cmd,15348,1,767400,-1440,-0.19,2830,0.37,-1420,-0.19,178610,44.65
596,多頭出場,2022-08-19 15:05,Trend Rev,15326,1,769050,-2790,-0.36,1180,0.15,-3620,-0.47,175840,43.96
596,多頭進場,2022-08-19 10:40,L_Add,15381,1,769050,-2790,-0.36,1180,0.15,-3620,-0.47,175840,43.96
597,多頭出場,2022-08-19 15:05,Trend Rev,15326,1,769800,-3540,-0.46,430,0.06,-4370,-0.57,172320,43.08
597,多頭進場,2022-08-19 11:10,L_Add,15396,1,769800,-3540,-0.46,430,0.06,-4370,-0.57,172320,43.08
598,空頭出場,2022-08-20 00:55,S_Exit,15273,1,762400,-1290,-0.17,580,0.08,-1270,-0.17,171030,42.76
598,空頭進場,2022-08-19 23:00,S_Cmd,15248,1,762400,-1290,-0.17,580,0.08,-1270,-0.17,171030,42.76
599,空頭出場,2022-08-22 09:00,S_Exit,15158,1,759000,1060,0.14,1130,0.15,-720,-0.09,172090,43.02
599,空頭進場,2022-08-22 08:45,S_Cmd,15180,1,759000,1060,0.14,1130,0.15,-720,-0.09,172090,43.02
600,空頭出場,2022-08-22 15:30,S_Exit,15145,1,759400,2110,0.28,2180,0.29,-770,-0.10,174200,43.55
600,空頭進場,2022-08-22 12:10,S_Cmd,15188,1,759400,2110,0.28,2180,0.29,-770,-0.10,174200,43.55
601,空頭出場,2022-08-23 01:35,S_Exit,15057,1,754650,1760,0.23,1830,0.24,-720,-0.10,175960,43.99
601,空頭進場,2022-08-22 22:20,S_Cmd,15093,1,754650,1760,0.23,1830,0.24,-720,-0.10,175960,43.99
602,空頭出場,2022-08-23 03:50,S_Exit,15046,1,751400,-940,-0.13,80,0.01,-920,-0.12,175020,43.76
602,空頭進場,2022-08-23 03:45,S_Cmd,15028,1,751400,-940,-0.13,80,0.01,-920,-0.12,175020,43.76
603,空頭出場,2022-08-23 10:35,S_Exit,15076,1,751450,-2390,-0.32,80,0.01,-2370,-0.32,172630,43.16
603,空頭進場,2022-08-23 10:00,S_Cmd,15029,1,751450,-2390,-0.32,80,0.01,-2370,-0.32,172630,43.16
604,空頭出場,2022-08-23 15:00,S_Exit,14995,1,751700,1910,0.25,1980,0.26,-820,-0.11,174540,43.64
604,空頭進場,2022-08-23 13:00,S_Cmd,15034,1,751700,1910,0.25,1980,0.26,-820,-0.11,174540,43.64
605,空頭出場,2022-08-24 00:35,Trend Rev,15079,1,753400,-590,-0.08,80,0.01,-570,-0.08,173950,43.49
605,空頭進場,2022-08-24 00:25,S_Cmd,15068,1,753400,-590,-0.08,80,0.01,-570,-0.08,173950,43.49
606,空頭出場,2022-08-24 11:00,S_Exit,15014,1,753100,2360,0.31,2430,0.32,-420,-0.06,176290,44.07
606,空頭進場,2022-08-24 09:50,S_Cmd,15062,1,753100,2360,0.31,2430,0.32,-420,-0.06,176290,44.07
607,空頭出場,2022-08-24 12:15,S_Exit_Add,14988,1,751450,2010,0.27,2080,0.28,-670,-0.09,178280,44.57
607,空頭進場,2022-08-24 10:45,S_Add,15029,1,751450,2010,0.27,2080,0.28,-670,-0.09,178280,44.57
608,空頭出場,2022-08-24 12:45,S_Exit_Add,15048,1,750700,-1740,-0.23,1330,0.18,-1720,-0.23,176560,44.14
608,空頭進場,2022-08-24 11:00,S_Add,15014,1,750700,-1740,-0.23,1330,0.18,-1720,-0.23,176560,44.14
609,空頭出場,2022-08-24 12:55,Trend Rev,15059,1,749500,-3490,-0.47,130,0.02,-3620,-0.48,173090,43.27
609,空頭進場,2022-08-24 12:15,S_Add,14990,1,749500,-3490,-0.47,130,0.02,-3620,-0.48,173090,43.27
610,多頭出場,2022-08-25 15:00,L_Exit,15256,1,758750,4010,0.53,4080,0.54,-670,-0.09,177100,44.28
610,多頭進場,2022-08-25 13:15,L_Cmd,15175,1,758750,4010,0.53,4080,0.54,-670,-0.09,177100,44.28
611,多頭出場,2022-08-26 03:55,L_Exit_Add,15294,1,761900,2760,0.36,2830,0.37,-820,-0.11,179800,44.95
611,多頭進場,2022-08-25 22:00,L_Cmd,15238,1,761900,2760,0.36,2830,0.37,-820,-0.11,179800,44.95
612,多頭出場,2022-08-26 08:45,L_Exit,15297,1,763400,1410,0.18,1480,0.19,-2320,-0.30,181230,45.31
612,多頭進場,2022-08-25 22:45,L_Add,15268,1,763400,1410,0.18,1480,0.19,-2320,-0.30,181230,45.31
613,多頭出場,2022-08-26 08:45,L_Exit_G,15297,1,763800,1010,0.13,1080,0.14,-270,-0.04,182260,45.57
613,多頭進場,2022-08-26 03:40,L_Add,15276,1,763800,1010,0.13,1080,0.14,-270,-0.04,182260,45.57
614,多頭出場,2022-08-26 09:00,L_Exit_Add,15304,1,764300,860,0.11,930,0.12,-770,-0.10,183140,45.79
614,多頭進場,2022-08-26 03:50,L_G_進,15286,1,764300,860,0.11,930,0.12,-770,-0.10,183140,45.79
615,多頭出場,2022-08-26 09:15,L_Exit,15276,1,765150,-1390,-0.18,80,0.01,-1370,-0.18,181750,45.44
615,多頭進場,2022-08-26 09:05,L_Cmd,15303,1,765150,-1390,-0.18,80,0.01,-1370,-0.18,181750,45.44
616,多頭出場,2022-08-26 12:55,Trend Rev,15250,1,764450,-1990,-0.26,980,0.13,-2220,-0.29,179760,44.94
616,多頭進場,2022-08-26 10:05,L_Cmd,15289,1,764450,-1990,-0.26,980,0.13,-2220,-0.29,179760,44.94
617,多頭出場,2022-08-26 21:50,L_Exit,15253,1,764100,-1490,-0.19,680,0.09,-1470,-0.19,178270,44.57
617,多頭進場,2022-08-26 21:05,L_Cmd,15282,1,764100,-1490,-0.19,680,0.09,-1470,-0.19,178270,44.57
618,空頭出場,2022-08-27 02:25,S_Exit,15034,1,755100,3360,0.44,3430,0.45,-920,-0.12,181630,45.41
618,空頭進場,2022-08-26 23:05,S_Cmd,15102,1,755100,3360,0.44,3430,0.45,-920,-0.12,181630,45.41
619,空頭出場,2022-08-27 04:45,S_Exit,14961,1,750000,1910,0.25,1980,0.26,-420,-0.06,183500,45.88
619,空頭進場,2022-08-27 03:45,S_Cmd,15000,1,750000,1910,0.25,1980,0.26,-420,-0.06,183500,45.88
620,空頭出場,2022-08-27 04:55,S_Exit_Add,14932,1,748750,2110,0.28,2180,0.29,-20,0.00,185630,46.41
620,空頭進場,2022-08-27 04:40,S_Add,14975,1,748750,2110,0.28,2180,0.29,-20,0.00,185630,46.41
621,空頭出場,2022-08-29 08:45,S_Exit_Add,14813,1,748000,7310,0.98,7380,0.99,-120,-0.02,192940,48.24
621,空頭進場,2022-08-27 04:45,S_Add,14960,1,748000,7310,0.98,7380,0.99,-120,-0.02,192940,48.24
622,空頭出場,2022-08-29 09:10,S_Exit_Add,14791,1,741250,1660,0.22,1730,0.23,-1120,-0.15,194620,48.66
622,空頭進場,2022-08-29 08:45,S_Add,14825,1,741250,1660,0.22,1730,0.23,-1120,-0.15,194620,48.66
623,空頭出場,2022-08-29 10:20,S_Exit,14857,1,739650,-3240,-0.44,1530,0.21,-3220,-0.44,191380,47.85
623,空頭進場,2022-08-29 09:15,S_Cmd,14793,1,739650,-3240,-0.44,1530,0.21,-3220,-0.44,191380,47.85
624,空頭出場,2022-08-29 21:35,S_Exit,14886,1,742200,-2140,-0.29,1380,0.19,-2120,-0.29,189240,47.31
624,空頭進場,2022-08-29 13:30,S_Cmd,14844,1,742200,-2140,-0.29,1380,0.19,-2120,-0.29,189240,47.31
625,空頭出場,2022-08-30 00:20,Trend Rev,14865,1,742300,-990,-0.13,2080,0.28,-1270,-0.17,188230,47.06
625,空頭進場,2022-08-29 22:40,S_Cmd,14846,1,742300,-990,-0.13,2080,0.28,-1270,-0.17,188230,47.06
626,空頭出場,2022-08-30 00:20,Trend Rev,14865,1,740650,-2640,-0.36,280,0.04,-2920,-0.39,185610,46.40
626,空頭進場,2022-08-29 23:00,S_Add,14813,1,740650,-2640,-0.36,280,0.04,-2920,-0.39,185610,46.40
627,空頭出場,2022-08-30 22:20,S_Exit,14823,1,743750,2560,0.34,2630,0.35,-270,-0.04,188170,47.04
627,空頭進場,2022-08-30 22:10,S_Cmd,14875,1,743750,2560,0.34,2630,0.35,-270,-0.04,188170,47.04
628,空頭出場,2022-08-30 22:45,S_Exit,14726,1,739700,3360,0.45,3430,0.46,-120,-0.02,191530,47.88
628,空頭進場,2022-08-30 22:35,S_Cmd,14794,1,739700,3360,0.45,3430,0.46,-120,-0.02,191530,47.88
629,多頭出場,2022-08-31 15:25,L_Exit,15002,1,752550,-2490,-0.33,2330,0.31,-2470,-0.33,189040,47.26
629,多頭進場,2022-08-31 13:00,L_Cmd,15051,1,752550,-2490,-0.33,2330,0.31,-2470,-0.33,189040,47.26
630,空頭出場,2022-08-31 22:15,Trend Rev,14986,1,748800,-540,-0.07,430,0.06,-920,-0.12,188500,47.13
630,空頭進場,2022-08-31 22:05,S_Cmd,14976,1,748800,-540,-0.07,430,0.06,-920,-0.12,188500,47.13
631,空頭出場,2022-08-31 22:45,Trend Rev,14983,1,748050,-1140,-0.15,530,0.07,-1120,-0.15,187360,46.84
631,空頭進場,2022-08-31 22:30,S_Cmd,14961,1,748050,-1140,-0.15,530,0.07,-1120,-0.15,187360,46.84
632,空頭出場,2022-09-01 11:45,S_Exit,14676,1,737450,3610,0.49,3680,0.50,-2520,-0.34,190950,47.74
632,空頭進場,2022-09-01 08:50,S_Cmd,14749,1,737450,3610,0.49,3680,0.50,-2520,-0.34,190950,47.74
633,空頭出場,2022-09-01 19:35,Trend Rev,14739,1,734650,-2340,-0.32,2580,0.35,-3020,-0.41,188630,47.16
633,空頭進場,2022-09-01 11:45,S_Add,14693,1,734650,-2340,-0.32,2580,0.35,-3020,-0.41,188630,47.16
634,空頭出場,2022-09-02 01:25,S_Exit,14712,1,733150,-2490,-0.34,2480,0.34,-2470,-0.34,186140,46.54
634,空頭進場,2022-09-01 22:05,S_Cmd,14663,1,733150,-2490,-0.34,2480,0.34,-2470,-0.34,186140,46.54
635,空頭出場,2022-09-02 09:20,Trend Rev,14731,1,735950,-640,-0.09,830,0.11,-1170,-0.16,185500,46.38
635,空頭進場,2022-09-02 09:10,S_Cmd,14719,1,735950,-640,-0.09,830,0.11,-1170,-0.16,185500,46.38
636,空頭出場,2022-09-02 10:00,Trend Rev,14731,1,734400,-2190,-0.30,280,0.04,-2170,-0.30,183310,45.83
636,空頭進場,2022-09-02 09:35,S_Cmd,14688,1,734400,-2190,-0.30,280,0.04,-2170,-0.30,183310,45.83
637,空頭出場,2022-09-02 12:30,Trend Rev,14705,1,733100,-2190,-0.30,1680,0.23,-2670,-0.36,181120,45.28
637,空頭進場,2022-09-02 10:10,S_Cmd,14662,1,733100,-2190,-0.30,1680,0.23,-2670,-0.36,181120,45.28
638,空頭出場,2022-09-02 20:30,S_Exit_Add,14676,1,731650,-2190,-0.30,2480,0.34,-2170,-0.30,178910,44.73
638,空頭進場,2022-09-02 13:10,S_Cmd,14633,1,731650,-2190,-0.30,2480,0.34,-2170,-0.30,178910,44.73
639,空頭出場,2022-09-02 20:30,S_Exit,14681,1,729250,-4840,-0.66,80,0.01,-4820,-0.66,174090,43.52
639,空頭進場,2022-09-02 13:35,S_Add,14585,1,729250,-4840,-0.66,80,0.01,-4820,-0.66,174090,43.52
640,空頭出場,2022-09-03 00:45,S_Exit,14618,1,733450,2510,0.34,2580,0.35,-170,-0.02,176580,44.15
640,空頭進場,2022-09-03 00:35,S_Cmd,14669,1,733450,2510,0.34,2580,0.35,-170,-0.02,176580,44.15
641,空頭出場,2022-09-03 01:25,S_Exit_Add,14562,1,731450,3310,0.45,3380,0.46,-670,-0.09,179910,44.98
641,空頭進場,2022-09-03 00:45,S_Add,14629,1,731450,3310,0.45,3380,0.46,-670,-0.09,179910,44.98
642,空頭出場,2022-09-05 08:45,S_Exit,14593,1,726900,-2790,-0.38,880,0.12,-2770,-0.38,177120,44.28
642,空頭進場,2022-09-03 03:40,S_Cmd,14538,1,726900,-2790,-0.38,880,0.12,-2770,-0.38,177120,44.28
643,空頭出場,2022-09-05 11:00,Trend Rev,14625,1,728950,-2340,-0.32,930,0.13,-2470,-0.34,174780,43.70
643,空頭進場,2022-09-05 10:40,S_Cmd,14579,1,728950,-2340,-0.32,930,0.13,-2470,-0.34,174780,43.70
644,空頭出場,2022-09-06 04:45,Trend Rev,14634,1,731600,-140,-0.02,480,0.07,-320,-0.04,174640,43.66
644,空頭進場,2022-09-06 04:25,S_Cmd,14632,1,731600,-140,-0.02,480,0.07,-320,-0.04,174640,43.66
645,空頭出場,2022-09-06 12:30,Trend Rev,14643,1,730000,-2190,-0.30,2230,0.31,-2220,-0.30,172450,43.11
645,空頭進場,2022-09-06 11:10,S_Cmd,14600,1,730000,-2190,-0.30,2230,0.31,-2220,-0.30,172450,43.11
646,空頭出場,2022-09-06 22:50,S_Exit,14615,1,728650,-2140,-0.29,2030,0.28,-2120,-0.29,170310,42.58
646,空頭進場,2022-09-06 22:05,S_Cmd,14573,1,728650,-2140,-0.29,2030,0.28,-2120,-0.29,170310,42.58
647,空頭出場,2022-09-07 08:45,S_Exit,14451,1,727950,5360,0.74,5430,0.75,-870,-0.12,175670,43.92
647,空頭進場,2022-09-07 00:20,S_Cmd,14559,1,727950,5360,0.74,5430,0.75,-870,-0.12,175670,43.92
648,空頭出場,2022-09-07 09:05,S_Exit,14382,1,722000,2860,0.40,2930,0.41,-570,-0.08,178530,44.63
648,空頭進場,2022-09-07 08:50,S_Cmd,14440,1,722000,2860,0.40,2930,0.41,-570,-0.08,178530,44.63
649,空頭出場,2022-09-07 10:25,S_Exit,14410,1,717400,-3140,-0.44,830,0.12,-3120,-0.43,175390,43.85
649,空頭進場,2022-09-07 09:25,S_Cmd,14348,1,717400,-3140,-0.44,830,0.12,-3120,-0.43,175390,43.85
650,空頭出場,2022-09-08 10:10,Trend Rev,14443,1,721300,-890,-0.12,1880,0.26,-970,-0.13,174480,43.62
650,空頭進場,2022-09-08 09:05,S_Cmd,14426,1,721300,-890,-0.12,1880,0.26,-970,-0.13,174480,43.62
651,空頭出場,2022-09-08 10:10,Trend Rev,14443,1,719800,-2390,-0.33,380,0.05,-2470,-0.34,172110,43.03
651,空頭進場,2022-09-08 09:35,S_Add,14396,1,719800,-2390,-0.33,380,0.05,-2470,-0.34,172110,43.03
652,空頭出場,2022-09-09 00:30,Trend Rev,14523,1,725350,-840,-0.12,680,0.09,-1120,-0.15,171270,42.82
652,空頭進場,2022-09-09 00:10,S_Cmd,14507,1,725350,-840,-0.12,680,0.09,-1120,-0.15,171270,42.82
653,多頭出場,2022-09-13 08:45,L_Exit_Add,14913,1,740900,4710,0.64,4780,0.65,-2220,-0.30,175940,43.99
653,多頭進場,2022-09-12 09:55,L_Cmd,14818,1,740900,4710,0.64,4780,0.65,-2220,-0.30,175940,43.99
654,多頭出場,2022-09-13 10:45,Trend Rev,14867,1,743450,-140,-0.02,2930,0.39,-1070,-0.14,175820,43.96
654,多頭進場,2022-09-12 22:00,L_Add,14869,1,743450,-140,-0.02,2930,0.39,-1070,-0.14,175820,43.96
655,多頭出場,2022-09-13 10:45,Trend Rev,14867,1,744600,-1290,-0.17,1780,0.24,-2220,-0.30,174550,43.64
655,多頭進場,2022-09-12 22:25,L_Add,14892,1,744600,-1290,-0.17,1780,0.24,-2220,-0.30,174550,43.64
656,多頭出場,2022-09-13 17:25,Trend Rev,14867,1,743550,-240,-0.03,1430,0.19,-470,-0.06,174310,43.58
656,多頭進場,2022-09-13 13:30,L_Cmd,14871,1,743550,-240,-0.03,1430,0.19,-470,-0.06,174310,43.58
657,空頭出場,2022-09-14 02:25,S_Exit,14590,1,733050,3510,0.48,3580,0.49,-1220,-0.17,177820,44.46
657,空頭進場,2022-09-13 22:05,S_Cmd,14661,1,733050,3510,0.48,3580,0.49,-1220,-0.17,177820,44.46
658,空頭出場,2022-09-14 03:30,S_Exit,14478,1,725950,2010,0.28,2080,0.29,-170,-0.02,179830,44.96
658,空頭進場,2022-09-14 03:10,S_Cmd,14519,1,725950,2010,0.28,2080,0.29,-170,-0.02,179830,44.96
659,空頭出場,2022-09-14 09:00,S_Exit,14513,1,723800,-1890,-0.26,1780,0.25,-1870,-0.26,177940,44.49
659,空頭進場,2022-09-14 03:45,S_Cmd,14476,1,723800,-1890,-0.26,1780,0.25,-1870,-0.26,177940,44.49
660,空頭出場,2022-09-14 12:30,S_Exit,14617,1,728600,-2290,-0.31,330,0.05,-2270,-0.31,175650,43.91
660,空頭進場,2022-09-14 11:40,S_Cmd,14572,1,728600,-2290,-0.31,330,0.05,-2270,-0.31,175650,43.91
661,空頭出場,2022-09-14 22:35,S_Exit,14596,1,727250,-2590,-0.36,330,0.05,-2570,-0.35,173060,43.27
661,空頭進場,2022-09-14 22:30,S_Cmd,14545,1,727250,-2590,-0.36,330,0.05,-2570,-0.35,173060,43.27
662,空頭出場,2022-09-15 03:50,S_Exit,14592,1,727650,-1990,-0.27,230,0.03,-1970,-0.27,171070,42.77
662,空頭進場,2022-09-15 03:20,S_Cmd,14553,1,727650,-1990,-0.27,230,0.03,-1970,-0.27,171070,42.77
663,多頭出場,2022-09-15 12:00,L_Exit,14651,1,734800,-2290,-0.31,880,0.12,-2270,-0.31,168780,42.20
663,多頭進場,2022-09-15 11:15,L_Cmd,14696,1,734800,-2290,-0.31,880,0.12,-2270,-0.31,168780,42.20
664,空頭出場,2022-09-16 01:00,S_Exit,14601,1,727600,-2490,-0.34,1430,0.20,-2470,-0.34,166290,41.57
664,空頭進場,2022-09-15 22:55,S_Cmd,14552,1,727600,-2490,-0.34,1430,0.20,-2470,-0.34,166290,41.57
665,空頭出場,2022-09-16 08:45,S_Exit,14489,1,726550,2060,0.28,2130,0.29,-720,-0.10,168350,42.09
665,空頭進場,2022-09-16 03:15,S_Cmd,14531,1,726550,2060,0.28,2130,0.29,-720,-0.10,168350,42.09
666,空頭出場,2022-09-16 15:35,S_Exit,14453,1,725050,2360,0.33,2430,0.34,-1320,-0.18,170690,42.67
666,空頭進場,2022-09-16 08:50,S_Cmd,14501,1,725050,2360,0.33,2430,0.34,-1320,-0.18,170690,42.67
667,空頭出場,2022-09-16 19:00,Trend Rev,14494,1,723400,-1340,-0.19,1730,0.24,-2020,-0.28,169370,42.34
667,空頭進場,2022-09-16 11:25,S_Add,14468,1,723400,-1340,-0.19,1730,0.24,-2020,-0.28,169370,42.34
668,空頭出場,2022-09-19 10:25,S_Exit,14443,1,724750,2560,0.35,2630,0.36,-1020,-0.14,171910,42.98
668,空頭進場,2022-09-19 09:25,S_Cmd,14495,1,724750,2560,0.35,2630,0.36,-1020,-0.14,171910,42.98
669,空頭出場,2022-09-19 15:00,S_Exit_Add,14389,1,722550,3060,0.42,3130,0.43,-620,-0.09,174970,43.74
669,空頭進場,2022-09-19 10:25,S_Add,14451,1,722550,3060,0.42,3130,0.43,-620,-0.09,174970,43.74
670,空頭出場,2022-09-19 21:35,Trend Rev,14420,1,720900,-140,-0.02,2830,0.39,-1720,-0.24,174850,43.71
670,空頭進場,2022-09-19 11:05,S_Add,14418,1,720900,-140,-0.02,2830,0.39,-1720,-0.24,174850,43.71
671,空頭出場,2022-09-21 10:10,Trend Rev,14456,1,721800,-1040,-0.14,1230,0.17,-1470,-0.20,173810,43.45
671,空頭進場,2022-09-21 09:25,S_Cmd,14436,1,721800,-1040,-0.14,1230,0.17,-1470,-0.20,173810,43.45
672,空頭出場,2022-09-21 15:00,S_Exit,14344,1,719900,2660,0.37,2730,0.38,-1370,-0.19,176470,44.12
672,空頭進場,2022-09-21 12:25,S_Cmd,14398,1,719900,2660,0.37,2730,0.38,-1370,-0.19,176470,44.12
673,空頭出場,2022-09-22 09:00,S_Exit,14161,1,714400,6310,0.88,6380,0.89,-620,-0.09,182760,45.69
673,空頭進場,2022-09-22 04:05,S_Cmd,14288,1,714400,6310,0.88,6380,0.89,-620,-0.09,182760,45.69
674,空頭出場,2022-09-22 09:10,S_Exit_Add,14112,1,709950,4310,0.61,4380,0.62,-70,-0.01,187090,46.77
674,空頭進場,2022-09-22 08:55,S_Add,14199,1,709950,4310,0.61,4380,0.62,-70,-0.01,187090,46.77
675,空頭出場,2022-09-22 22:10,S_Exit,14250,1,710550,-1990,-0.28,130,0.02,-1970,-0.28,185100,46.28
675,空頭進場,2022-09-22 22:05,S_Cmd,14211,1,710550,-1990,-0.28,130,0.02,-1970,-0.28,185100,46.28
676,空頭出場,2022-09-23 03:10,Trend Rev,14240,1,710000,-2040,-0.29,730,0.10,-2270,-0.32,183060,45.77
676,空頭進場,2022-09-22 23:05,S_Cmd,14200,1,710000,-2040,-0.29,730,0.10,-2270,-0.32,183060,45.77
677,空頭出場,2022-09-23 09:10,S_Exit,14224,1,709400,-1840,-0.26,130,0.02,-1820,-0.26,181220,45.31
677,空頭進場,2022-09-23 09:00,S_Cmd,14188,1,709400,-1840,-0.26,130,0.02,-1820,-0.26,181220,45.31
678,空頭出場,2022-09-23 11:30,S_Exit,14110,1,708450,2910,0.41,2980,0.42,-2320,-0.33,184110,46.03
678,空頭進場,2022-09-23 09:40,S_Cmd,14169,1,708450,2910,0.41,2980,0.42,-2320,-0.33,184110,46.03
679,空頭出場,2022-09-23 12:05,S_Exit_Add,14057,1,706550,3660,0.52,3730,0.53,-420,-0.06,187770,46.94
679,空頭進場,2022-09-23 11:25,S_Add,14131,1,706550,3660,0.52,3730,0.53,-420,-0.06,187770,46.94
680,空頭出場,2022-09-23 18:25,S_Exit_Add,14030,1,704150,2610,0.37,2680,0.38,-2920,-0.41,190400,47.60
680,空頭進場,2022-09-23 12:05,S_Add,14083,1,704150,2610,0.37,2680,0.38,-2920,-0.41,190400,47.60
681,空頭出場,2022-09-24 02:50,S_Exit,13926,1,698650,2310,0.33,2380,0.34,-1070,-0.15,192710,48.18
681,空頭進場,2022-09-24 00:20,S_Cmd,13973,1,698650,2310,0.33,2380,0.34,-1070,-0.15,192710,48.18
682,空頭出場,2022-09-26 09:05,S_Exit,13874,1,696650,2910,0.42,2980,0.43,-1020,-0.15,195600,48.90
682,空頭進場,2022-09-26 08:50,S_Cmd,13933,1,696650,2910,0.42,2980,0.43,-1020,-0.15,195600,48.90
683,空頭出場,2022-09-26 09:55,S_Exit_Add,13802,1,694300,4160,0.60,4230,0.61,-1520,-0.22,199720,49.93
683,空頭進場,2022-09-26 09:05,S_Add,13886,1,694300,4160,0.60,4230,0.61,-1520,-0.22,199720,49.93
684,空頭出場,2022-09-26 11:40,S_Exit_G,13783,1,692150,2960,0.43,3030,0.44,-2420,-0.35,202700,50.68
684,空頭進場,2022-09-26 09:25,S_Add,13843,1,692150,2960,0.43,3030,0.44,-2420,-0.35,202700,50.68
685,空頭出場,2022-09-26 12:45,S_Exit_Add,13773,1,691000,2310,0.33,2430,0.35,-3570,-0.52,205030,51.26
685,空頭進場,2022-09-26 09:50,S_Add,13820,1,691000,2310,0.33,2430,0.35,-3570,-0.52,205030,51.26
686,空頭出場,2022-09-26 13:00,S_Exit_Add,13761,1,690400,2310,0.33,2380,0.34,-4170,-0.60,207340,51.84
686,空頭進場,2022-09-26 09:55,S_G_進,13808,1,690400,2310,0.33,2380,0.34,-4170,-0.60,207340,51.84
687,空頭出場,2022-09-26 15:20,S_Exit_Add,13861,1,688650,-4440,-0.64,1630,0.24,-4420,-0.64,202920,50.73
687,空頭進場,2022-09-26 12:45,S_Add,13773,1,688650,-4440,-0.64,1630,0.24,-4420,-0.64,202920,50.73
688,空頭出場,2022-09-27 03:10,Trend Rev,13826,1,691100,-240,-0.03,2530,0.37,-1070,-0.15,202680,50.67
688,空頭進場,2022-09-26 23:25,S_Cmd,13822,1,691100,-240,-0.03,2530,0.37,-1070,-0.15,202680,50.67
689,空頭出場,2022-09-27 10:25,S_Exit,13825,1,689000,-2290,-0.33,2280,0.33,-2270,-0.33,200390,50.10
689,空頭進場,2022-09-27 09:25,S_Cmd,13780,1,689000,-2290,-0.33,2280,0.33,-2270,-0.33,200390,50.10
690,空頭出場,2022-09-28 00:10,S_Exit,13754,1,691300,3560,0.51,3630,0.53,-820,-0.12,203930,50.98
690,空頭進場,2022-09-27 23:30,S_Cmd,13826,1,691300,3560,0.51,3630,0.53,-820,-0.12,203930,50.98
691,空頭出場,2022-09-28 08:50,Trend Rev,13809,1,689350,-1140,-0.17,2230,0.32,-1420,-0.21,202790,50.70
691,空頭進場,2022-09-28 00:10,S_Add,13787,1,689350,-1140,-0.17,2230,0.32,-1420,-0.21,202790,50.70
692,空頭出場,2022-09-28 08:50,Trend Rev,13809,1,687250,-3240,-0.47,130,0.02,-3520,-0.51,199570,49.89
692,空頭進場,2022-09-28 00:20,S_Add,13745,1,687250,-3240,-0.47,130,0.02,-3520,-0.51,199570,49.89
693,空頭出場,2022-09-28 09:25,S_Exit,13703,1,688150,2960,0.43,3030,0.44,-220,-0.03,202530,50.63
693,空頭進場,2022-09-28 09:20,S_Cmd,13763,1,688150,2960,0.43,3030,0.44,-220,-0.03,202530,50.63
694,空頭出場,2022-09-28 09:45,S_Exit,13583,1,683050,3860,0.57,3930,0.58,-470,-0.07,206390,51.60
694,空頭進場,2022-09-28 09:40,S_Cmd,13661,1,683050,3860,0.57,3930,0.58,-470,-0.07,206390,51.60
695,空頭出場,2022-09-28 17:15,S_Exit,13449,1,677400,4910,0.72,4980,0.74,-920,-0.14,211300,52.83
695,空頭進場,2022-09-28 10:15,S_Cmd,13548,1,677400,4910,0.72,4980,0.74,-920,-0.14,211300,52.83
696,空頭出場,2022-09-29 09:25,Trend Rev,13636,1,681000,-840,-0.12,830,0.12,-1770,-0.26,210460,52.62
696,空頭進場,2022-09-29 09:05,S_Cmd,13620,1,681000,-840,-0.12,830,0.12,-1770,-0.26,210460,52.62
697,空頭出場,2022-09-29 10:55,S_Exit,13481,1,679350,5260,0.77,5330,0.78,-470,-0.07,215700,53.93
697,空頭進場,2022-09-29 09:55,S_Cmd,13587,1,679350,5260,0.77,5330,0.78,-470,-0.07,215700,53.93
698,空頭出場,2022-09-29 12:25,Trend Rev,13606,1,675900,-4440,-0.66,2330,0.34,-4520,-0.67,211280,52.82
698,空頭進場,2022-09-29 10:25,S_Add,13518,1,675900,-4440,-0.66,2330,0.34,-4520,-0.67,211280,52.82
699,空頭出場,2022-09-30 09:40,S_Exit_Add,13395,1,667500,-2290,-0.34,2980,0.45,-2270,-0.34,208970,52.24
699,空頭進場,2022-09-29 22:05,S_Cmd,13350,1,667500,-2290,-0.34,2980,0.45,-2270,-0.34,208970,52.24
700,空頭出場,2022-09-30 09:45,Trend Rev,13395,1,665250,-4540,-0.68,280,0.04,-4670,-0.70,204450,51.11
700,空頭進場,2022-09-30 09:10,S_Add,13305,1,665250,-4540,-0.68,280,0.04,-4670,-0.70,204450,51.11
701,空頭出場,2022-10-03 08:45,S_Exit,13250,1,665850,3310,0.50,3380,0.51,-770,-0.12,207760,51.94
701,空頭進場,2022-10-01 03:55,S_Cmd,13317,1,665850,3310,0.50,3380,0.51,-770,-0.12,207760,51.94
702,空頭出場,2022-10-03 18:30,Trend Rev,13343,1,665800,-1390,-0.21,2630,0.40,-1570,-0.24,206370,51.59
702,空頭進場,2022-10-03 12:00,S_Cmd,13316,1,665800,-1390,-0.21,2630,0.40,-1570,-0.24,206370,51.59
703,多頭出場,2022-10-04 22:05,L_Exit,13736,1,684100,2660,0.39,2730,0.40,-170,-0.02,208970,52.24
703,多頭進場,2022-10-04 21:35,L_Cmd,13682,1,684100,2660,0.39,2730,0.40,-170,-0.02,208970,52.24
704,多頭出場,2022-10-04 22:15,L_Exit_Add,13756,1,685600,2160,0.32,2230,0.33,-470,-0.07,211130,52.78
704,多頭進場,2022-10-04 21:50,L_Add,13712,1,685600,2160,0.32,2230,0.33,-470,-0.07,211130,52.78
705,多頭出場,2022-10-04 22:15,L_Exit_G,13756,1,686150,1610,0.23,1680,0.24,-70,-0.01,212760,53.19
705,多頭進場,2022-10-04 22:00,L_Add,13723,1,686150,1610,0.23,1680,0.24,-70,-0.01,212760,53.19
706,多頭出場,2022-10-04 22:40,L_Exit_Add,13766,1,686800,1460,0.21,1530,0.22,-570,-0.08,214240,53.56
706,多頭進場,2022-10-04 22:05,L_G_進,13736,1,686800,1460,0.21,1530,0.22,-570,-0.08,214240,53.56
707,多頭出場,2022-10-04 22:40,L_Exit_G,13766,1,687150,1110,0.16,1180,0.17,-320,-0.05,215370,53.84
707,多頭進場,2022-10-04 22:15,L_G_進,13743,1,687150,1110,0.16,1180,0.17,-320,-0.05,215370,53.84
708,多頭出場,2022-10-05 04:40,L_Exit,13824,1,688150,3010,0.44,3080,0.45,-1270,-0.18,218320,54.58
708,多頭進場,2022-10-04 22:45,L_Cmd,13763,1,688150,3010,0.44,3080,0.45,-1270,-0.18,218320,54.58
709,多頭出場,2022-10-05 04:50,L_Exit_G,13827,1,689500,1810,0.26,1880,0.27,-2620,-0.38,220150,55.04
709,多頭進場,2022-10-04 23:30,L_Add,13790,1,689500,1810,0.26,1880,0.27,-2620,-0.38,220150,55.04
710,多頭出場,2022-10-05 08:45,L_Exit_Add,13746,1,690150,-2890,-0.42,1280,0.19,-2870,-0.42,217280,54.32
710,多頭進場,2022-10-05 03:05,L_Add,13803,1,690150,-2890,-0.42,1280,0.19,-2870,-0.42,217280,54.32
711,多頭出場,2022-10-05 08:45,L_Exit_Add,13733,1,690650,-4040,-0.58,780,0.11,-4020,-0.58,213260,53.32
711,多頭進場,2022-10-05 04:00,L_G_進,13813,1,690650,-4040,-0.58,780,0.11,-4020,-0.58,213260,53.32
712,多頭出場,2022-10-05 12:20,L_Exit_Add,13776,1,691400,-2640,-0.38,2780,0.40,-2620,-0.38,210600,52.65
712,多頭進場,2022-10-05 09:25,L_Cmd,13828,1,691400,-2640,-0.38,2780,0.40,-2620,-0.38,210600,52.65
713,多頭出場,2022-10-05 12:20,L_Exit,13771,1,693800,-5290,-0.76,380,0.05,-5270,-0.76,205330,51.33
713,多頭進場,2022-10-05 10:25,L_Add,13876,1,693800,-5290,-0.76,380,0.05,-5270,-0.76,205330,51.33
714,多頭出場,2022-10-05 16:20,Trend Rev,13775,1,690800,-2090,-0.30,830,0.12,-2070,-0.30,203240,50.81
714,多頭進場,2022-10-05 13:45,L_Cmd,13816,1,690800,-2090,-0.30,830,0.12,-2070,-0.30,203240,50.81
715,多頭出場,2022-10-06 03:15,L_Exit,13864,1,688100,5060,0.74,5130,0.75,-220,-0.03,208240,52.06
715,多頭進場,2022-10-06 00:15,L_Cmd,13762,1,688100,5060,0.74,5130,0.75,-220,-0.03,208240,52.06
716,多頭出場,2022-10-06 03:55,L_G_Cut,13816,1,690650,110,0.02,2580,0.37,-1470,-0.21,208370,52.09
716,多頭進場,2022-10-06 00:50,L_Add,13813,1,690650,110,0.02,2580,0.37,-1470,-0.21,208370,52.09
717,多頭出場,2022-10-06 08:45,L_Exit_Add,13922,1,692550,3510,0.51,3580,0.52,-2070,-0.30,211900,52.98
717,多頭進場,2022-10-06 03:05,L_Add,13851,1,692550,3510,0.51,3580,0.52,-2070,-0.30,211900,52.98
718,多頭出場,2022-10-06 08:45,L_Exit_Add,13922,1,692500,3560,0.51,3630,0.52,-2020,-0.29,215480,53.87
718,多頭進場,2022-10-06 03:10,L_G_進,13850,1,692500,3560,0.51,3630,0.52,-2020,-0.29,215480,53.87
719,多頭出場,2022-10-06 09:00,L_Exit,13882,1,697150,-3090,-0.44,30,0.00,-3070,-0.44,212390,53.10
719,多頭進場,2022-10-06 08:50,L_Cmd,13943,1,697150,-3090,-0.44,30,0.00,-3070,-0.44,212390,53.10
720,多頭出場,2022-10-06 15:00,L_Exit,13835,1,694200,-2490,-0.36,80,0.01,-2470,-0.36,209900,52.48
720,多頭進場,2022-10-06 13:40,L_Cmd,13884,1,694200,-2490,-0.36,80,0.01,-2470,-0.36,209900,52.48
721,多頭出場,2022-10-06 22:00,L_Exit,13787,1,691650,-2340,-0.34,180,0.03,-2320,-0.34,207560,51.89
721,多頭進場,2022-10-06 21:45,L_Cmd,13833,1,691650,-2340,-0.34,180,0.03,-2320,-0.34,207560,51.89
722,多頭出場,2022-10-07 09:15,Trend Rev,13775,1,689650,-940,-0.14,30,0.00,-1270,-0.18,206620,51.65
722,多頭進場,2022-10-07 09:10,L_Cmd,13793,1,689650,-940,-0.14,30,0.00,-1270,-0.18,206620,51.65
723,多頭出場,2022-10-07 11:15,Trend Rev,13777,1,689250,-440,-0.06,1630,0.24,-820,-0.12,206180,51.54
723,多頭進場,2022-10-07 10:20,L_Cmd,13785,1,689250,-440,-0.06,1630,0.24,-820,-0.12,206180,51.54
724,空頭出場,2022-10-07 16:00,S_Exit,13643,1,684650,2460,0.36,2530,0.37,-820,-0.12,208640,52.16
724,空頭進場,2022-10-07 12:55,S_Cmd,13693,1,684650,2460,0.36,2530,0.37,-820,-0.12,208640,52.16
725,空頭出場,2022-10-08 01:55,S_Exit,13445,1,675600,3310,0.49,3380,0.50,-1420,-0.21,211930,52.98
725,空頭進場,2022-10-07 22:30,S_Cmd,13512,1,675600,3310,0.49,3380,0.50,-1420,-0.21,211930,52.98
726,空頭出場,2022-10-08 03:25,S_Exit_Add,13415,1,673400,2610,0.39,2680,0.40,-470,-0.07,214560,53.64
726,空頭進場,2022-10-08 00:35,S_Add,13468,1,673400,2610,0.39,2680,0.40,-470,-0.07,214560,53.64
727,空頭出場,2022-10-11 08:45,S_Exit,13244,1,671050,8810,1.31,8880,1.32,-520,-0.08,223370,55.84
727,空頭進場,2022-10-08 03:30,S_Cmd,13421,1,671050,8810,1.31,8880,1.32,-520,-0.08,223370,55.84
728,空頭出場,2022-10-11 09:40,S_Exit,13167,1,662300,3910,0.59,3980,0.60,-2470,-0.37,227260,56.82
728,空頭進場,2022-10-11 08:50,S_Cmd,13246,1,662300,3910,0.59,3980,0.60,-2470,-0.37,227260,56.82
729,空頭出場,2022-10-11 11:45,S_Exit_Add,13120,1,660050,4010,0.61,4080,0.62,-4720,-0.72,231250,57.81
729,空頭進場,2022-10-11 09:05,S_Add,13201,1,660050,4010,0.61,4080,0.62,-4720,-0.72,231250,57.81
730,空頭出場,2022-10-11 13:35,S_Exit_Add,13082,1,657600,3460,0.53,3530,0.54,-670,-0.10,234710,58.68
730,空頭進場,2022-10-11 11:00,S_Add,13152,1,657600,3460,0.53,3530,0.54,-670,-0.10,234710,58.68
731,空頭出場,2022-10-11 15:00,S_Exit_Add,13062,1,656350,3210,0.49,3280,0.50,-770,-0.12,237940,59.49
731,空頭進場,2022-10-11 11:45,S_Add,13127,1,656350,3210,0.49,3280,0.50,-770,-0.12,237940,59.49
732,空頭出場,2022-10-11 18:00,S_Exit_Add,13028,1,654750,3310,0.51,3380,0.52,-1370,-0.21,241270,60.32
732,空頭進場,2022-10-11 13:30,S_Add,13095,1,654750,3310,0.51,3380,0.52,-1370,-0.21,241270,60.32
733,空頭出場,2022-10-12 13:10,Trend Rev,13073,1,653550,-140,-0.02,130,0.02,-720,-0.11,241130,60.28
733,空頭進場,2022-10-12 13:05,S_Cmd,13071,1,653550,-140,-0.02,130,0.02,-720,-0.11,241130,60.28
734,空頭出場,2022-10-13 04:30,Trend Rev,13049,1,651250,-1240,-0.19,780,0.12,-1570,-0.24,239890,59.97
734,空頭進場,2022-10-13 00:40,S_Cmd,13025,1,651250,-1240,-0.19,780,0.12,-1570,-0.24,239890,59.97
735,空頭出場,2022-10-13 10:30,S_Exit,12875,1,648300,4510,0.70,4580,0.71,-170,-0.03,244380,61.10
735,空頭進場,2022-10-13 10:15,S_Cmd,12966,1,648300,4510,0.70,4580,0.71,-170,-0.03,244380,61.10
736,空頭出場,2022-10-13 12:40,S_Exit_Add,12836,1,645250,3410,0.53,3480,0.54,-670,-0.10,247790,61.95
736,空頭進場,2022-10-13 10:30,S_Add,12905,1,645250,3410,0.53,3480,0.54,-670,-0.10,247790,61.95
737,空頭出場,2022-10-13 17:00,S_Exit_Add,12942,1,642400,-4740,-0.74,2130,0.33,-4720,-0.73,243070,60.77
737,空頭進場,2022-10-13 12:40,S_Add,12848,1,642400,-4740,-0.74,2130,0.33,-4720,-0.73,243070,60.77
738,空頭出場,2022-10-14 23:50,S_Exit,12949,1,652700,5210,0.80,5280,0.81,-2070,-0.32,248260,62.07
738,空頭進場,2022-10-14 22:05,S_Cmd,13054,1,652700,5210,0.80,5280,0.81,-2070,-0.32,248260,62.07
739,空頭出場,2022-10-15 03:55,S_Exit_Add,12899,1,648400,3410,0.53,3730,0.58,-4220,-0.65,251670,62.92
739,空頭進場,2022-10-14 22:25,S_Add,12968,1,648400,3410,0.53,3730,0.58,-4220,-0.65,251670,62.92
740,空頭出場,2022-10-17 08:45,S_Exit_Add,12970,1,644900,-3640,-0.56,1280,0.20,-3620,-0.56,248050,62.01
740,空頭進場,2022-10-15 03:55,S_Add,12898,1,644900,-3640,-0.56,1280,0.20,-3620,-0.56,248050,62.01
741,空頭出場,2022-10-17 11:15,S_Exit,12939,1,643000,-3990,-0.62,1930,0.30,-3970,-0.62,244060,61.02
741,空頭進場,2022-10-17 09:55,S_Cmd,12860,1,643000,-3990,-0.62,1930,0.30,-3970,-0.62,244060,61.02
742,空頭出場,2022-10-18 10:30,S_Exit,13007,1,653300,2910,0.45,2980,0.46,-1670,-0.26,246950,61.74
742,空頭進場,2022-10-18 09:35,S_Cmd,13066,1,653300,2910,0.45,2980,0.46,-1670,-0.26,246950,61.74
743,空頭出場,2022-10-18 11:45,Trend Rev,13086,1,651400,-2940,-0.45,1780,0.27,-2970,-0.46,244030,61.01
743,空頭進場,2022-10-18 10:10,S_Add,13028,1,651400,-2940,-0.45,1780,0.27,-2970,-0.46,244030,61.01
744,空頭出場,2022-10-18 22:40,S_Exit,13010,1,653250,2710,0.41,2780,0.43,-420,-0.06,246740,61.69
744,空頭進場,2022-10-18 22:25,S_Cmd,13065,1,653250,2710,0.41,2780,0.43,-420,-0.06,246740,61.69
745,空頭出場,2022-10-19 04:20,Trend Rev,13046,1,650500,-1840,-0.28,3480,0.53,-2170,-0.33,244860,61.22
745,空頭進場,2022-10-18 22:40,S_Add,13010,1,650500,-1840,-0.28,3480,0.53,-2170,-0.33,244860,61.22
746,空頭出場,2022-10-19 04:20,Trend Rev,13046,1,648700,-3640,-0.56,1680,0.26,-3770,-0.58,241240,60.31
746,空頭進場,2022-10-18 23:15,S_Add,12974,1,648700,-3640,-0.56,1680,0.26,-3770,-0.58,241240,60.31
747,空頭出場,2022-10-19 04:20,Trend Rev,13046,1,647600,-4740,-0.73,480,0.07,-4870,-0.75,236520,59.13
747,空頭進場,2022-10-18 23:40,S_Add,12952,1,647600,-4740,-0.73,480,0.07,-4870,-0.75,236520,59.13
748,空頭出場,2022-10-19 13:35,S_Exit,12978,1,652400,3460,0.53,3530,0.54,-1020,-0.16,239960,59.99
748,空頭進場,2022-10-19 11:05,S_Cmd,13048,1,652400,3460,0.53,3530,0.54,-1020,-0.16,239960,59.99
749,空頭出場,2022-10-19 15:00,S_Exit_Add,12912,1,649900,4260,0.66,4330,0.67,-1620,-0.25,244240,61.06
749,空頭進場,2022-10-19 13:05,S_Add,12998,1,649900,4260,0.66,4330,0.67,-1620,-0.25,244240,61.06
750,空頭出場,2022-10-20 09:25,S_Exit_G,12664,1,638250,5010,0.78,5080,0.80,-970,-0.15,249190,62.30
750,空頭進場,2022-10-20 09:00,S_Cmd,12765,1,638250,5010,0.78,5080,0.80,-970,-0.15,249190,62.30
751,空頭出場,2022-10-20 09:45,S_BE,12727,1,636350,-40,-0.01,3180,0.50,-120,-0.02,249170,62.29
751,空頭進場,2022-10-20 09:05,S_Add,12727,1,636350,-40,-0.01,3180,0.50,-120,-0.02,249170,62.29
752,空頭出場,2022-10-20 10:45,S_Exit_Add,12786,1,634400,-4940,-0.78,1230,0.19,-4920,-0.78,244250,61.06
752,空頭進場,2022-10-20 09:10,S_Add,12688,1,634400,-4940,-0.78,1230,0.19,-4920,-0.78,244250,61.06
753,空頭出場,2022-10-20 13:10,Trend Rev,12820,1,634400,-6640,-1.05,1230,0.19,-6770,-1.07,237630,59.41
753,空頭進場,2022-10-20 09:25,S_G_進,12688,1,634400,-6640,-1.05,1230,0.19,-6770,-1.07,237630,59.41
754,多頭出場,2022-10-21 00:20,L_Exit,13003,1,653550,-3440,-0.53,330,0.05,-3420,-0.52,234190,58.55
754,多頭進場,2022-10-20 23:00,L_Cmd,13071,1,653550,-3440,-0.53,330,0.05,-3420,-0.52,234190,58.55
755,空頭出場,2022-10-21 09:15,S_Exit,12926,1,644000,-2340,-0.36,1230,0.19,-2320,-0.36,231850,57.96
755,空頭進場,2022-10-21 09:05,S_Cmd,12880,1,644000,-2340,-0.36,1230,0.19,-2320,-0.36,231850,57.96
756,空頭出場,2022-10-21 20:10,S_Exit,12764,1,641700,3460,0.54,3530,0.55,-1620,-0.25,235310,58.83
756,空頭進場,2022-10-21 12:05,S_Cmd,12834,1,641700,3460,0.54,3530,0.55,-1620,-0.25,235310,58.83
757,多頭出場,2022-10-24 09:00,L_Exit,13047,1,654750,-2440,-0.37,80,0.01,-2420,-0.37,232870,58.22
757,多頭進場,2022-10-24 08:50,L_Cmd,13095,1,654750,-2440,-0.37,80,0.01,-2420,-0.37,232870,58.22
758,多頭出場,2022-10-24 10:05,L_Exit,12942,1,651000,-3940,-0.61,830,0.13,-3920,-0.60,228930,57.23
758,多頭進場,2022-10-24 09:40,L_Cmd,13020,1,651000,-3940,-0.61,830,0.13,-3920,-0.60,228930,57.23
759,空頭出場,2022-10-24 12:25,Trend Rev,12941,1,645700,-1390,-0.22,1730,0.27,-1770,-0.27,227540,56.89
759,空頭進場,2022-10-24 11:15,S_Cmd,12914,1,645700,-1390,-0.22,1730,0.27,-1770,-0.27,227540,56.89
760,空頭出場,2022-10-24 16:15,S_Exit,12807,1,643650,3260,0.51,3330,0.52,-1470,-0.23,230800,57.70
760,空頭進場,2022-10-24 13:30,S_Cmd,12873,1,643650,3260,0.51,3330,0.52,-1470,-0.23,230800,57.70
761,空頭出場,2022-10-24 23:55,Trend Rev,12882,1,641550,-2590,-0.40,2480,0.39,-2720,-0.42,228210,57.05
761,空頭進場,2022-10-24 22:05,S_Cmd,12831,1,641550,-2590,-0.40,2480,0.39,-2720,-0.42,228210,57.05
762,空頭出場,2022-10-25 09:15,S_Exit,12801,1,642750,2660,0.41,2730,0.42,-570,-0.09,230850,57.71
762,空頭進場,2022-10-25 09:05,S_Cmd,12855,1,642750,2660,0.41,2730,0.42,-570,-0.09,230850,57.71
763,空頭出場,2022-10-25 09:35,S_Exit_Add,12753,1,640650,2960,0.46,3030,0.47,-670,-0.10,233830,58.46
763,空頭進場,2022-10-25 09:15,S_Add,12813,1,640650,2960,0.46,3030,0.47,-670,-0.10,233830,58.46
764,空頭出場,2022-10-25 10:15,S_Exit,12676,1,637850,4010,0.63,4080,0.64,-2120,-0.33,237820,59.46
764,空頭進場,2022-10-25 09:40,S_Cmd,12757,1,637850,4010,0.63,4080,0.64,-2120,-0.33,237820,59.46
765,空頭出場,2022-10-25 21:25,Trend Rev,12727,1,634450,-1940,-0.31,1880,0.30,-6420,-1.01,235900,58.98
765,空頭進場,2022-10-25 10:15,S_Add,12689,1,634450,-1940,-0.31,1880,0.30,-6420,-1.01,235900,58.98
766,空頭出場,2022-10-26 09:10,S_Exit,12751,1,635350,-2240,-0.35,2130,0.34,-2220,-0.35,233640,58.41
766,空頭進場,2022-10-26 08:50,S_Cmd,12707,1,635350,-2240,-0.35,2130,0.34,-2220,-0.35,233640,58.41
767,空頭出場,2022-10-26 10:45,S_Exit_Add,12770,1,633450,-5090,-0.80,130,0.02,-5070,-0.80,228570,57.14
767,空頭進場,2022-10-26 09:10,S_Add,12669,1,633450,-5090,-0.80,130,0.02,-5070,-0.80,228570,57.14
768,空頭出場,2022-10-26 13:05,Trend Rev,12783,1,637900,-1290,-0.20,230,0.04,-1320,-0.21,227280,56.82
768,空頭進場,2022-10-26 12:50,S_Cmd,12758,1,637900,-1290,-0.20,230,0.04,-1320,-0.21,227280,56.82
769,空頭出場,2022-10-27 03:15,Trend Rev,12854,1,642300,-440,-0.07,130,0.02,-470,-0.07,226840,56.71
769,空頭進場,2022-10-27 03:05,S_Cmd,12846,1,642300,-440,-0.07,130,0.02,-470,-0.07,226840,56.71
770,空頭出場,2022-10-27 08:45,S_Exit,12881,1,641800,-2290,-0.36,380,0.06,-2270,-0.35,224550,56.14
770,空頭進場,2022-10-27 03:55,S_Cmd,12836,1,641800,-2290,-0.36,380,0.06,-2270,-0.35,224550,56.14
771,空頭出場,2022-10-28 04:35,S_Exit,12880,1,642650,-1390,-0.22,280,0.04,-1370,-0.21,223160,55.79
771,空頭進場,2022-10-28 04:25,S_Cmd,12853,1,642650,-1390,-0.22,280,0.04,-1370,-0.21,223160,55.79
772,空頭出場,2022-10-28 08:50,S_Exit,12882,1,642500,-1640,-0.26,180,0.03,-1770,-0.28,221520,55.38
772,空頭進場,2022-10-28 08:45,S_Cmd,12850,1,642500,-1640,-0.26,180,0.03,-1770,-0.28,221520,55.38
773,空頭出場,2022-10-28 13:00,S_Exit,12749,1,640850,3360,0.52,3430,0.54,-1570,-0.24,224860,56.22
773,空頭進場,2022-10-28 10:40,S_Cmd,12817,1,640850,3360,0.52,3430,0.54,-1570,-0.24,224860,56.22
774,空頭出場,2022-10-28 21:35,Trend Rev,12816,1,638650,-2190,-0.34,2130,0.33,-2670,-0.42,222690,55.67
774,空頭進場,2022-10-28 12:35,S_Add,12773,1,638650,-2190,-0.34,2130,0.33,-2670,-0.42,222690,55.67
775,多頭出場,2022-10-31 08:45,L_Exit_Add,12868,1,644500,-1140,-0.18,1830,0.28,-1120,-0.17,221530,55.38
775,多頭進場,2022-10-29 03:25,L_Cmd,12890,1,644500,-1140,-0.18,1830,0.28,-1120,-0.17,221530,55.38
776,多頭出場,2022-10-31 08:45,L_Exit,12866,1,645250,-1990,-0.31,1080,0.17,-1970,-0.31,219560,54.89
776,多頭進場,2022-10-29 04:00,L_Add,12905,1,645250,-1990,-0.31,1080,0.17,-1970,-0.31,219560,54.89
777,多頭出場,2022-10-31 16:05,Trend Rev,12907,1,646750,-1440,-0.22,2980,0.46,-1470,-0.23,218100,54.53
777,多頭進場,2022-10-31 09:50,L_Cmd,12935,1,646750,-1440,-0.22,2980,0.46,-1470,-0.23,218100,54.53
778,多頭出場,2022-10-31 16:05,Trend Rev,12907,1,649450,-4140,-0.64,280,0.04,-4170,-0.64,213980,53.50
778,多頭進場,2022-10-31 11:10,L_Add,12989,1,649450,-4140,-0.64,280,0.04,-4170,-0.64,213980,53.50
779,多頭出場,2022-11-01 00:45,Trend Rev,12906,1,645650,-390,-0.06,1630,0.25,-920,-0.14,213570,53.39
779,多頭進場,2022-10-31 23:05,L_Cmd,12913,1,645650,-390,-0.06,1630,0.25,-920,-0.14,213570,53.39
780,多頭出場,2022-11-01 00:45,Trend Rev,12906,1,647050,-1790,-0.28,180,0.03,-2320,-0.36,211800,52.95
780,多頭進場,2022-10-31 23:55,L_Add,12941,1,647050,-1790,-0.28,180,0.03,-2320,-0.36,211800,52.95
781,多頭出場,2022-11-01 03:55,L_Exit,12910,1,646750,-1290,-0.20,30,0.00,-1270,-0.20,210510,52.63
781,多頭進場,2022-11-01 03:45,L_Cmd,12935,1,646750,-1290,-0.20,30,0.00,-1270,-0.20,210510,52.63
782,多頭出場,2022-11-01 09:20,L_Exit,13026,1,647900,3360,0.52,3430,0.53,-1220,-0.19,213850,53.46
782,多頭進場,2022-11-01 08:50,L_Cmd,12958,1,647900,3360,0.52,3430,0.53,-1220,-0.19,213850,53.46
783,多頭出場,2022-11-01 09:50,L_Exit_Add,13064,1,649450,3710,0.57,3780,0.58,-370,-0.06,217520,54.38
783,多頭進場,2022-11-01 09:20,L_Add,12989,1,649450,3710,0.57,3780,0.58,-370,-0.06,217520,54.38
784,多頭出場,2022-11-01 10:00,L_Exit_G,13082,1,651300,2760,0.42,2830,0.43,-70,-0.01,220300,55.08
784,多頭進場,2022-11-01 09:25,L_Add,13026,1,651300,2760,0.42,2830,0.43,-70,-0.01,220300,55.08
785,多頭出場,2022-11-01 11:50,L_G_Cut,13024,1,652450,-1290,-0.20,2280,0.35,-1520,-0.23,218990,54.75
785,多頭進場,2022-11-01 09:30,L_Add,13049,1,652450,-1290,-0.20,2280,0.35,-1520,-0.23,218990,54.75
786,多頭出場,2022-11-01 21:30,L_Exit_Add,13105,1,652500,2710,0.42,2780,0.43,-2270,-0.35,221720,55.43
786,多頭進場,2022-11-01 09:50,L_G_進,13050,1,652500,2710,0.42,2780,0.43,-2270,-0.35,221720,55.43
787,多頭出場,2022-11-01 22:05,Trend Rev,13032,1,654100,-2540,-0.39,1230,0.19,-3870,-0.59,219200,54.80
787,多頭進場,2022-11-01 10:15,L_Add,13082,1,654100,-2540,-0.39,1230,0.19,-3870,-0.59,219200,54.80
788,多頭出場,2022-11-01 22:05,Trend Rev,13032,1,654650,-3090,-0.47,680,0.10,-4420,-0.68,216130,54.03
788,多頭進場,2022-11-01 10:40,L_G_進,13093,1,654650,-3090,-0.47,680,0.10,-4420,-0.68,216130,54.03
789,多頭出場,2022-11-02 09:00,L_Exit,13016,1,652100,-1340,-0.21,130,0.02,-1320,-0.20,214790,53.70
789,多頭進場,2022-11-02 08:50,L_Cmd,13042,1,652100,-1340,-0.21,130,0.02,-1320,-0.20,214790,53.70
790,多頭出場,2022-11-02 18:45,Trend Rev,13063,1,652550,560,0.09,2530,0.39,-970,-0.15,215310,53.83
790,多頭進場,2022-11-02 09:15,L_Cmd,13051,1,652550,560,0.09,2530,0.39,-970,-0.15,215310,53.83
791,多頭出場,2022-11-02 18:45,Trend Rev,13063,1,654000,-890,-0.14,1080,0.17,-1920,-0.29,214440,53.61
791,多頭進場,2022-11-02 10:30,L_Add,13080,1,654000,-890,-0.14,1080,0.17,-1920,-0.29,214440,53.61
792,多頭出場,2022-11-02 18:45,Trend Rev,13063,1,654550,-1440,-0.22,80,0.01,-1570,-0.24,213020,53.26
792,多頭進場,2022-11-02 13:30,L_Add,13091,1,654550,-1440,-0.22,80,0.01,-1570,-0.24,213020,53.26
793,多頭出場,2022-11-03 03:25,L_Exit,12926,1,652300,-6040,-0.93,80,0.01,-6020,-0.92,206980,51.75
793,多頭進場,2022-11-03 03:10,L_Cmd,13046,1,652300,-6040,-0.93,80,0.01,-6020,-0.92,206980,51.75
794,多頭出場,2022-11-03 13:25,Trend Rev,12967,1,648900,-590,-0.09,230,0.04,-570,-0.09,206390,51.60
794,多頭進場,2022-11-03 13:15,L_Cmd,12978,1,648900,-590,-0.09,230,0.04,-570,-0.09,206390,51.60
795,空頭出場,2022-11-04 08:45,S_Exit,12871,1,645250,1660,0.26,1730,0.27,-370,-0.06,208050,52.01
795,空頭進場,2022-11-04 04:00,S_Cmd,12905,1,645250,1660,0.26,1730,0.27,-370,-0.06,208050,52.01
796,空頭出場,2022-11-04 09:30,S_Exit,12899,1,643350,-1640,-0.25,830,0.13,-1620,-0.25,206410,51.60
796,空頭進場,2022-11-04 09:10,S_Cmd,12867,1,643350,-1640,-0.25,830,0.13,-1620,-0.25,206410,51.60
797,多頭出場,2022-11-04 18:55,L_Exit,13074,1,650000,3660,0.56,3730,0.57,-520,-0.08,210050,52.51
797,多頭進場,2022-11-04 13:10,L_Cmd,13000,1,650000,3660,0.56,3730,0.57,-520,-0.08,210050,52.51
798,多頭出場,2022-11-04 20:55,L_Exit_Add,13091,1,651600,2910,0.45,2980,0.46,-2120,-0.33,212980,53.25
798,多頭進場,2022-11-04 13:20,L_Add,13032,1,651600,2910,0.45,2980,0.46,-2120,-0.33,212980,53.25
799,多頭出場,2022-11-07 09:15,L_Exit_Add,13107,1,655700,-390,-0.06,3730,0.57,-2220,-0.34,212550,53.14
799,多頭進場,2022-11-04 21:15,L_Cmd,13114,1,655700,-390,-0.06,3730,0.57,-2220,-0.34,212550,53.14
800,多頭出場,2022-11-07 09:20,L_Exit_Add,13096,1,658100,-3340,-0.51,1330,0.20,-4470,-0.68,209230,52.31
800,多頭進場,2022-11-04 22:25,L_Add,13162,1,658100,-3340,-0.51,1330,0.20,-4470,-0.68,209230,52.31
801,多頭出場,2022-11-07 09:55,L_Exit,13197,1,658650,1160,0.18,1230,0.19,-3870,-0.59,210410,52.60
801,多頭進場,2022-11-05 03:15,L_Add,13173,1,658650,1160,0.18,1230,0.19,-3870,-0.59,210410,52.60
802,多頭出場,2022-11-07 21:05,L_Exit_Add,13276,1,660400,3360,0.51,3480,0.53,-1170,-0.18,213730,53.43
802,多頭進場,2022-11-07 11:00,L_Cmd,13208,1,660400,3360,0.51,3480,0.53,-1170,-0.18,213730,53.43
803,多頭出場,2022-11-07 22:45,L_Exit_Add,13237,1,662350,-540,-0.08,1880,0.28,-2670,-0.40,213210,53.30
803,多頭進場,2022-11-07 12:10,L_Add,13247,1,662350,-540,-0.08,1880,0.28,-2670,-0.40,213210,53.30
804,多頭出場,2022-11-08 00:45,Trend Rev,13238,1,663800,-1940,-0.29,430,0.06,-2220,-0.33,211290,52.82
804,多頭進場,2022-11-07 21:05,L_Add,13276,1,663800,-1940,-0.29,430,0.06,-2220,-0.33,211290,52.82
805,多頭出場,2022-11-08 09:00,L_Exit,13332,1,664550,2010,0.30,2080,0.31,-520,-0.08,213260,53.32
805,多頭進場,2022-11-08 03:30,L_Cmd,13291,1,664550,2010,0.30,2080,0.31,-520,-0.08,213260,53.32
806,多頭出場,2022-11-08 09:20,L_Exit_Add,13368,1,665700,2660,0.40,2730,0.41,-620,-0.09,215900,53.97
806,多頭進場,2022-11-08 08:50,L_Add,13314,1,665700,2660,0.40,2730,0.41,-620,-0.09,215900,53.97
807,多頭出場,2022-11-08 09:20,L_Exit_Add,13368,1,665950,2410,0.36,2480,0.37,-420,-0.06,218330,54.58
807,多頭進場,2022-11-08 09:00,L_Add,13319,1,665950,2410,0.36,2480,0.37,-420,-0.06,218330,54.58
808,多頭出場,2022-11-08 09:20,L_Exit_G,13368,1,666800,1560,0.23,1630,0.24,-470,-0.07,219910,54.98
808,多頭進場,2022-11-08 09:10,L_Add,13336,1,666800,1560,0.23,1630,0.24,-470,-0.07,219910,54.98
809,多頭出場,2022-11-08 10:40,L_Exit_Add,13389,1,667000,2410,0.36,2480,0.37,-20,0.00,222280,55.57
809,多頭進場,2022-11-08 09:20,L_G_進,13340,1,667000,2410,0.36,2480,0.37,-20,0.00,222280,55.57
810,多頭出場,2022-11-08 12:25,L_G_Cut,13360,1,667900,60,0.01,1580,0.24,-820,-0.12,222360,55.59
810,多頭進場,2022-11-08 09:25,L_Add,13358,1,667900,60,0.01,1580,0.24,-820,-0.12,222360,55.59
811,多頭出場,2022-11-08 22:55,L_Exit_Add,13422,1,668600,2460,0.37,2530,0.38,-2670,-0.40,224820,56.21
811,多頭進場,2022-11-08 09:30,L_Add,13372,1,668600,2460,0.37,2530,0.38,-2670,-0.40,224820,56.21
812,多頭出場,2022-11-08 22:55,L_Exit_Add,13422,1,669000,2060,0.31,2130,0.32,-3070,-0.46,226900,56.73
812,多頭進場,2022-11-08 09:35,L_G_進,13380,1,669000,2060,0.31,2130,0.32,-3070,-0.46,226900,56.73
813,多頭出場,2022-11-08 23:50,L_Exit_Add,13462,1,670850,2210,0.33,2280,0.34,-670,-0.10,229070,57.27
813,多頭進場,2022-11-08 22:55,L_Add,13417,1,670850,2210,0.33,2280,0.34,-670,-0.10,229070,57.27
814,多頭出場,2022-11-09 00:35,L_Exit_G,13482,1,672100,1960,0.29,2030,0.30,-220,-0.03,231030,57.76
814,多頭進場,2022-11-08 23:35,L_Add,13442,1,672100,1960,0.29,2030,0.30,-220,-0.03,231030,57.76
815,多頭出場,2022-11-09 00:40,L_Exit_Add,13483,1,672350,1760,0.26,1830,0.27,-470,-0.07,232790,58.20
815,多頭進場,2022-11-08 23:40,L_Add,13447,1,672350,1760,0.26,1830,0.27,-470,-0.07,232790,58.20
816,多頭出場,2022-11-09 02:05,L_Exit_Add,13492,1,673100,1460,0.22,1530,0.23,-1220,-0.18,234270,58.57
816,多頭進場,2022-11-08 23:50,L_G_進,13462,1,673100,1460,0.22,1530,0.23,-1220,-0.18,234270,58.57
817,多頭出場,2022-11-09 02:05,L_Exit_G,13492,1,673700,860,0.13,930,0.14,-320,-0.05,235150,58.79
817,多頭進場,2022-11-09 00:35,L_G_進,13474,1,673700,860,0.13,930,0.14,-320,-0.05,235150,58.79
818,多頭出場,2022-11-09 02:25,L_G_Cut,13456,1,674100,-1340,-0.20,530,0.08,-1670,-0.25,233830,58.46
818,多頭進場,2022-11-09 00:40,L_G_進,13482,1,674100,-1340,-0.20,530,0.08,-1670,-0.25,233830,58.46
819,多頭出場,2022-11-09 11:20,L_Exit,13597,1,675400,4410,0.65,4480,0.66,-170,-0.03,238200,59.55
819,多頭進場,2022-11-09 09:35,L_Cmd,13508,1,675400,4410,0.65,4480,0.66,-170,-0.03,238200,59.55
820,多頭出場,2022-11-09 12:40,L_Exit_Add,13610,1,677450,3010,0.44,3080,0.45,-120,-0.02,241210,60.30
820,多頭進場,2022-11-09 10:20,L_Add,13549,1,677450,3010,0.44,3080,0.45,-120,-0.02,241210,60.30
821,多頭出場,2022-11-09 15:45,L_Exit_Add,13637,1,678750,3060,0.45,3130,0.46,-1420,-0.21,244290,61.07
821,多頭進場,2022-11-09 10:30,L_Add,13575,1,678750,3060,0.45,3130,0.46,-1420,-0.21,244290,61.07
822,多頭出場,2022-11-09 16:05,L_Exit_Add,13656,1,679900,2860,0.42,2930,0.43,-2270,-0.33,247170,61.79
822,多頭進場,2022-11-09 11:25,L_Add,13598,1,679900,2860,0.42,2930,0.43,-2270,-0.33,247170,61.79
823,多頭出場,2022-11-09 21:20,L_Exit,13578,1,680350,-1490,-0.22,30,0.00,-1470,-0.22,245680,61.42
823,多頭進場,2022-11-09 21:05,L_Cmd,13607,1,680350,-1490,-0.22,30,0.00,-1470,-0.22,245680,61.42
824,多頭出場,2022-11-09 23:30,Trend Rev,13574,1,679750,-1090,-0.16,30,0.00,-1220,-0.18,244590,61.15
824,多頭進場,2022-11-09 23:25,L_Cmd,13595,1,679750,-1090,-0.16,30,0.00,-1220,-0.18,244590,61.15
825,多頭出場,2022-11-10 09:30,Trend Rev,13529,1,677650,-1240,-0.18,580,0.09,-1270,-0.19,243350,60.84
825,多頭進場,2022-11-10 09:10,L_Cmd,13553,1,677650,-1240,-0.18,580,0.09,-1270,-0.19,243350,60.84
826,多頭出場,2022-11-10 21:25,Trend Rev,13474,1,674150,-490,-0.07,80,0.01,-570,-0.08,242860,60.72
826,多頭進場,2022-11-10 21:15,L_Cmd,13483,1,674150,-490,-0.07,80,0.01,-570,-0.08,242860,60.72
827,多頭出場,2022-11-10 23:00,L_Exit,13779,1,681700,7210,1.06,7280,1.07,-170,-0.02,250010,62.50
827,多頭進場,2022-11-10 21:35,L_Cmd,13634,1,681700,7210,1.06,7280,1.07,-170,-0.02,250010,62.50
828,多頭出場,2022-11-10 23:00,L_Exit_G,13779,1,684750,4160,0.61,4230,0.62,-1570,-0.23,254190,63.55
828,多頭進場,2022-11-10 21:50,L_Add,13695,1,684750,4160,0.61,4230,0.62,-1570,-0.23,254190,63.55
829,多頭出場,2022-11-10 23:00,L_Exit_Add,13787,1,686050,3260,0.48,3330,0.49,-1370,-0.20,257470,64.37
829,多頭進場,2022-11-10 22:25,L_Add,13721,1,686050,3260,0.48,3330,0.49,-1370,-0.20,257470,64.37
830,多頭出場,2022-11-11 00:00,L_Exit_Add,13819,1,686650,4260,0.62,4330,0.63,-1970,-0.29,261710,65.43
830,多頭進場,2022-11-10 22:30,L_G_進,13733,1,686650,4260,0.62,4330,0.63,-1970,-0.29,261710,65.43
831,多頭出場,2022-11-11 00:30,L_Exit_Add,13871,1,689200,4310,0.63,4380,0.64,-620,-0.09,266020,66.51
831,多頭進場,2022-11-10 23:10,L_Add,13784,1,689200,4310,0.63,4380,0.64,-620,-0.09,266020,66.51
832,多頭出場,2022-11-11 00:55,L_Exit_Add,13884,1,690850,3310,0.48,3380,0.49,-570,-0.08,269330,67.33
832,多頭進場,2022-11-11 00:00,L_Add,13817,1,690850,3310,0.48,3380,0.49,-570,-0.08,269330,67.33
833,多頭出場,2022-11-11 03:40,L_Exit_Add,13917,1,692500,3310,0.48,3380,0.49,-370,-0.05,272660,68.16
833,多頭進場,2022-11-11 00:30,L_Add,13850,1,692500,3310,0.48,3380,0.49,-370,-0.05,272660,68.16
834,多頭出場,2022-11-11 04:45,L_Exit_Add,13951,1,694250,3260,0.47,3330,0.48,-2120,-0.31,275940,68.99
834,多頭進場,2022-11-11 00:55,L_Add,13885,1,694250,3260,0.47,3330,0.48,-2120,-0.31,275940,68.99
835,多頭出場,2022-11-11 09:20,L_Exit,13950,1,699550,-2090,-0.30,2580,0.37,-2070,-0.30,273830,68.46
835,多頭進場,2022-11-11 08:55,L_Cmd,13991,1,699550,-2090,-0.30,2580,0.37,-2070,-0.30,273830,68.46
836,多頭出場,2022-11-11 09:20,L_Exit_Add,13949,1,701700,-4290,-0.61,230,0.03,-4270,-0.61,269560,67.39
836,多頭進場,2022-11-11 09:10,L_Add,14034,1,701700,-4290,-0.61,230,0.03,-4270,-0.61,269560,67.39
837,多頭出場,2022-11-11 15:00,L_Exit_Add,14101,1,699150,5860,0.84,5930,0.85,-1170,-0.17,275400,68.85
837,多頭進場,2022-11-11 10:15,L_Cmd,13983,1,699150,5860,0.84,5930,0.85,-1170,-0.17,275400,68.85
838,多頭出場,2022-11-11 15:55,L_Exit,14123,1,701750,4360,0.62,4430,0.63,-320,-0.05,279780,69.95
838,多頭進場,2022-11-11 13:35,L_Add,14035,1,701750,4360,0.62,4430,0.63,-320,-0.05,279780,69.95
839,多頭出場,2022-11-14 08:45,L_Exit_Add,14150,1,707450,10,0.00,4080,0.58,-2820,-0.40,279730,69.93
839,多頭進場,2022-11-11 23:20,L_Cmd,14149,1,707450,10,0.00,4080,0.58,-2820,-0.40,279730,69.93
840,多頭出場,2022-11-14 08:50,L_G_Cut,14144,1,709600,-2440,-0.34,1930,0.27,-2470,-0.35,277310,69.33
840,多頭進場,2022-11-12 03:10,L_Add,14192,1,709600,-2440,-0.34,1930,0.27,-2470,-0.35,277310,69.33
841,多頭出場,2022-11-14 08:55,Trend Rev,14131,1,710750,-4240,-0.60,780,0.11,-4270,-0.60,273090,68.27
841,多頭進場,2022-11-12 03:35,L_Add,14215,1,710750,-4240,-0.60,780,0.11,-4270,-0.60,273090,68.27
842,多頭出場,2022-11-14 08:55,Trend Rev,14131,1,711450,-4940,-0.69,80,0.01,-4970,-0.70,268170,67.04
842,多頭進場,2022-11-12 03:45,L_G_進,14229,1,711450,-4940,-0.69,80,0.01,-4970,-0.70,268170,67.04
843,多頭出場,2022-11-14 12:20,Trend Rev,14142,1,708900,-1840,-0.26,830,0.12,-1970,-0.28,266330,66.58
843,多頭進場,2022-11-14 11:00,L_Cmd,14178,1,708900,-1840,-0.26,830,0.12,-1970,-0.28,266330,66.58
844,多頭出場,2022-11-15 00:15,Trend Rev,14153,1,709000,-1390,-0.20,1130,0.16,-1420,-0.20,264940,66.24
844,多頭進場,2022-11-14 23:10,L_Cmd,14180,1,709000,-1390,-0.20,1130,0.16,-1420,-0.20,264940,66.24
845,多頭出場,2022-11-15 09:15,L_Exit,14333,1,711200,5410,0.76,5480,0.77,-420,-0.06,270290,67.57
845,多頭進場,2022-11-15 08:50,L_Cmd,14224,1,711200,5410,0.76,5480,0.77,-420,-0.06,270290,67.57
846,多頭出場,2022-11-15 09:25,L_Exit_G,14346,1,713350,3910,0.55,3980,0.56,-1720,-0.24,274220,68.55
846,多頭進場,2022-11-15 09:00,L_Add,14267,1,713350,3910,0.55,3980,0.56,-1720,-0.24,274220,68.55
847,多頭出場,2022-11-15 09:35,L_Exit_Add,14361,1,714900,3110,0.44,3180,0.44,-70,-0.01,277350,69.34
847,多頭進場,2022-11-15 09:10,L_Add,14298,1,714900,3110,0.44,3180,0.44,-70,-0.01,277350,69.34
848,多頭出場,2022-11-15 10:10,L_Exit_Add,14392,1,716050,3510,0.49,3630,0.51,-720,-0.10,280840,70.21
848,多頭進場,2022-11-15 09:15,L_G_進,14321,1,716050,3510,0.49,3630,0.51,-720,-0.10,280840,70.21
849,多頭出場,2022-11-15 10:15,L_Exit_Add,14548,1,718450,8910,1.24,8980,1.25,-520,-0.07,289750,72.44
849,多頭進場,2022-11-15 09:45,L_Add,14369,1,718450,8910,1.24,8980,1.25,-520,-0.07,289750,72.44
850,多頭出場,2022-11-15 10:15,L_Exit_Add,14548,1,719650,7710,1.07,7780,1.08,-370,-0.05,297480,74.37
850,多頭進場,2022-11-15 10:10,L_Add,14393,1,719650,7710,1.07,7780,1.08,-370,-0.05,297480,74.37
851,多頭出場,2022-11-15 12:25,L_Exit_Add,14556,1,722450,5310,0.73,5380,0.74,-470,-0.07,302770,75.69
851,多頭進場,2022-11-15 10:15,L_Add,14449,1,722450,5310,0.73,5380,0.74,-470,-0.07,302770,75.69
852,多頭出場,2022-11-15 21:05,L_Exit_Add,14609,1,727350,3060,0.42,3930,0.54,-5070,-0.70,305830,76.46
852,多頭進場,2022-11-15 10:20,L_Add,14547,1,727350,3060,0.42,3930,0.54,-5070,-0.70,305830,76.46
853,多頭出場,2022-11-15 21:05,L_Exit_Add,14609,1,727100,3310,0.46,4180,0.57,-3770,-0.52,309160,77.29
853,多頭進場,2022-11-15 11:40,L_Add,14542,1,727100,3310,0.46,4180,0.57,-3770,-0.52,309160,77.29
854,多頭出場,2022-11-15 21:30,L_Exit_Add,14738,1,730500,6360,0.87,6430,0.88,-70,-0.01,315540,78.89
854,多頭進場,2022-11-15 21:05,L_Add,14610,1,730500,6360,0.87,6430,0.88,-70,-0.01,315540,78.89
855,多頭出場,2022-11-15 22:10,L_Exit,14664,1,736050,-2890,-0.39,630,0.09,-2870,-0.39,312650,78.16
855,多頭進場,2022-11-15 21:35,L_Cmd,14721,1,736050,-2890,-0.39,630,0.09,-2870,-0.39,312650,78.16
856,多頭出場,2022-11-17 09:00,Trend Rev,14448,1,723150,-790,-0.11,330,0.05,-920,-0.13,311860,77.96
856,多頭進場,2022-11-17 08:50,L_Cmd,14463,1,723150,-790,-0.11,330,0.05,-920,-0.13,311860,77.96
857,多頭出場,2022-11-17 11:30,Trend Rev,14440,1,722950,-990,-0.14,80,0.01,-1170,-0.16,310870,77.72
857,多頭進場,2022-11-17 11:20,L_Cmd,14459,1,722950,-990,-0.14,80,0.01,-1170,-0.16,310870,77.72
858,多頭出場,2022-11-17 17:35,Trend Rev,14473,1,723250,360,0.05,4930,0.68,-870,-0.12,311190,77.80
858,多頭進場,2022-11-17 11:35,L_Cmd,14465,1,723250,360,0.05,4930,0.68,-870,-0.12,311190,77.80
859,多頭出場,2022-11-17 17:35,Trend Rev,14473,1,725450,-1840,-0.25,2730,0.38,-2270,-0.31,309370,77.34
859,多頭進場,2022-11-17 12:00,L_Add,14509,1,725450,-1840,-0.25,2730,0.38,-2270,-0.31,309370,77.34
860,多頭出場,2022-11-17 17:35,Trend Rev,14473,1,726600,-2990,-0.41,1580,0.22,-3420,-0.47,306400,76.60
860,多頭進場,2022-11-17 13:25,L_Add,14532,1,726600,-2990,-0.41,1580,0.22,-3420,-0.47,306400,76.60
861,多頭出場,2022-11-18 00:10,Trend Rev,14439,1,722200,-290,-0.04,3780,0.52,-1770,-0.25,306070,76.52
861,多頭進場,2022-11-17 22:50,L_Cmd,14444,1,722200,-290,-0.04,3780,0.52,-1770,-0.25,306070,76.52
862,多頭出場,2022-11-18 00:10,Trend Rev,14439,1,724600,-2690,-0.37,1380,0.19,-2670,-0.37,303400,75.85
862,多頭進場,2022-11-17 23:20,L_Add,14492,1,724600,-2690,-0.37,1380,0.19,-2670,-0.37,303400,75.85
863,多頭出場,2022-11-18 00:10,Trend Rev,14439,1,725700,-3790,-0.52,80,0.01,-3770,-0.52,299630,74.91
863,多頭進場,2022-11-17 23:30,L_Add,14514,1,725700,-3790,-0.52,80,0.01,-3770,-0.52,299630,74.91
864,多頭出場,2022-11-18 09:10,L_Exit,14660,1,727800,5160,0.71,5230,0.72,-1620,-0.22,304770,76.19
864,多頭進場,2022-11-18 08:50,L_Cmd,14556,1,727800,5160,0.71,5230,0.72,-1620,-0.22,304770,76.19
865,多頭出場,2022-11-18 09:35,L_Exit_Add,14552,1,730400,-2840,-0.39,3630,0.50,-2820,-0.39,301910,75.48
865,多頭進場,2022-11-18 09:10,L_Add,14608,1,730400,-2840,-0.39,3630,0.50,-2820,-0.39,301910,75.48
866,多頭出場,2022-11-18 09:35,L_Exit_Add,14531,1,732800,-6290,-0.86,1230,0.17,-6270,-0.86,295640,73.91
866,多頭進場,2022-11-18 09:15,L_Add,14656,1,732800,-6290,-0.86,1230,0.17,-6270,-0.86,295640,73.91
867,多頭出場,2022-11-18 10:00,L_Exit_Add,14483,1,733850,-9740,-1.33,180,0.02,-9720,-1.32,285920,71.48
867,多頭進場,2022-11-18 09:25,L_Add,14677,1,733850,-9740,-1.33,180,0.02,-9720,-1.32,285920,71.48
868,多頭出場,2022-11-21 12:20,Trend Rev,14476,1,724250,-490,-0.07,530,0.07,-670,-0.09,285430,71.36
868,多頭進場,2022-11-21 12:15,L_Cmd,14485,1,724250,-490,-0.07,530,0.07,-670,-0.09,285430,71.36
869,多頭出場,2022-11-21 22:05,Trend Rev,14434,1,722000,-340,-0.05,330,0.05,-320,-0.04,285090,71.27
869,多頭進場,2022-11-21 21:55,L_Cmd,14440,1,722000,-340,-0.05,330,0.05,-320,-0.04,285090,71.27
870,多頭出場,2022-11-22 09:50,Trend Rev,14420,1,722400,-1440,-0.20,280,0.04,-1520,-0.21,283650,70.91
870,多頭進場,2022-11-22 09:40,L_Cmd,14448,1,722400,-1440,-0.20,280,0.04,-1520,-0.21,283650,70.91
871,多頭出場,2022-11-22 23:30,L_Exit_Add,14591,1,724800,4710,0.65,4780,0.66,-820,-0.11,288300,72.08
871,多頭進場,2022-11-22 11:10,L_Cmd,14496,1,724800,4710,0.65,4780,0.66,-820,-0.11,288300,72.08
872,多頭出場,2022-11-23 00:00,L_Exit_G,14606,1,727200,3060,0.42,3130,0.43,-1820,-0.25,291380,72.85
872,多頭進場,2022-11-22 22:00,L_Add,14544,1,727200,3060,0.42,3130,0.43,-1820,-0.25,291380,72.85
873,多頭出場,2022-11-23 08:45,L_Exit,14630,1,728500,2960,0.41,3030,0.42,-370,-0.05,294360,73.59
873,多頭進場,2022-11-22 23:20,L_Add,14570,1,728500,2960,0.41,3030,0.42,-370,-0.05,294360,73.59
874,多頭出場,2022-11-23 08:45,L_Exit_Add,14630,1,729350,2110,0.29,2180,0.30,-1220,-0.17,296490,74.12
874,多頭進場,2022-11-22 23:30,L_G_進,14587,1,729350,2110,0.29,2180,0.30,-1220,-0.17,296490,74.12
875,多頭出場,2022-11-24 00:50,L_G_Cut,14658,1,730750,2110,0.29,3680,0.50,-1270,-0.17,298540,74.63
875,多頭進場,2022-11-23 10:55,L_Cmd,14615,1,730750,2110,0.29,3680,0.50,-1270,-0.17,298540,74.63
876,多頭出場,2022-11-24 03:00,L_Exit_Add,14699,1,732550,2360,0.32,2430,0.33,-1120,-0.15,300920,75.23
876,多頭進場,2022-11-23 22:40,L_Add,14651,1,732550,2360,0.32,2430,0.33,-1120,-0.15,300920,75.23
877,多頭出場,2022-11-24 08:50,L_Exit,14709,1,733750,1660,0.23,1730,0.24,-2320,-0.32,302600,75.65
877,多頭進場,2022-11-23 22:55,L_Add,14675,1,733750,1660,0.23,1730,0.24,-2320,-0.32,302600,75.65
878,多頭出場,2022-11-24 09:45,L_Exit_Add,14718,1,734200,1660,0.23,1730,0.24,-2770,-0.38,304280,76.07
878,多頭進場,2022-11-24 00:25,L_G_進,14684,1,734200,1660,0.23,1730,0.24,-2770,-0.38,304280,76.07
879,多頭出場,2022-11-24 12:50,L_Exit,14783,1,734500,4610,0.63,4680,0.64,-1520,-0.21,308850,77.21
879,多頭進場,2022-11-24 09:50,L_Cmd,14690,1,734500,4610,0.63,4680,0.64,-1520,-0.21,308850,77.21
880,多頭出場,2022-11-24 17:10,L_Exit_Add,14803,1,737450,2660,0.36,2730,0.37,-120,-0.02,311530,77.88
880,多頭進場,2022-11-24 12:40,L_Add,14749,1,737450,2660,0.36,2730,0.37,-120,-0.02,311530,77.88
881,多頭出場,2022-11-24 17:25,L_Exit_Add,14813,1,737950,2660,0.36,2730,0.37,-420,-0.06,314210,78.55
881,多頭進場,2022-11-24 12:45,L_Add,14759,1,737950,2660,0.36,2730,0.37,-420,-0.06,314210,78.55
882,多頭出場,2022-11-24 22:15,L_Exit,14794,1,740500,-840,-0.11,30,0.00,-820,-0.11,313370,78.34
882,多頭進場,2022-11-24 22:05,L_Cmd,14810,1,740500,-840,-0.11,30,0.00,-820,-0.11,313370,78.34
883,多頭出場,2022-11-25 04:20,L_Exit_Add,14793,1,740400,-790,-0.11,930,0.13,-770,-0.10,312560,78.14
883,多頭進場,2022-11-24 23:05,L_Cmd,14808,1,740400,-790,-0.11,930,0.13,-770,-0.10,312560,78.14
884,多頭出場,2022-11-25 04:20,L_Exit,14791,1,741150,-1640,-0.22,180,0.02,-1620,-0.22,310940,77.74
884,多頭進場,2022-11-24 23:30,L_Add,14823,1,741150,-1640,-0.22,180,0.02,-1620,-0.22,310940,77.74
885,空頭出場,2022-11-28 10:15,S_Exit,14510,1,721950,-3590,-0.50,280,0.04,-3570,-0.49,307350,76.84
885,空頭進場,2022-11-28 10:10,S_Cmd,14439,1,721950,-3590,-0.50,280,0.04,-3570,-0.49,307350,76.84
886,空頭出場,2022-11-29 01:00,S_Exit,14482,1,726100,1960,0.27,2030,0.28,-520,-0.07,309310,77.33
886,空頭進場,2022-11-29 00:30,S_Cmd,14522,1,726100,1960,0.27,2030,0.28,-520,-0.07,309310,77.33
887,空頭出場,2022-11-29 04:35,S_Exit,14406,1,722000,1660,0.23,1780,0.25,-820,-0.11,310950,77.74
887,空頭進場,2022-11-29 03:30,S_Cmd,14440,1,722000,1660,0.23,1780,0.25,-820,-0.11,310950,77.74
888,空頭出場,2022-11-29 08:45,S_Exit_Add,14452,1,720750,-1890,-0.26,530,0.07,-1870,-0.26,309060,77.27
888,空頭進場,2022-11-29 04:30,S_Add,14415,1,720750,-1890,-0.26,530,0.07,-1870,-0.26,309060,77.27
889,空頭出場,2022-11-29 08:45,S_Exit_Add,14461,1,720300,-2790,-0.39,30,0.00,-2770,-0.38,306290,76.57
889,空頭進場,2022-11-29 04:35,S_Add,14406,1,720300,-2790,-0.39,30,0.00,-2770,-0.38,306290,76.57
890,多頭出場,2022-11-29 13:05,L_Exit_G,14677,1,728950,4860,0.67,4930,0.68,-70,-0.01,311090,77.77
890,多頭進場,2022-11-29 11:20,L_Cmd,14579,1,728950,4860,0.67,4930,0.68,-70,-0.01,311090,77.77
891,多頭出場,2022-11-29 15:00,L_Exit,14692,1,731100,3460,0.47,3530,0.48,-770,-0.11,314570,78.64
891,多頭進場,2022-11-29 11:30,L_Add,14622,1,731100,3460,0.47,3530,0.48,-770,-0.11,314570,78.64
892,多頭出場,2022-11-29 15:00,L_Exit_Add,14692,1,732600,1960,0.27,2030,0.28,-720,-0.10,316550,79.14
892,多頭進場,2022-11-29 12:20,L_Add,14652,1,732600,1960,0.27,2030,0.28,-720,-0.10,316550,79.14
893,多頭出場,2022-11-29 21:55,Trend Rev,14624,1,733150,-1990,-0.27,1480,0.20,-2270,-0.31,314580,78.65
893,多頭進場,2022-11-29 13:05,L_G_進,14663,1,733150,-1990,-0.27,1480,0.20,-2270,-0.31,314580,78.65
894,多頭出場,2022-11-30 00:00,L_Exit,14611,1,732950,-2440,-0.33,130,0.02,-2420,-0.33,312140,78.04
894,多頭進場,2022-11-29 23:30,L_Cmd,14659,1,732950,-2440,-0.33,130,0.02,-2420,-0.33,312140,78.04
895,多頭出場,2022-11-30 03:20,Trend Rev,14614,1,731300,-640,-0.09,80,0.01,-670,-0.09,311500,77.88
895,多頭進場,2022-11-30 03:05,L_Cmd,14626,1,731300,-640,-0.09,80,0.01,-670,-0.09,311500,77.88
896,多頭出場,2022-11-30 11:15,L_Exit,14769,1,733550,4860,0.66,4930,0.67,-1370,-0.19,316300,79.07
896,多頭進場,2022-11-30 09:05,L_Cmd,14671,1,733550,4860,0.66,4930,0.67,-1370,-0.19,316300,79.07
897,多頭出場,2022-11-30 11:15,L_Exit_G,14769,1,735500,2910,0.40,2980,0.41,-2220,-0.30,319230,79.81
897,多頭進場,2022-11-30 09:35,L_Add,14710,1,735500,2910,0.40,2980,0.41,-2220,-0.30,319230,79.81
898,多頭出場,2022-11-30 11:25,L_Exit_Add,14787,1,736200,3110,0.42,3180,0.43,-2920,-0.40,322340,80.58
898,多頭進場,2022-11-30 09:40,L_Add,14724,1,736200,3110,0.42,3180,0.43,-2920,-0.40,322340,80.58
899,多頭出場,2022-11-30 12:20,L_Exit_Add,14802,1,736850,3210,0.44,3330,0.45,-170,-0.02,325550,81.39
899,多頭進場,2022-11-30 11:05,L_G_進,14737,1,736850,3210,0.44,3330,0.45,-170,-0.02,325550,81.39
900,多頭出場,2022-11-30 22:40,Trend Rev,14762,1,739100,-1040,-0.14,2730,0.37,-1320,-0.18,324530,81.13
900,多頭進場,2022-11-30 11:25,L_Add,14782,1,739100,-1040,-0.14,2730,0.37,-1320,-0.18,324530,81.13
901,多頭出場,2022-11-30 22:40,Trend Rev,14762,1,740100,-2040,-0.28,1730,0.23,-2170,-0.29,322510,80.63
901,多頭進場,2022-11-30 12:20,L_Add,14802,1,740100,-2040,-0.28,1730,0.23,-2170,-0.29,322510,80.63
902,多頭出場,2022-12-01 09:05,L_Exit,15102,1,748000,7060,0.94,7130,0.95,-1570,-0.21,329530,82.38
902,多頭進場,2022-12-01 03:20,L_Cmd,14960,1,748000,7060,0.94,7130,0.95,-1570,-0.21,329530,82.38
903,多頭出場,2022-12-01 11:05,L_Exit_Add,14975,1,752000,-3290,-0.44,3930,0.52,-3270,-0.43,326240,81.56
903,多頭進場,2022-12-01 08:50,L_Add,15040,1,752000,-3290,-0.44,3930,0.52,-3270,-0.43,326240,81.56
904,多頭出場,2022-12-01 15:45,L_Exit_Add,14921,1,752950,-6940,-0.92,2980,0.40,-6920,-0.92,319320,79.83
904,多頭進場,2022-12-01 08:55,L_Add,15059,1,752950,-6940,-0.92,2980,0.40,-6920,-0.92,319320,79.83
905,多頭出場,2022-12-01 15:50,Trend Rev,14923,1,755650,-9540,-1.26,280,0.04,-9870,-1.31,309800,77.45
905,多頭進場,2022-12-01 09:30,L_Add,15113,1,755650,-9540,-1.26,280,0.04,-9870,-1.31,309800,77.45
906,多頭出場,2022-12-01 21:30,L_Exit,14995,1,747650,2060,0.28,2130,0.28,-870,-0.12,311860,77.96
906,多頭進場,2022-12-01 21:05,L_Cmd,14953,1,747650,2060,0.28,2130,0.28,-870,-0.12,311860,77.96
907,多頭出場,2022-12-01 21:45,L_Exit,14962,1,749650,-1590,-0.21,130,0.02,-1570,-0.21,310270,77.57
907,多頭進場,2022-12-01 21:35,L_Cmd,14993,1,749650,-1590,-0.21,130,0.02,-1570,-0.21,310270,77.57
908,多頭出場,2022-12-02 21:15,L_Exit,14914,1,746650,-990,-0.13,130,0.02,-970,-0.13,309280,77.32
908,多頭進場,2022-12-02 21:10,L_Cmd,14933,1,746650,-990,-0.13,130,0.02,-970,-0.13,309280,77.32
909,多頭出場,2022-12-05 12:45,Trend Rev,14924,1,748700,-2540,-0.34,3580,0.48,-2620,-0.35,306720,76.68
909,多頭進場,2022-12-05 09:10,L_Cmd,14974,1,748700,-2540,-0.34,3580,0.48,-2620,-0.35,306720,76.68
910,多頭出場,2022-12-05 12:45,Trend Rev,14924,1,750850,-4690,-0.62,1430,0.19,-4770,-0.64,302050,75.51
910,多頭進場,2022-12-05 09:35,L_Add,15017,1,750850,-4690,-0.62,1430,0.19,-4770,-0.64,302050,75.51
911,多頭出場,2022-12-06 09:25,L_Exit,14833,1,744200,-2590,-0.35,480,0.06,-2570,-0.35,299460,74.87
911,多頭進場,2022-12-06 09:05,L_Cmd,14884,1,744200,-2590,-0.35,480,0.06,-2570,-0.35,299460,74.87
912,空頭出場,2022-12-06 13:15,S_Exit,14712,1,738200,2560,0.35,2630,0.36,-570,-0.08,301980,75.50
912,空頭進場,2022-12-06 12:30,S_Cmd,14764,1,738200,2560,0.35,2630,0.36,-570,-0.08,301980,75.50
913,空頭出場,2022-12-06 13:25,S_Exit_Add,14682,1,736500,2360,0.32,2430,0.33,-170,-0.02,304360,76.09
913,空頭進場,2022-12-06 13:05,S_Add,14730,1,736500,2360,0.32,2430,0.33,-170,-0.02,304360,76.09
914,空頭出場,2022-12-06 15:00,S_Exit_Add,14658,1,735550,2610,0.35,2680,0.36,-820,-0.11,306970,76.74
914,空頭進場,2022-12-06 13:15,S_Add,14711,1,735550,2610,0.35,2680,0.36,-820,-0.11,306970,76.74
915,空頭出場,2022-12-06 23:05,S_Exit_Add,14615,1,733800,3010,0.41,3080,0.42,-2170,-0.30,309980,77.50
915,空頭進場,2022-12-06 13:45,S_Add,14676,1,733800,3010,0.41,3080,0.42,-2170,-0.30,309980,77.50
916,空頭出場,2022-12-07 02:20,S_Exit_Add,14582,1,731700,2560,0.35,2630,0.36,-1020,-0.14,312560,78.14
916,空頭進場,2022-12-06 23:05,S_Add,14634,1,731700,2560,0.35,2630,0.36,-1020,-0.14,312560,78.14
917,空頭出場,2022-12-07 11:45,Trend Rev,14658,1,730850,-2090,-0.29,1230,0.17,-2120,-0.29,310470,77.62
917,空頭進場,2022-12-07 11:05,S_Cmd,14617,1,730850,-2090,-0.29,1230,0.17,-2120,-0.29,310470,77.62
918,空頭出場,2022-12-07 15:40,S_Exit,14557,1,731000,3110,0.43,3180,0.44,-620,-0.08,313580,78.40
918,空頭進場,2022-12-07 13:30,S_Cmd,14620,1,731000,3110,0.43,3180,0.44,-620,-0.08,313580,78.40
919,空頭出場,2022-12-08 09:20,S_Exit,14472,1,726200,2560,0.35,2630,0.36,-1220,-0.17,316140,79.04
919,空頭進場,2022-12-08 09:05,S_Cmd,14524,1,726200,2560,0.35,2630,0.36,-1220,-0.17,316140,79.04
920,空頭出場,2022-12-08 11:20,S_Exit,14532,1,723700,-2940,-0.41,3080,0.43,-2920,-0.40,313180,78.30
920,空頭進場,2022-12-08 09:25,S_Cmd,14474,1,723700,-2940,-0.41,3080,0.43,-2920,-0.40,313180,78.30
921,空頭出場,2022-12-08 12:05,S_Exit_Add,14540,1,721300,-5740,-0.80,680,0.09,-5720,-0.79,307460,76.87
921,空頭進場,2022-12-08 09:55,S_Add,14426,1,721300,-5740,-0.80,680,0.09,-5720,-0.79,307460,76.87
922,空頭出場,2022-12-08 15:40,Trend Rev,14538,1,724700,-2240,-0.31,230,0.03,-2270,-0.31,305220,76.31
922,空頭進場,2022-12-08 13:10,S_Cmd,14494,1,724700,-2240,-0.31,230,0.03,-2270,-0.31,305220,76.31
923,多頭出場,2022-12-09 21:30,L_Exit_Add,14747,1,735700,1610,0.22,3430,0.47,-2270,-0.31,306810,76.70
923,多頭進場,2022-12-09 11:10,L_Cmd,14714,1,735700,1610,0.22,3430,0.47,-2270,-0.31,306810,76.70
924,多頭出場,2022-12-09 21:40,Trend Rev,14712,1,738950,-3390,-0.46,180,0.02,-4470,-0.60,303440,75.86
924,多頭進場,2022-12-09 21:05,L_Add,14779,1,738950,-3390,-0.46,180,0.02,-4470,-0.60,303440,75.86
925,多頭出場,2022-12-10 01:55,Trend Rev,14721,1,736550,-540,-0.07,1880,0.26,-520,-0.07,302880,75.72
925,多頭進場,2022-12-10 00:00,L_Cmd,14731,1,736550,-540,-0.07,1880,0.26,-520,-0.07,302880,75.72
926,多頭出場,2022-12-10 01:55,Trend Rev,14721,1,738350,-2340,-0.32,80,0.01,-2320,-0.31,300560,75.14
926,多頭進場,2022-12-10 00:30,L_Add,14767,1,738350,-2340,-0.32,80,0.01,-2320,-0.31,300560,75.14
927,空頭出場,2022-12-12 09:00,S_Exit,14556,1,730950,3110,0.43,3180,0.44,-220,-0.03,303650,75.91
927,空頭進場,2022-12-12 08:50,S_Cmd,14619,1,730950,3110,0.43,3180,0.44,-220,-0.03,303650,75.91
928,空頭出場,2022-12-12 09:05,S_Exit_Add,14504,1,729450,4210,0.58,4280,0.59,-370,-0.05,307880,76.97
928,空頭進場,2022-12-12 09:00,S_Add,14589,1,729450,4210,0.58,4280,0.59,-370,-0.05,307880,76.97
929,空頭出場,2022-12-12 22:35,S_Exit,14537,1,729250,2360,0.32,2430,0.33,-470,-0.06,310240,77.56
929,空頭進場,2022-12-12 22:05,S_Cmd,14585,1,729250,2360,0.32,2430,0.33,-470,-0.06,310240,77.56
930,空頭出場,2022-12-12 22:50,S_Exit,14574,1,727050,-1690,-0.23,80,0.01,-1670,-0.23,308550,77.14
930,空頭進場,2022-12-12 22:40,S_Cmd,14541,1,727050,-1690,-0.23,80,0.01,-1670,-0.23,308550,77.14
931,空頭出場,2022-12-13 19:25,Trend Rev,14551,1,726550,-1040,-0.14,1730,0.24,-1420,-0.20,307510,76.88
931,空頭進場,2022-12-13 12:05,S_Cmd,14531,1,726550,-1040,-0.14,1730,0.24,-1420,-0.20,307510,76.88
932,空頭出場,2022-12-14 04:30,S_Exit,14617,1,728400,-2490,-0.34,230,0.03,-2470,-0.34,305020,76.26
932,空頭進場,2022-12-14 04:05,S_Cmd,14568,1,728400,-2490,-0.34,230,0.03,-2470,-0.34,305020,76.26
933,多頭出場,2022-12-15 03:00,L_Exit,14656,1,735600,-2840,-0.39,1580,0.21,-2820,-0.38,302180,75.55
933,多頭進場,2022-12-14 11:20,L_Cmd,14712,1,735600,-2840,-0.39,1580,0.21,-2820,-0.38,302180,75.55
934,空頭出場,2022-12-15 23:00,S_Exit,14509,1,728050,2560,0.35,2630,0.36,-570,-0.08,304740,76.19
934,空頭進場,2022-12-15 22:35,S_Cmd,14561,1,728050,2560,0.35,2630,0.36,-570,-0.08,304740,76.19
935,空頭出場,2022-12-16 02:20,S_Exit,14443,1,724900,2710,0.37,2780,0.38,-670,-0.09,307450,76.86
935,空頭進場,2022-12-16 00:15,S_Cmd,14498,1,724900,2710,0.37,2780,0.38,-670,-0.09,307450,76.86
936,空頭出場,2022-12-16 03:30,S_Exit,14440,1,720550,-1490,-0.21,130,0.02,-1470,-0.20,305960,76.49
936,空頭進場,2022-12-16 03:10,S_Cmd,14411,1,720550,-1490,-0.21,130,0.02,-1470,-0.20,305960,76.49
937,空頭出場,2022-12-16 15:15,Trend Rev,14509,1,724350,-1140,-0.16,2530,0.35,-1220,-0.17,304800,76.20
937,空頭進場,2022-12-16 12:35,S_Cmd,14487,1,724350,-1140,-0.16,2530,0.35,-1220,-0.17,304800,76.20
938,空頭出場,2022-12-16 15:15,Trend Rev,14509,1,722400,-3090,-0.43,580,0.08,-3170,-0.44,301730,75.43
938,空頭進場,2022-12-16 13:35,S_Add,14448,1,722400,-3090,-0.43,580,0.08,-3170,-0.44,301730,75.43
939,空頭出場,2022-12-17 04:00,Trend Rev,14389,1,718300,-1190,-0.17,1880,0.26,-1470,-0.20,300540,75.13
939,空頭進場,2022-12-16 23:15,S_Cmd,14366,1,718300,-1190,-0.17,1880,0.26,-1470,-0.20,300540,75.13
940,空頭出場,2022-12-19 12:20,Trend Rev,14409,1,720250,-240,-0.03,480,0.07,-320,-0.04,300300,75.08
940,空頭進場,2022-12-19 12:10,S_Cmd,14405,1,720250,-240,-0.03,480,0.07,-320,-0.04,300300,75.08
941,空頭出場,2022-12-19 23:20,S_Exit,14447,1,720800,-1590,-0.22,1230,0.17,-1570,-0.22,298710,74.68
941,空頭進場,2022-12-19 22:50,S_Cmd,14416,1,720800,-1590,-0.22,1230,0.17,-1570,-0.22,298710,74.68
942,空頭出場,2022-12-20 03:20,S_Exit,14342,1,719550,2410,0.33,2480,0.34,-1370,-0.19,301100,75.28
942,空頭進場,2022-12-20 00:05,S_Cmd,14391,1,719550,2410,0.33,2480,0.34,-1370,-0.19,301100,75.28
943,空頭出場,2022-12-20 09:05,S_Exit_Add,14412,1,717700,-2940,-0.41,1180,0.16,-2920,-0.41,298180,74.54
943,空頭進場,2022-12-20 03:05,S_Add,14354,1,717700,-2940,-0.41,1180,0.16,-2920,-0.41,298180,74.54
944,空頭出場,2022-12-20 11:45,S_Exit_Add,14200,1,717400,7360,1.03,7430,1.04,-120,-0.02,305480,76.37
944,空頭進場,2022-12-20 11:05,S_Cmd,14348,1,717400,7360,1.03,7430,1.04,-120,-0.02,305480,76.37
945,空頭出場,2022-12-20 11:45,S_Exit_G,14200,1,714750,4710,0.66,4780,0.67,-420,-0.06,310210,77.55
945,空頭進場,2022-12-20 11:10,S_Add,14295,1,714750,4710,0.66,4780,0.67,-420,-0.06,310210,77.55
946,空頭出場,2022-12-20 12:00,S_Exit_Add,14163,1,712750,4560,0.64,4630,0.65,-1070,-0.15,314770,78.69
946,空頭進場,2022-12-20 11:20,S_Add,14255,1,712750,4560,0.64,4630,0.65,-1070,-0.15,314770,78.69
947,空頭出場,2022-12-20 23:00,Trend Rev,14190,1,711550,2010,0.28,5580,0.78,-1370,-0.19,316760,79.19
947,空頭進場,2022-12-20 11:35,S_G_進,14231,1,711550,2010,0.28,5580,0.78,-1370,-0.19,316760,79.19
948,空頭出場,2022-12-20 23:00,Trend Rev,14190,1,709300,-240,-0.03,3330,0.47,-470,-0.07,316540,79.14
948,空頭進場,2022-12-20 12:00,S_Add,14186,1,709300,-240,-0.03,3330,0.47,-470,-0.07,316540,79.14
949,空頭出場,2022-12-20 23:00,Trend Rev,14190,1,707550,-1990,-0.28,1580,0.22,-2220,-0.31,314570,78.64
949,空頭進場,2022-12-20 12:15,S_Add,14151,1,707550,-1990,-0.28,1580,0.22,-2220,-0.31,314570,78.64
950,空頭出場,2022-12-20 23:00,Trend Rev,14190,1,706400,-3140,-0.44,430,0.06,-3370,-0.48,311450,77.86
950,空頭進場,2022-12-20 12:20,S_G_進,14128,1,706400,-3140,-0.44,430,0.06,-3370,-0.48,311450,77.86
951,空頭出場,2022-12-21 15:55,Trend Rev,14183,1,707850,-1340,-0.19,1280,0.18,-1320,-0.19,310110,77.53
951,空頭進場,2022-12-21 12:15,S_Cmd,14157,1,707850,-1340,-0.19,1280,0.18,-1320,-0.19,310110,77.53
952,空頭出場,2022-12-22 23:00,S_Exit,14197,1,712550,2660,0.37,2730,0.38,-370,-0.05,312770,78.19
952,空頭進場,2022-12-22 22:35,S_Cmd,14251,1,712550,2660,0.37,2730,0.38,-370,-0.05,312770,78.19
953,空頭出場,2022-12-22 23:30,S_Exit,14156,1,710100,2260,0.32,2330,0.33,-320,-0.05,315010,78.75
953,空頭進場,2022-12-22 23:05,S_Cmd,14202,1,710100,2260,0.32,2330,0.33,-320,-0.05,315010,78.75
954,空頭出場,2022-12-23 01:25,S_Exit_Add,14108,1,708250,2810,0.40,2880,0.41,-1720,-0.24,317840,79.46
954,空頭進場,2022-12-22 23:25,S_Add,14165,1,708250,2810,0.40,2880,0.41,-1720,-0.24,317840,79.46
955,空頭出場,2022-12-26 23:45,Trend Rev,14239,1,711500,-490,-0.07,180,0.03,-470,-0.07,317350,79.34
955,空頭進場,2022-12-26 22:50,S_Cmd,14230,1,711500,-490,-0.07,180,0.03,-470,-0.07,317350,79.34
956,空頭出場,2022-12-27 13:00,Trend Rev,14307,1,714500,-890,-0.12,530,0.07,-870,-0.12,316460,79.12
956,空頭進場,2022-12-27 12:45,S_Cmd,14290,1,714500,-890,-0.12,530,0.07,-870,-0.12,316460,79.12
957,空頭出場,2022-12-28 09:05,S_Exit,14123,1,708600,2410,0.34,2480,0.35,-120,-0.02,318870,79.72
957,空頭進場,2022-12-28 08:50,S_Cmd,14172,1,708600,2410,0.34,2480,0.35,-120,-0.02,318870,79.72
958,空頭出場,2022-12-28 15:30,S_Exit,14159,1,705650,-2340,-0.33,2130,0.30,-2320,-0.33,316530,79.13
958,空頭進場,2022-12-28 10:45,S_Cmd,14113,1,705650,-2340,-0.33,2130,0.30,-2320,-0.33,316530,79.13
959,空頭出場,2022-12-28 23:55,S_Exit,14058,1,705000,2060,0.29,2130,0.30,-470,-0.07,318590,79.65
959,空頭進場,2022-12-28 23:30,S_Cmd,14100,1,705000,2060,0.29,2130,0.30,-470,-0.07,318590,79.65
960,空頭出場,2022-12-29 01:00,S_Exit,14002,1,702400,2260,0.32,2330,0.33,-620,-0.09,320830,80.21
960,空頭進場,2022-12-29 00:10,S_Cmd,14048,1,702400,2260,0.32,2330,0.33,-620,-0.09,320830,80.21
961,空頭出場,2022-12-29 08:50,S_Exit_Add,13967,1,700450,2060,0.29,2380,0.34,-2270,-0.32,322890,80.72
961,空頭進場,2022-12-29 00:50,S_Add,14009,1,700450,2060,0.29,2380,0.34,-2270,-0.32,322890,80.72
962,空頭出場,2022-12-29 11:00,S_Exit_Add,14029,1,698550,-2940,-0.42,1630,0.23,-2920,-0.42,319970,79.99
962,空頭進場,2022-12-29 08:50,S_Add,13971,1,698550,-2940,-0.42,1630,0.23,-2920,-0.42,319970,79.99
963,空頭出場,2022-12-30 15:00,S_Exit,14096,1,707200,2360,0.33,2430,0.34,-70,-0.01,322330,80.58
963,空頭進場,2022-12-30 13:30,S_Cmd,14144,1,707200,2360,0.33,2430,0.34,-70,-0.01,322330,80.58
964,空頭出場,2022-12-31 02:20,S_Exit,14010,1,702750,2210,0.31,2280,0.32,-1720,-0.24,324520,81.13
964,空頭進場,2022-12-30 22:50,S_Cmd,14055,1,702750,2210,0.31,2280,0.32,-1720,-0.24,324520,81.13
965,空頭出場,2022-12-31 04:15,Trend Rev,14075,1,701250,-2540,-0.36,980,0.14,-2770,-0.39,322000,80.50
965,空頭進場,2022-12-31 00:55,S_Add,14025,1,701250,-2540,-0.36,980,0.14,-2770,-0.39,322000,80.50
966,空頭出場,2023-01-03 09:25,S_Exit,13958,1,701500,3560,0.51,3630,0.52,-770,-0.11,325540,81.38
966,空頭進場,2023-01-03 09:00,S_Cmd,14030,1,701500,3560,0.51,3630,0.52,-770,-0.11,325540,81.38
967,空頭出場,2023-01-03 10:20,Trend Rev,14062,1,699150,-3990,-0.57,1530,0.22,-4270,-0.61,321570,80.39
967,空頭進場,2023-01-03 09:25,S_Add,13983,1,699150,-3990,-0.57,1530,0.22,-4270,-0.61,321570,80.39
968,多頭出場,2023-01-03 17:10,L_Exit,14304,1,710100,5060,0.71,5130,0.72,-870,-0.12,326630,81.66
968,多頭進場,2023-01-03 12:00,L_Cmd,14202,1,710100,5060,0.71,5130,0.72,-870,-0.12,326630,81.66
969,多頭出場,2023-01-03 22:55,L_Exit,14230,1,713200,-1740,-0.24,1980,0.28,-1720,-0.24,324890,81.22
969,多頭進場,2023-01-03 22:00,L_Cmd,14264,1,713200,-1740,-0.24,1980,0.28,-1720,-0.24,324890,81.22
970,多頭出場,2023-01-04 09:15,Trend Rev,14187,1,711150,-1840,-0.26,80,0.01,-1820,-0.26,323050,80.76
970,多頭進場,2023-01-04 09:05,L_Cmd,14223,1,711150,-1840,-0.26,80,0.01,-1820,-0.26,323050,80.76
971,多頭出場,2023-01-04 11:40,Trend Rev,14206,1,712400,-2140,-0.30,1130,0.16,-2220,-0.31,320910,80.23
971,多頭進場,2023-01-04 09:40,L_Cmd,14248,1,712400,-2140,-0.30,1130,0.16,-2220,-0.31,320910,80.23
972,多頭出場,2023-01-04 15:00,Trend Rev,14207,1,711450,-1140,-0.16,780,0.11,-1120,-0.16,319770,79.94
972,多頭進場,2023-01-04 13:05,L_Cmd,14229,1,711450,-1140,-0.16,780,0.11,-1120,-0.16,319770,79.94
973,多頭出場,2023-01-04 22:35,L_Exit,14299,1,713000,1910,0.27,1980,0.28,-270,-0.04,321660,80.42
973,多頭進場,2023-01-04 21:25,L_Cmd,14260,1,713000,1910,0.27,1980,0.28,-270,-0.04,321660,80.42
974,多頭出場,2023-01-04 23:05,L_Exit_Add,14237,1,714200,-2390,-0.33,980,0.14,-2370,-0.33,319290,79.82
974,多頭進場,2023-01-04 22:30,L_Add,14284,1,714200,-2390,-0.33,980,0.14,-2370,-0.33,319290,79.82
975,多頭出場,2023-01-05 09:20,L_Exit,14374,1,713650,5010,0.70,5080,0.71,-370,-0.05,324240,81.06
975,多頭進場,2023-01-04 23:55,L_Cmd,14273,1,713650,5010,0.70,5080,0.71,-370,-0.05,324240,81.06
976,多頭出場,2023-01-05 09:20,L_Exit_G,14374,1,716000,2660,0.37,2730,0.38,-1920,-0.27,326920,81.73
976,多頭進場,2023-01-05 00:35,L_Add,14320,1,716000,2660,0.37,2730,0.38,-1920,-0.27,326920,81.73
977,多頭出場,2023-01-05 10:05,Trend Rev,14274,1,716800,-3140,-0.44,1930,0.27,-3320,-0.46,323800,80.95
977,多頭進場,2023-01-05 03:20,L_Add,14336,1,716800,-3140,-0.44,1930,0.27,-3320,-0.46,323800,80.95
978,多頭出場,2023-01-05 10:05,Trend Rev,14274,1,717500,-3840,-0.54,1230,0.17,-4020,-0.56,319980,80.00
978,多頭進場,2023-01-05 09:20,L_G_進,14350,1,717500,-3840,-0.54,1230,0.17,-4020,-0.56,319980,80.00
979,多頭出場,2023-01-05 16:40,Trend Rev,14276,1,713850,-90,-0.01,880,0.12,-820,-0.11,319890,79.97
979,多頭進場,2023-01-05 15:00,L_Cmd,14277,1,713850,-90,-0.01,880,0.12,-820,-0.11,319890,79.97
980,多頭出場,2023-01-06 11:00,L_Exit,14359,1,714550,3360,0.47,3430,0.48,-470,-0.07,323190,80.80
980,多頭進場,2023-01-06 08:50,L_Cmd,14291,1,714550,3360,0.47,3430,0.48,-470,-0.07,323190,80.80
981,多頭出場,2023-01-06 11:00,L_Exit_G,14359,1,715800,2110,0.29,2180,0.30,-1320,-0.18,325320,81.33
981,多頭進場,2023-01-06 09:10,L_Add,14316,1,715800,2110,0.29,2180,0.30,-1320,-0.18,325320,81.33
982,多頭出場,2023-01-06 11:10,L_Exit_Add,14384,1,716600,2560,0.36,2630,0.37,-2120,-0.30,327880,81.97
982,多頭進場,2023-01-06 09:15,L_Add,14332,1,716600,2560,0.36,2630,0.37,-2120,-0.30,327880,81.97
983,多頭出場,2023-01-06 11:30,L_Exit_Add,14399,1,716950,2960,0.41,3030,0.42,-2470,-0.34,330820,82.71
983,多頭進場,2023-01-06 09:20,L_G_進,14339,1,716950,2960,0.41,3030,0.42,-2470,-0.34,330820,82.71
984,多頭出場,2023-01-06 15:00,L_G_Cut,14361,1,718300,-290,-0.04,1880,0.26,-570,-0.08,330550,82.64
984,多頭進場,2023-01-06 11:10,L_Add,14366,1,718300,-290,-0.04,1880,0.26,-570,-0.08,330550,82.64
985,多頭出場,2023-01-06 21:05,Trend Rev,14343,1,719000,-1890,-0.26,1180,0.16,-2270,-0.32,328680,82.17
985,多頭進場,2023-01-06 11:20,L_Add,14380,1,719000,-1890,-0.26,1180,0.16,-2270,-0.32,328680,82.17
986,多頭出場,2023-01-06 21:05,Trend Rev,14343,1,719800,-2690,-0.37,380,0.05,-3070,-0.43,326010,81.50
986,多頭進場,2023-01-06 11:30,L_G_進,14396,1,719800,-2690,-0.37,380,0.05,-3070,-0.43,326010,81.50
987,多頭出場,2023-01-06 23:35,L_Exit,14457,1,719100,3710,0.52,3780,0.53,-1020,-0.14,329680,82.42
987,多頭進場,2023-01-06 21:35,L_Cmd,14382,1,719100,3710,0.52,3780,0.53,-1020,-0.14,329680,82.42
988,多頭出場,2023-01-07 00:25,L_Exit_Add,14507,1,721200,4110,0.57,4180,0.58,-2870,-0.40,333770,83.44
988,多頭進場,2023-01-06 21:50,L_Add,14424,1,721200,4110,0.57,4180,0.58,-2870,-0.40,333770,83.44
989,多頭出場,2023-01-07 00:35,L_Exit_Add,14521,1,721950,4060,0.56,4130,0.57,-3620,-0.50,337830,84.46
989,多頭進場,2023-01-06 22:35,L_Add,14439,1,721950,4060,0.56,4130,0.57,-3620,-0.50,337830,84.46
990,多頭出場,2023-01-07 00:35,L_Exit_G,14521,1,724250,1760,0.24,1830,0.25,-220,-0.03,339610,84.90
990,多頭進場,2023-01-06 23:50,L_Add,14485,1,724250,1760,0.24,1830,0.25,-220,-0.03,339610,84.90
991,多頭出場,2023-01-07 00:45,L_Exit_G,14532,1,724400,2160,0.30,2230,0.31,-370,-0.05,341790,85.45
991,多頭進場,2023-01-06 23:55,L_G_進,14488,1,724400,2160,0.30,2230,0.31,-370,-0.05,341790,85.45
992,多頭出場,2023-01-07 00:55,L_Exit_Add,14551,1,725250,2260,0.31,2330,0.32,-370,-0.05,344050,86.01
992,多頭進場,2023-01-07 00:30,L_G_進,14505,1,725250,2260,0.31,2330,0.32,-370,-0.05,344050,86.01
993,多頭出場,2023-01-07 03:20,L_Exit_Add,14586,1,727300,1960,0.27,2030,0.28,-970,-0.13,346010,86.50
993,多頭進場,2023-01-07 00:55,L_Add,14546,1,727300,1960,0.27,2030,0.28,-970,-0.13,346010,86.50
994,多頭出場,2023-01-09 08:45,L_Exit_Add,14637,1,729050,2760,0.38,2830,0.39,-170,-0.02,348790,87.20
994,多頭進場,2023-01-07 03:15,L_Add,14581,1,729050,2760,0.38,2830,0.39,-170,-0.02,348790,87.20
995,多頭出場,2023-01-09 09:00,L_Exit,14592,1,731600,-2040,-0.28,180,0.02,-2020,-0.28,346750,86.69
995,多頭進場,2023-01-09 08:50,L_Cmd,14632,1,731600,-2040,-0.28,180,0.02,-2020,-0.28,346750,86.69
996,多頭出場,2023-01-09 13:20,L_Exit_Add,14745,1,732900,4310,0.59,4380,0.60,-1120,-0.15,351000,87.75
996,多頭進場,2023-01-09 09:50,L_Cmd,14658,1,732900,4310,0.59,4380,0.60,-1120,-0.15,351000,87.75
997,多頭出場,2023-01-09 13:25,L_Exit_G,14750,1,735150,2310,0.31,2380,0.32,-120,-0.02,353330,88.33
997,多頭進場,2023-01-09 12:25,L_Add,14703,1,735150,2310,0.31,2380,0.32,-120,-0.02,353330,88.33
998,多頭出場,2023-01-09 13:45,L_Exit,14769,1,736400,2010,0.27,2130,0.29,-570,-0.08,355360,88.84
998,多頭進場,2023-01-09 12:45,L_Add,14728,1,736400,2010,0.27,2130,0.29,-570,-0.08,355360,88.84
999,多頭出場,2023-01-09 13:45,L_Exit_Add,14769,1,737050,1360,0.18,1480,0.20,-220,-0.03,356740,89.19
999,多頭進場,2023-01-09 13:20,L_G_進,14741,1,737050,1360,0.18,1480,0.20,-220,-0.03,356740,89.19
1000,多頭出場,2023-01-09 22:50,L_Exit,14891,1,741950,2560,0.35,2630,0.35,-1070,-0.14,359280,89.82
1000,多頭進場,2023-01-09 22:25,L_Cmd,14839,1,741950,2560,0.35,2630,0.35,-1070,-0.14,359280,89.82
1001,多頭出場,2023-01-10 02:45,Trend Rev,14812,1,743900,-3340,-0.45,1180,0.16,-3570,-0.48,355960,88.99
1001,多頭進場,2023-01-09 22:50,L_Add,14878,1,743900,-3340,-0.45,1180,0.16,-3570,-0.48,355960,88.99
1002,多頭出場,2023-01-10 10:35,L_Exit,14751,1,740600,-3090,-0.42,130,0.02,-3070,-0.41,352870,88.22
1002,多頭進場,2023-01-10 10:05,L_Cmd,14812,1,740600,-3090,-0.42,130,0.02,-3070,-0.41,352870,88.22
1003,多頭出場,2023-01-10 15:15,Trend Rev,14794,1,740300,-640,-0.09,880,0.12,-620,-0.08,352230,88.06
1003,多頭進場,2023-01-10 13:25,L_Cmd,14806,1,740300,-640,-0.09,880,0.12,-620,-0.08,352230,88.06
1004,多頭出場,2023-01-10 23:30,L_Exit,14804,1,741850,-1690,-0.23,1780,0.24,-1670,-0.23,350520,87.63
1004,多頭進場,2023-01-10 22:05,L_Cmd,14837,1,741850,-1690,-0.23,1780,0.24,-1670,-0.23,350520,87.63
1005,多頭出場,2023-01-10 23:35,Trend Rev,14806,1,743500,-3240,-0.44,130,0.02,-3470,-0.47,347300,86.83
1005,多頭進場,2023-01-10 22:35,L_Add,14870,1,743500,-3240,-0.44,130,0.02,-3470,-0.47,347300,86.83
1006,多頭出場,2023-01-11 09:10,Trend Rev,14829,1,741900,-490,-0.07,2280,0.31,-1070,-0.14,346810,86.70
1006,多頭進場,2023-01-11 00:05,L_Cmd,14838,1,741900,-490,-0.07,2280,0.31,-1070,-0.14,346810,86.70
1007,多頭出場,2023-01-11 22:25,L_Exit,14831,1,739650,1860,0.25,1930,0.26,-570,-0.08,348630,87.16
1007,多頭進場,2023-01-11 21:20,L_Cmd,14793,1,739650,1860,0.25,1930,0.26,-570,-0.08,348630,87.16
1008,多頭出場,2023-01-12 00:00,Trend Rev,14791,1,740650,-1140,-0.15,1530,0.21,-1220,-0.16,347490,86.87
1008,多頭進場,2023-01-11 21:55,L_Add,14813,1,740650,-1140,-0.15,1530,0.21,-1220,-0.16,347490,86.87
1009,多頭出場,2023-01-12 00:00,Trend Rev,14791,1,741150,-1640,-0.22,1030,0.14,-1720,-0.23,345870,86.47
1009,多頭進場,2023-01-11 22:25,L_Add,14823,1,741150,-1640,-0.22,1030,0.14,-1720,-0.23,345870,86.47
1010,多頭出場,2023-01-12 00:00,Trend Rev,14791,1,742050,-2540,-0.34,130,0.02,-2620,-0.35,343350,85.84
1010,多頭進場,2023-01-11 22:45,L_Add,14841,1,742050,-2540,-0.34,130,0.02,-2620,-0.35,343350,85.84
1011,多頭出場,2023-01-12 09:00,Trend Rev,14825,1,741150,60,0.01,2430,0.33,-370,-0.05,343390,85.85
1011,多頭進場,2023-01-12 00:20,L_Cmd,14823,1,741150,60,0.01,2430,0.33,-370,-0.05,343390,85.85
1012,多頭出場,2023-01-12 09:00,Trend Rev,14825,1,742700,-1490,-0.20,880,0.12,-1620,-0.22,341920,85.48
1012,多頭進場,2023-01-12 03:35,L_Add,14854,1,742700,-1490,-0.20,880,0.12,-1620,-0.22,341920,85.48
1013,多頭出場,2023-01-12 21:25,L_Exit,14840,1,743300,-1340,-0.18,630,0.08,-1320,-0.18,340580,85.15
1013,多頭進場,2023-01-12 21:05,L_Cmd,14866,1,743300,-1340,-0.18,630,0.08,-1320,-0.18,340580,85.15
1014,多頭出場,2023-01-13 01:35,L_Exit_Add,15007,1,743300,7010,0.94,7080,0.95,-920,-0.12,347550,86.89
1014,多頭進場,2023-01-12 23:05,L_Cmd,14866,1,743300,7010,0.94,7080,0.95,-920,-0.12,347550,86.89
1015,多頭出場,2023-01-13 01:35,L_Exit,15015,1,746450,4260,0.57,4330,0.58,-1720,-0.23,351830,87.96
1015,多頭進場,2023-01-12 23:40,L_Add,14929,1,746450,4260,0.57,4330,0.58,-1720,-0.23,351830,87.96
1016,多頭出場,2023-01-13 09:25,Trend Rev,14918,1,747750,-1890,-0.25,3230,0.43,-2020,-0.27,349960,87.49
1016,多頭進場,2023-01-13 01:00,L_Add,14955,1,747750,-1890,-0.25,3230,0.43,-2020,-0.27,349960,87.49
1017,多頭出場,2023-01-16 11:10,L_Exit,14925,1,748700,-2490,-0.33,1480,0.20,-2470,-0.33,347470,86.87
1017,多頭進場,2023-01-16 09:55,L_Cmd,14974,1,748700,-2490,-0.33,1480,0.20,-2470,-0.33,347470,86.87
1018,多頭出場,2023-01-16 16:15,Trend Rev,14925,1,747850,-1640,-0.22,730,0.10,-2070,-0.28,345830,86.46
1018,多頭進場,2023-01-16 11:35,L_Cmd,14957,1,747850,-1640,-0.22,730,0.10,-2070,-0.28,345830,86.46
1019,多頭出場,2023-01-17 00:50,L_Exit,14934,1,747800,-1140,-0.15,80,0.01,-1120,-0.15,344690,86.17
1019,多頭進場,2023-01-16 22:10,L_Cmd,14956,1,747800,-1140,-0.15,80,0.01,-1120,-0.15,344690,86.17
1020,多頭出場,2023-01-17 10:25,Trend Rev,14932,1,747150,-590,-0.08,630,0.08,-770,-0.10,344100,86.03
1020,多頭進場,2023-01-17 10:10,L_Cmd,14943,1,747150,-590,-0.08,630,0.08,-770,-0.10,344100,86.03
1021,多頭出場,2023-01-17 13:15,L_Exit,14933,1,748350,-1740,-0.23,130,0.02,-1720,-0.23,342360,85.59
1021,多頭進場,2023-01-17 12:30,L_Cmd,14967,1,748350,-1740,-0.23,130,0.02,-1720,-0.23,342360,85.59
1022,多頭出場,2023-01-17 22:50,L_Exit,14996,1,747700,2060,0.28,2130,0.28,-120,-0.02,344380,86.10
1022,多頭進場,2023-01-17 22:05,L_Cmd,14954,1,747700,2060,0.28,2130,0.28,-120,-0.02,344380,86.10
1023,多頭出場,2023-01-17 23:00,L_Exit_Add,15028,1,748600,2760,0.37,2830,0.38,-720,-0.10,347140,86.79
1023,多頭進場,2023-01-17 22:15,L_Add,14972,1,748600,2760,0.37,2830,0.38,-720,-0.10,347140,86.79
1024,多頭出場,2023-01-17 23:00,L_Exit_Add,15028,1,749150,2210,0.29,2280,0.30,-270,-0.04,349370,87.34
1024,多頭進場,2023-01-17 22:50,L_Add,14983,1,749150,2210,0.29,2280,0.30,-270,-0.04,349370,87.34
1025,多頭出場,2023-01-18 00:15,L_G_Cut,14977,1,749700,-890,-0.12,2180,0.29,-1270,-0.17,348440,87.11
1025,多頭進場,2023-01-17 22:55,L_Add,14994,1,749700,-890,-0.12,2180,0.29,-1270,-0.17,348440,87.11
1026,多頭出場,2023-01-30 08:45,L_Exit_Add,15423,1,751100,20010,2.66,20080,2.67,-2670,-0.36,368470,92.12
1026,多頭進場,2023-01-17 23:05,L_Add,15022,1,751100,20010,2.66,20080,2.67,-2670,-0.36,368470,92.12
1027,多頭出場,2023-01-30 08:45,L_Exit_Add,15423,1,751300,19810,2.64,19880,2.65,-2870,-0.38,388300,97.08
1027,多頭進場,2023-01-17 23:10,L_Add,15026,1,751300,19810,2.64,19880,2.65,-2870,-0.38,388300,97.08
1028,多頭出場,2023-01-30 08:45,L_Exit_Add,15423,1,751600,19510,2.60,19580,2.61,-3170,-0.42,407830,101.96
1028,多頭進場,2023-01-17 23:15,L_G_進,15032,1,751600,19510,2.60,19580,2.61,-3170,-0.42,407830,101.96
1029,多頭出場,2023-01-30 23:40,L_G_Cut,15447,1,771650,660,0.09,3230,0.42,-1670,-0.22,408430,102.11
1029,多頭進場,2023-01-30 12:40,L_Cmd,15433,1,771650,660,0.09,3230,0.42,-1670,-0.22,408430,102.11
1030,多頭出場,2023-01-31 02:00,L_Exit_Add,15432,1,773400,-1840,-0.24,1480,0.19,-1820,-0.24,406610,101.65
1030,多頭進場,2023-01-30 22:50,L_Add,15468,1,773400,-1840,-0.24,1480,0.19,-1820,-0.24,406610,101.65
1031,多頭出場,2023-01-31 04:15,Trend Rev,15419,1,774250,-3340,-0.43,630,0.08,-3320,-0.43,403290,100.82
1031,多頭進場,2023-01-30 23:05,L_Add,15485,1,774250,-3340,-0.43,630,0.08,-3320,-0.43,403290,100.82
1032,多頭出場,2023-01-31 04:15,Trend Rev,15419,1,774550,-3640,-0.47,330,0.04,-3620,-0.47,399670,99.92
1032,多頭進場,2023-01-30 23:10,L_G_進,15491,1,774550,-3640,-0.47,330,0.04,-3620,-0.47,399670,99.92
1033,多頭出場,2023-01-31 09:25,Trend Rev,15421,1,772000,-990,-0.13,780,0.10,-1420,-0.18,398680,99.67
1033,多頭進場,2023-01-31 08:50,L_Cmd,15440,1,772000,-990,-0.13,780,0.10,-1420,-0.18,398680,99.67
1034,多頭出場,2023-02-01 09:20,L_G_Cut,15363,1,766450,1660,0.22,3330,0.43,-420,-0.05,400280,100.07
1034,多頭進場,2023-01-31 23:35,L_Cmd,15329,1,766450,1660,0.22,3330,0.43,-420,-0.05,400280,100.07
1035,多頭出場,2023-02-01 10:05,Trend Rev,15339,1,768150,-1240,-0.16,1630,0.21,-1520,-0.20,399060,99.77
1035,多頭進場,2023-02-01 03:10,L_Add,15363,1,768150,-1240,-0.16,1630,0.21,-1520,-0.20,399060,99.77
1036,多頭出場,2023-02-01 10:05,Trend Rev,15339,1,768750,-1840,-0.24,1030,0.13,-2120,-0.28,397240,99.31
1036,多頭進場,2023-02-01 08:55,L_Add,15375,1,768750,-1840,-0.24,1030,0.13,-2120,-0.28,397240,99.31
1037,多頭出場,2023-02-01 10:05,Trend Rev,15339,1,769400,-2490,-0.32,380,0.05,-2770,-0.36,394770,98.69
1037,多頭進場,2023-02-01 09:15,L_G_進,15388,1,769400,-2490,-0.32,380,0.05,-2770,-0.36,394770,98.69
1038,多頭出場,2023-02-01 11:55,Trend Rev,15340,1,767550,-590,-0.08,180,0.02,-620,-0.08,394180,98.55
1038,多頭進場,2023-02-01 11:45,L_Cmd,15351,1,767550,-590,-0.08,180,0.02,-620,-0.08,394180,98.55
1039,多頭出場,2023-02-01 22:55,L_Exit,15451,1,769350,3160,0.41,3230,0.42,-1070,-0.14,397280,99.32
1039,多頭進場,2023-02-01 13:30,L_Cmd,15387,1,769350,3160,0.41,3230,0.42,-1070,-0.14,397280,99.32
1040,多頭出場,2023-02-01 23:25,L_G_Cut,15412,1,770900,-340,-0.04,1680,0.22,-520,-0.07,396960,99.24
1040,多頭進場,2023-02-01 22:45,L_Add,15418,1,770900,-340,-0.04,1680,0.22,-520,-0.07,396960,99.24
1041,多頭出場,2023-02-01 23:50,L_Exit_Add,15388,1,772050,-2690,-0.35,530,0.07,-2670,-0.35,394290,98.57
1041,多頭進場,2023-02-01 22:50,L_Add,15441,1,772050,-2690,-0.35,530,0.07,-2670,-0.35,394290,98.57
1042,多頭出場,2023-02-01 23:55,Trend Rev,15388,1,772400,-3040,-0.39,180,0.02,-3420,-0.44,391270,97.82
1042,多頭進場,2023-02-01 22:55,L_G_進,15448,1,772400,-3040,-0.39,180,0.02,-3420,-0.44,391270,97.82
1043,多頭出場,2023-02-02 03:35,Trend Rev,15372,1,770500,-1940,-0.25,280,0.04,-3120,-0.40,389330,97.33
1043,多頭進場,2023-02-02 03:15,L_Cmd,15410,1,770500,-1940,-0.25,280,0.04,-3120,-0.40,389330,97.33
1044,多頭出場,2023-02-02 09:15,L_Exit,15566,1,771300,6960,0.90,7030,0.91,-370,-0.05,396230,99.06
1044,多頭進場,2023-02-02 03:40,L_Cmd,15426,1,771300,6960,0.90,7030,0.91,-370,-0.05,396230,99.06
1045,多頭出場,2023-02-02 09:15,L_Exit_G,15566,1,774000,4260,0.55,4330,0.56,-1270,-0.16,400510,100.13
1045,多頭進場,2023-02-02 03:55,L_Add,15480,1,774000,4260,0.55,4330,0.56,-1270,-0.16,400510,100.13
1046,多頭出場,2023-02-02 11:50,L_Exit_Add,15579,1,776400,2510,0.32,2580,0.33,-3020,-0.39,403040,100.76
1046,多頭進場,2023-02-02 08:50,L_Add,15528,1,776400,2510,0.32,2580,0.33,-3020,-0.39,403040,100.76
1047,多頭出場,2023-02-02 16:30,L_Exit_Add,15623,1,777200,3910,0.50,3980,0.51,-3820,-0.49,406970,101.74
1047,多頭進場,2023-02-02 09:10,L_G_進,15544,1,777200,3910,0.50,3980,0.51,-3820,-0.49,406970,101.74
1048,多頭出場,2023-02-02 23:00,L_Exit_Add,15597,1,781100,-1290,-0.17,1730,0.22,-1270,-0.16,405660,101.42
1048,多頭進場,2023-02-02 21:20,L_Cmd,15622,1,781100,-1290,-0.17,1730,0.22,-1270,-0.16,405660,101.42
1049,多頭出場,2023-02-02 23:00,L_Exit,15592,1,782250,-2690,-0.34,580,0.07,-2670,-0.34,402990,100.75
1049,多頭進場,2023-02-02 22:05,L_Add,15645,1,782250,-2690,-0.34,580,0.07,-2670,-0.34,402990,100.75
1050,多頭出場,2023-02-03 03:25,Trend Rev,15611,1,781850,-1340,-0.17,1530,0.20,-1720,-0.22,401650,100.41
1050,多頭進場,2023-02-02 23:55,L_Cmd,15637,1,781850,-1340,-0.17,1530,0.20,-1720,-0.22,401650,100.41
1051,多頭出場,2023-02-03 12:55,Trend Rev,15582,1,779250,-190,-0.02,2180,0.28,-1070,-0.14,401440,100.36
1051,多頭進場,2023-02-03 11:20,L_Cmd,15585,1,779250,-190,-0.02,2180,0.28,-1070,-0.14,401440,100.36
1052,多頭出場,2023-02-03 12:55,Trend Rev,15582,1,781000,-1940,-0.25,430,0.06,-2220,-0.28,399520,99.88
1052,多頭進場,2023-02-03 12:20,L_Add,15620,1,781000,-1940,-0.25,430,0.06,-2220,-0.28,399520,99.88
1053,多頭出場,2023-02-04 00:40,Trend Rev,15572,1,779000,-440,-0.06,980,0.13,-770,-0.10,399080,99.77
1053,多頭進場,2023-02-03 23:35,L_Cmd,15580,1,779000,-440,-0.06,980,0.13,-770,-0.10,399080,99.77
1054,空頭出場,2023-02-07 08:45,S_Exit,15372,1,766750,-1890,-0.25,1380,0.18,-1870,-0.24,397190,99.30
1054,空頭進場,2023-02-06 22:55,S_Cmd,15335,1,766750,-1890,-0.25,1380,0.18,-1870,-0.24,397190,99.30
1055,多頭出場,2023-02-08 01:25,Trend Rev,15380,1,769550,-590,-0.08,1180,0.15,-720,-0.09,396600,99.15
1055,多頭進場,2023-02-08 00:10,L_Cmd,15391,1,769550,-590,-0.08,1180,0.15,-720,-0.09,396600,99.15
1056,多頭出場,2023-02-08 09:00,L_Exit,15544,1,770350,6810,0.88,6880,0.89,-220,-0.03,403350,100.84
1056,多頭進場,2023-02-08 03:30,L_Cmd,15407,1,770350,6810,0.88,6880,0.89,-220,-0.03,403350,100.84
1057,多頭出場,2023-02-08 09:00,L_Exit_G,15544,1,774750,2410,0.31,2480,0.32,-20,0.00,405780,101.45
1057,多頭進場,2023-02-08 08:50,L_Add,15495,1,774750,2410,0.31,2480,0.32,-20,0.00,405780,101.45
1058,多頭出場,2023-02-08 10:00,L_Exit_Add,15564,1,775450,2710,0.35,2780,0.36,-370,-0.05,408490,102.12
1058,多頭進場,2023-02-08 08:55,L_Add,15509,1,775450,2710,0.35,2780,0.36,-370,-0.05,408490,102.12
1059,多頭出場,2023-02-08 10:00,L_Exit_Add,15575,1,775900,2810,0.36,2880,0.37,-670,-0.09,411320,102.83
1059,多頭進場,2023-02-08 09:00,L_G_進,15518,1,775900,2810,0.36,2880,0.37,-670,-0.09,411320,102.83
1060,多頭出場,2023-02-08 11:15,L_Exit_Add,15615,1,778250,2460,0.32,2730,0.35,-220,-0.03,413780,103.45
1060,多頭進場,2023-02-08 10:00,L_Add,15565,1,778250,2460,0.32,2730,0.35,-220,-0.03,413780,103.45
1061,多頭出場,2023-02-08 22:55,Trend Rev,15572,1,780750,-2190,-0.28,580,0.07,-2370,-0.30,411610,102.90
1061,多頭進場,2023-02-08 11:15,L_Add,15615,1,780750,-2190,-0.28,580,0.07,-2370,-0.30,411610,102.90
1062,多頭出場,2023-02-09 10:15,Trend Rev,15548,1,777650,-290,-0.04,1930,0.25,-370,-0.05,411300,102.83
1062,多頭進場,2023-02-09 09:05,L_Cmd,15553,1,777650,-290,-0.04,1930,0.25,-370,-0.05,411300,102.83
1063,多頭出場,2023-02-09 10:15,Trend Rev,15548,1,779100,-1740,-0.22,480,0.06,-1820,-0.23,409580,102.40
1063,多頭進場,2023-02-09 09:35,L_Add,15582,1,779100,-1740,-0.22,480,0.06,-1820,-0.23,409580,102.40
1064,多頭出場,2023-02-09 16:20,L_Exit,15672,1,779600,3960,0.51,4030,0.52,-1420,-0.18,413540,103.39
1064,多頭進場,2023-02-09 10:35,L_Cmd,15592,1,779600,3960,0.51,4030,0.52,-1420,-0.18,413540,103.39
1065,多頭出場,2023-02-09 23:20,L_Exit,15733,1,784650,1960,0.25,2030,0.26,-170,-0.02,415440,103.86
1065,多頭進場,2023-02-09 21:45,L_Cmd,15693,1,784650,1960,0.25,2030,0.26,-170,-0.02,415440,103.86
1066,多頭出場,2023-02-09 23:30,L_G_Cut,15699,1,785700,-790,-0.10,1380,0.18,-1220,-0.16,414670,103.67
1066,多頭進場,2023-02-09 22:00,L_Add,15714,1,785700,-790,-0.10,1380,0.18,-1220,-0.16,414670,103.67
1067,多頭出場,2023-02-10 01:35,Trend Rev,15658,1,786150,-3290,-0.42,930,0.12,-3320,-0.42,411400,102.85
1067,多頭進場,2023-02-09 23:15,L_Add,15723,1,786150,-3290,-0.42,930,0.12,-3320,-0.42,411400,102.85
1068,多頭出場,2023-02-10 01:35,Trend Rev,15658,1,786650,-3790,-0.48,430,0.05,-3820,-0.49,407630,101.91
1068,多頭進場,2023-02-09 23:20,L_G_進,15733,1,786650,-3790,-0.48,430,0.05,-3820,-0.49,407630,101.91
1069,多頭出場,2023-02-13 20:15,L_Exit,15594,1,776550,3110,0.40,3180,0.41,-520,-0.07,410740,102.69
1069,多頭進場,2023-02-13 13:25,L_Cmd,15531,1,776550,3110,0.40,3180,0.41,-520,-0.07,410740,102.69
1070,多頭出場,2023-02-14 00:10,L_Exit,15632,1,779250,2310,0.30,2380,0.31,-370,-0.05,413010,103.25
1070,多頭進場,2023-02-13 22:45,L_Cmd,15585,1,779250,2310,0.30,2380,0.31,-370,-0.05,413010,103.25
1071,多頭出場,2023-02-14 02:45,L_Exit_Add,15651,1,780450,2060,0.26,2130,0.27,-1070,-0.14,415090,103.77
1071,多頭進場,2023-02-13 23:00,L_Add,15609,1,780450,2060,0.26,2130,0.27,-1070,-0.14,415090,103.77
1072,多頭出場,2023-02-14 03:05,L_Exit_Add,15658,1,780950,1910,0.24,1980,0.25,-570,-0.07,417000,104.25
1072,多頭進場,2023-02-13 23:50,L_Add,15619,1,780950,1910,0.24,1980,0.25,-570,-0.07,417000,104.25
1073,多頭出場,2023-02-14 08:45,L_Exit_Add,15625,1,782900,-1690,-0.22,80,0.01,-1670,-0.21,415330,103.83
1073,多頭進場,2023-02-14 03:05,L_Add,15658,1,782900,-1690,-0.22,80,0.01,-1670,-0.21,415330,103.83
1074,多頭出場,2023-02-14 21:30,L_Exit,15612,1,782800,-2240,-0.29,1580,0.20,-2220,-0.28,413090,103.27
1074,多頭進場,2023-02-14 10:15,L_Cmd,15656,1,782800,-2240,-0.29,1580,0.20,-2220,-0.28,413090,103.27
1075,多頭出場,2023-02-14 21:40,Trend Rev,15654,1,784650,-1990,-0.25,180,0.02,-2720,-0.35,411100,102.78
1075,多頭進場,2023-02-14 21:35,L_Cmd,15693,1,784650,-1990,-0.25,180,0.02,-2720,-0.35,411100,102.78
1076,多頭出場,2023-02-14 23:40,Trend Rev,15653,1,785250,-2640,-0.34,880,0.11,-2620,-0.33,408460,102.12
1076,多頭進場,2023-02-14 23:05,L_Cmd,15705,1,785250,-2640,-0.34,880,0.11,-2620,-0.33,408460,102.12
1077,多頭出場,2023-02-15 00:30,Trend Rev,15648,1,784000,-1640,-0.21,80,0.01,-1720,-0.22,406820,101.71
1077,多頭進場,2023-02-15 00:20,L_Cmd,15680,1,784000,-1640,-0.21,80,0.01,-1720,-0.22,406820,101.71
1078,空頭出場,2023-02-15 10:50,S_Exit,15384,1,772750,3510,0.45,3580,0.46,-470,-0.06,410310,102.58
1078,空頭進場,2023-02-15 10:05,S_Cmd,15455,1,772750,3510,0.45,3580,0.46,-470,-0.06,410310,102.58
1079,空頭出場,2023-02-15 23:10,S_Exit_Add,15344,1,769800,2560,0.33,2880,0.37,-820,-0.11,412870,103.22
1079,空頭進場,2023-02-15 10:50,S_Add,15396,1,769800,2560,0.33,2880,0.37,-820,-0.11,412870,103.22
1080,空頭出場,2023-02-16 00:45,S_Exit_Add,15415,1,767500,-3290,-0.43,330,0.04,-3270,-0.43,409600,102.40
1080,空頭進場,2023-02-15 23:10,S_Add,15350,1,767500,-3290,-0.43,330,0.04,-3270,-0.43,409600,102.40
1081,多頭出場,2023-02-16 21:15,L_Exit,15525,1,778650,-2440,-0.31,1230,0.16,-2420,-0.31,407160,101.79
1081,多頭進場,2023-02-16 11:05,L_Cmd,15573,1,778650,-2440,-0.31,1230,0.16,-2420,-0.31,407160,101.79
1082,空頭出場,2023-02-16 22:35,S_Exit,15410,1,772750,2210,0.29,2280,0.30,-520,-0.07,409370,102.34
1082,空頭進場,2023-02-16 22:20,S_Cmd,15455,1,772750,2210,0.29,2280,0.30,-520,-0.07,409370,102.34
1083,空頭出場,2023-02-17 04:40,S_Exit,15421,1,772850,1760,0.23,1830,0.24,-120,-0.02,411110,102.78
1083,空頭進場,2023-02-17 04:20,S_Cmd,15457,1,772850,1760,0.23,1830,0.24,-120,-0.02,411110,102.78
1084,空頭出場,2023-02-17 12:00,Trend Rev,15463,1,771650,-1540,-0.20,2430,0.31,-2170,-0.28,409550,102.39
1084,空頭進場,2023-02-17 04:35,S_Add,15433,1,771650,-1540,-0.20,2430,0.31,-2170,-0.28,409550,102.39
1085,空頭出場,2023-02-17 12:00,Trend Rev,15463,1,770700,-2490,-0.32,1480,0.19,-2570,-0.33,407080,101.77
1085,空頭進場,2023-02-17 09:45,S_Add,15414,1,770700,-2490,-0.32,1480,0.19,-2570,-0.33,407080,101.77
1086,空頭出場,2023-02-17 12:00,Trend Rev,15463,1,769950,-3240,-0.42,730,0.09,-3320,-0.43,403860,100.96
1086,空頭進場,2023-02-17 09:50,S_Add,15399,1,769950,-3240,-0.42,730,0.09,-3320,-0.43,403860,100.96
1087,空頭出場,2023-02-17 23:10,S_Exit,15436,1,770400,-1440,-0.19,680,0.09,-1420,-0.18,402420,100.61
1087,空頭進場,2023-02-17 22:50,S_Cmd,15408,1,770400,-1440,-0.19,680,0.09,-1420,-0.18,402420,100.61
1088,空頭出場,2023-02-20 09:05,S_Exit,15428,1,769750,-1690,-0.22,280,0.04,-1670,-0.22,400730,100.18
1088,空頭進場,2023-02-20 08:50,S_Cmd,15395,1,769750,-1690,-0.22,280,0.04,-1670,-0.22,400730,100.18
1089,多頭出場,2023-02-20 22:55,Trend Rev,15506,1,775150,110,0.01,2580,0.33,-720,-0.09,400820,100.21
1089,多頭進場,2023-02-20 09:45,L_Cmd,15503,1,775150,110,0.01,2580,0.33,-720,-0.09,400820,100.21
1090,多頭出場,2023-02-20 22:55,Trend Rev,15506,1,777150,-1890,-0.24,580,0.07,-2270,-0.29,398950,99.74
1090,多頭進場,2023-02-20 12:15,L_Add,15543,1,777150,-1890,-0.24,580,0.07,-2270,-0.29,398950,99.74
1091,多頭出場,2023-02-21 04:25,Trend Rev,15502,1,775200,-140,-0.02,280,0.04,-220,-0.03,398810,99.70
1091,多頭進場,2023-02-21 03:35,L_Cmd,15504,1,775200,-140,-0.02,280,0.04,-220,-0.03,398810,99.70
1092,空頭出場,2023-02-22 03:15,S_Exit,15394,1,771650,1910,0.25,1980,0.26,-970,-0.13,400700,100.18
1092,空頭進場,2023-02-21 23:15,S_Cmd,15433,1,771650,1910,0.25,1980,0.26,-970,-0.13,400700,100.18
1093,空頭出場,2023-02-22 04:50,S_Exit_Add,15379,1,770050,1060,0.14,1130,0.15,-270,-0.04,401780,100.45
1093,空頭進場,2023-02-22 03:05,S_Add,15401,1,770050,1060,0.14,1130,0.15,-270,-0.04,401780,100.45
1094,空頭出場,2023-02-22 09:10,S_BE,15344,1,767200,-40,-0.01,1680,0.22,-70,-0.01,401720,100.43
1094,空頭進場,2023-02-22 09:05,S_Cmd,15344,1,767200,-40,-0.01,1680,0.22,-70,-0.01,401720,100.43
1095,空頭出場,2023-02-22 09:30,S_Exit_Add,15372,1,765800,-2840,-0.37,230,0.03,-2820,-0.37,398900,99.73
1095,空頭進場,2023-02-22 09:10,S_Add,15316,1,765800,-2840,-0.37,230,0.03,-2820,-0.37,398900,99.73
1096,空頭出場,2023-02-22 23:55,Trend Rev,15400,1,768750,-1290,-0.17,0,0.00,-1270,-0.17,397610,99.40
1096,空頭進場,2023-02-22 23:35,S_Cmd,15375,1,768750,-1290,-0.17,0,0.00,-1270,-0.17,397610,99.40
1097,空頭出場,2023-02-23 08:45,S_Exit,15426,1,768800,-2540,-0.33,1630,0.21,-2520,-0.33,395070,98.77
1097,空頭進場,2023-02-23 04:00,S_Cmd,15376,1,768800,-2540,-0.33,1630,0.21,-2520,-0.33,395070,98.77
1098,多頭出場,2023-02-23 13:30,L_G_Cut,15602,1,779200,860,0.11,3580,0.46,-520,-0.07,395870,98.97
1098,多頭進場,2023-02-23 10:20,L_Cmd,15584,1,779200,860,0.11,3580,0.46,-520,-0.07,395870,98.97
1099,多頭出場,2023-02-23 22:45,L_Exit,15685,1,780950,3260,0.42,3330,0.43,-2170,-0.28,399150,99.79
1099,多頭進場,2023-02-23 10:45,L_Add,15619,1,780950,3260,0.42,3330,0.43,-2170,-0.28,399150,99.79
1100,多頭出場,2023-02-23 22:45,L_Exit_Add,15685,1,782150,2060,0.26,2130,0.27,-3370,-0.43,401230,100.31
1100,多頭進場,2023-02-23 10:55,L_Add,15643,1,782150,2060,0.26,2130,0.27,-3370,-0.43,401230,100.31
1101,多頭出場,2023-02-23 22:55,L_Exit_Add,15689,1,782750,1660,0.21,1780,0.23,-3970,-0.51,402890,100.72
1101,多頭進場,2023-02-23 11:00,L_G_進,15655,1,782750,1660,0.21,1780,0.23,-3970,-0.51,402890,100.72
1102,多頭出場,2023-02-23 23:45,L_Exit_Add,15629,1,784500,-3090,-0.39,430,0.05,-3070,-0.39,399820,99.96
1102,多頭進場,2023-02-23 22:55,L_Add,15690,1,784500,-3090,-0.39,430,0.05,-3070,-0.39,399820,99.96
1103,多頭出場,2023-02-24 09:00,L_Exit,15683,1,780650,3460,0.44,3530,0.45,-20,0.00,403220,100.81
1103,多頭進場,2023-02-24 03:15,L_Cmd,15613,1,780650,3460,0.44,3530,0.45,-20,0.00,403220,100.81
1104,多頭出場,2023-02-24 09:00,L_Exit_Add,15683,1,781900,2210,0.28,2280,0.29,-720,-0.09,405450,101.36
1104,多頭進場,2023-02-24 03:35,L_Add,15638,1,781900,2210,0.28,2280,0.29,-720,-0.09,405450,101.36
1105,多頭出場,2023-02-24 09:00,L_Exit_G,15683,1,782450,1660,0.21,1730,0.22,-120,-0.02,407130,101.78
1105,多頭進場,2023-02-24 08:55,L_Add,15649,1,782450,1660,0.21,1730,0.22,-120,-0.02,407130,101.78
1106,多頭出場,2023-02-24 09:30,Trend Rev,15611,1,783150,-2640,-0.34,1030,0.13,-2870,-0.37,404510,101.13
1106,多頭進場,2023-02-24 09:00,L_G_進,15663,1,783150,-2640,-0.34,1030,0.13,-2870,-0.37,404510,101.13
1107,空頭出場,2023-02-24 22:45,S_Exit,15392,1,771150,1510,0.20,1580,0.20,-820,-0.11,406000,101.50
1107,空頭進場,2023-02-24 22:15,S_Cmd,15423,1,771150,1510,0.20,1580,0.20,-820,-0.11,406000,101.50
1108,空頭出場,2023-03-01 08:45,S_Exit_Add,15342,1,769850,2710,0.35,2780,0.36,-2620,-0.34,408730,102.18
1108,空頭進場,2023-02-24 22:45,S_Add,15397,1,769850,2710,0.35,2780,0.36,-2620,-0.34,408730,102.18
1109,空頭出場,2023-03-01 09:05,S_Exit,15388,1,767600,-1840,-0.24,930,0.12,-1820,-0.24,406890,101.72
1109,空頭進場,2023-03-01 08:50,S_Cmd,15352,1,767600,-1840,-0.24,930,0.12,-1820,-0.24,406890,101.72
1110,多頭出場,2023-03-01 21:05,L_Exit_Add,15571,1,775250,3260,0.42,4480,0.58,-1620,-0.21,410110,102.53
1110,多頭進場,2023-03-01 10:45,L_Cmd,15505,1,775250,3260,0.42,4480,0.58,-1620,-0.21,410110,102.53
1111,多頭出場,2023-03-01 21:25,L_Exit_Add,15546,1,777100,160,0.02,2630,0.34,-1320,-0.17,410290,102.57
1111,多頭進場,2023-03-01 12:05,L_Add,15542,1,777100,160,0.02,2630,0.34,-1320,-0.17,410290,102.57
1112,多頭出場,2023-03-01 21:30,Trend Rev,15544,1,778600,-1440,-0.18,130,0.02,-1470,-0.19,408870,102.22
1112,多頭進場,2023-03-01 21:05,L_Add,15572,1,778600,-1440,-0.18,130,0.02,-1470,-0.19,408870,102.22
1113,多頭出場,2023-03-02 08:55,L_Exit,15553,1,779800,-2190,-0.28,380,0.05,-2170,-0.28,406680,101.67
1113,多頭進場,2023-03-02 08:50,L_Cmd,15596,1,779800,-2190,-0.28,380,0.05,-2170,-0.28,406680,101.67
1114,多頭出場,2023-03-03 02:55,L_Exit,15599,1,777300,2610,0.34,2680,0.34,-670,-0.09,409270,102.32
1114,多頭進場,2023-03-02 22:55,L_Cmd,15546,1,777300,2610,0.34,2680,0.34,-670,-0.09,409270,102.32
1115,多頭出場,2023-03-03 03:05,L_Exit_Add,15611,1,778750,1760,0.23,2030,0.26,-920,-0.12,411030,102.76
1115,多頭進場,2023-03-02 23:55,L_Add,15575,1,778750,1760,0.23,2030,0.26,-920,-0.12,411030,102.76
1116,多頭出場,2023-03-03 09:00,L_Exit_Add,15661,1,780550,2460,0.32,2530,0.32,-720,-0.09,413490,103.37
1116,多頭進場,2023-03-03 03:05,L_Add,15611,1,780550,2460,0.32,2530,0.32,-720,-0.09,413490,103.37
1117,多頭出場,2023-03-03 09:30,L_Exit_Add,15590,1,782100,-2640,-0.34,1180,0.15,-2620,-0.33,410870,102.72
1117,多頭進場,2023-03-03 08:55,L_Add,15642,1,782100,-2640,-0.34,1180,0.15,-2620,-0.33,410870,102.72
1118,多頭出場,2023-03-03 12:55,Trend Rev,15597,1,781150,-1340,-0.17,2330,0.30,-1520,-0.19,409530,102.38
1118,多頭進場,2023-03-03 11:15,L_Cmd,15623,1,781150,-1340,-0.17,2330,0.30,-1520,-0.19,409530,102.38
1119,多頭出場,2023-03-03 22:00,L_Exit,15663,1,781850,1260,0.16,1330,0.17,-370,-0.05,410730,102.68
1119,多頭進場,2023-03-03 21:05,L_Cmd,15637,1,781850,1260,0.16,1330,0.17,-370,-0.05,410730,102.68
1120,多頭出場,2023-03-03 23:00,L_Exit_Add,15625,1,782600,-1390,-0.18,580,0.07,-1370,-0.18,409360,102.34
1120,多頭進場,2023-03-03 21:45,L_Add,15652,1,782600,-1390,-0.18,580,0.07,-1370,-0.18,409360,102.34
1121,多頭出場,2023-03-03 23:05,L_G_Cut,15637,1,782750,-940,-0.12,430,0.05,-1570,-0.20,408440,102.11
1121,多頭進場,2023-03-03 21:50,L_Add,15655,1,782750,-940,-0.12,430,0.05,-1570,-0.20,408440,102.11
1122,多頭出場,2023-03-03 23:05,L_Exit_Add,15622,1,782950,-1890,-0.24,230,0.03,-1870,-0.24,406570,101.64
1122,多頭進場,2023-03-03 22:00,L_G_進,15659,1,782950,-1890,-0.24,230,0.03,-1870,-0.24,406570,101.64
1123,多頭出場,2023-03-06 08:45,L_Exit,15746,1,785200,2060,0.26,2130,0.27,-320,-0.04,408630,102.16
1123,多頭進場,2023-03-04 03:15,L_Cmd,15704,1,785200,2060,0.26,2130,0.27,-320,-0.04,408630,102.16
1124,多頭出場,2023-03-06 09:00,L_Exit,15722,1,787250,-1190,-0.15,1380,0.18,-1170,-0.15,407440,101.86
1124,多頭進場,2023-03-06 08:50,L_Cmd,15745,1,787250,-1190,-0.15,1380,0.18,-1170,-0.15,407440,101.86
1125,多頭出場,2023-03-07 02:40,Trend Rev,15785,1,789300,-90,-0.01,2380,0.30,-1470,-0.19,407330,101.83
1125,多頭進場,2023-03-06 10:25,L_Cmd,15786,1,789300,-90,-0.01,2380,0.30,-1470,-0.19,407330,101.83
1126,多頭出場,2023-03-07 02:40,Trend Rev,15785,1,791600,-2390,-0.30,80,0.01,-3770,-0.48,404960,101.24
1126,多頭進場,2023-03-06 10:50,L_Add,15832,1,791600,-2390,-0.30,80,0.01,-3770,-0.48,404960,101.24
1127,多頭出場,2023-03-07 11:25,L_Exit,15865,1,789650,3560,0.45,3630,0.46,-520,-0.07,408460,102.12
1127,多頭進場,2023-03-07 09:35,L_Cmd,15793,1,789650,3560,0.45,3630,0.46,-520,-0.07,408460,102.12
1128,多頭出場,2023-03-07 11:30,L_Exit_G,15870,1,791850,1610,0.20,1680,0.21,-820,-0.10,410090,102.52
1128,多頭進場,2023-03-07 10:10,L_Add,15837,1,791850,1610,0.20,1680,0.21,-820,-0.10,410090,102.52
1129,多頭出場,2023-03-07 12:05,L_Exit_Add,15885,1,792400,1810,0.23,1930,0.24,-1370,-0.17,411900,102.98
1129,多頭進場,2023-03-07 10:20,L_Add,15848,1,792400,1810,0.23,1930,0.24,-1370,-0.17,411900,102.98
1130,多頭出場,2023-03-07 21:45,Trend Rev,15857,1,792850,-40,-0.01,1830,0.23,-320,-0.04,411880,102.97
1130,多頭進場,2023-03-07 11:20,L_G_進,15857,1,792850,-40,-0.01,1830,0.23,-320,-0.04,411880,102.97
1131,多頭出場,2023-03-07 21:45,Trend Rev,15857,1,794250,-1440,-0.18,430,0.05,-1670,-0.21,410460,102.62
1131,多頭進場,2023-03-07 12:05,L_Add,15885,1,794250,-1440,-0.18,430,0.05,-1670,-0.21,410460,102.62
1132,多頭出場,2023-03-08 09:40,Trend Rev,15772,1,789750,-1190,-0.15,580,0.07,-1570,-0.20,409270,102.32
1132,多頭進場,2023-03-08 09:15,L_Cmd,15795,1,789750,-1190,-0.15,580,0.07,-1570,-0.20,409270,102.32
1133,多頭出場,2023-03-08 15:35,Trend Rev,15779,1,789950,-1040,-0.13,430,0.05,-1170,-0.15,408230,102.06
1133,多頭進場,2023-03-08 13:05,L_Cmd,15799,1,789950,-1040,-0.13,430,0.05,-1170,-0.15,408230,102.06
1134,多頭出場,2023-03-08 23:00,L_Exit,15794,1,790950,-1290,-0.16,830,0.10,-1270,-0.16,406940,101.74
1134,多頭進場,2023-03-08 21:35,L_Cmd,15819,1,790950,-1290,-0.16,830,0.10,-1270,-0.16,406940,101.74
1135,多頭出場,2023-03-09 09:10,Trend Rev,15822,1,792650,-1590,-0.20,480,0.06,-2070,-0.26,405350,101.34
1135,多頭進場,2023-03-08 23:35,L_Cmd,15853,1,792650,-1590,-0.20,480,0.06,-2070,-0.26,405350,101.34
1136,多頭出場,2023-03-10 00:30,L_G_Cut,15761,1,787650,360,0.05,2230,0.28,-970,-0.12,405650,101.41
1136,多頭進場,2023-03-09 22:00,L_Cmd,15753,1,787650,360,0.05,2230,0.28,-970,-0.12,405650,101.41
1137,多頭出場,2023-03-10 01:05,Trend Rev,15742,1,789000,-1940,-0.25,880,0.11,-2120,-0.27,403730,100.93
1137,多頭進場,2023-03-09 22:50,L_Add,15780,1,789000,-1940,-0.25,880,0.11,-2120,-0.27,403730,100.93
1138,多頭出場,2023-03-10 01:05,Trend Rev,15742,1,789450,-2390,-0.30,430,0.05,-2570,-0.33,401360,100.34
1138,多頭進場,2023-03-09 23:05,L_Add,15789,1,789450,-2390,-0.30,430,0.05,-2570,-0.33,401360,100.34
1139,多頭出場,2023-03-10 01:05,Trend Rev,15742,1,789750,-2690,-0.34,130,0.02,-2870,-0.36,398690,99.67
1139,多頭進場,2023-03-09 23:10,L_G_進,15795,1,789750,-2690,-0.34,130,0.02,-2870,-0.36,398690,99.67
1140,空頭出場,2023-03-10 04:15,S_Exit,15624,1,783100,1860,0.24,1930,0.25,-970,-0.12,400550,100.14
1140,空頭進場,2023-03-10 03:05,S_Cmd,15662,1,783100,1860,0.24,1930,0.25,-970,-0.12,400550,100.14
1141,空頭出場,2023-03-10 09:10,S_Exit,15539,1,780100,3110,0.40,3180,0.41,-120,-0.02,403640,100.91
1141,空頭進場,2023-03-10 08:50,S_Cmd,15602,1,780100,3110,0.40,3180,0.41,-120,-0.02,403640,100.91
1142,空頭出場,2023-03-10 11:20,S_Exit_Add,15493,1,778350,3660,0.47,3730,0.48,-1820,-0.23,407260,101.82
1142,空頭進場,2023-03-10 09:05,S_Add,15567,1,778350,3660,0.47,3730,0.48,-1820,-0.23,407260,101.82
1143,空頭出場,2023-03-10 11:20,S_Exit_G,15493,1,776700,2010,0.26,2080,0.27,-620,-0.08,409290,102.32
1143,空頭進場,2023-03-10 10:00,S_Add,15534,1,776700,2010,0.26,2080,0.27,-620,-0.08,409290,102.32
1144,空頭出場,2023-03-10 11:30,S_Exit_Add,15476,1,775750,1910,0.25,2030,0.26,-1570,-0.20,411220,102.81
1144,空頭進場,2023-03-10 10:20,S_Add,15515,1,775750,1910,0.25,2030,0.26,-1570,-0.20,411220,102.81
1145,空頭出場,2023-03-10 12:00,S_Exit_Add,15455,1,775500,2710,0.35,2780,0.36,-570,-0.07,413930,103.48
1145,空頭進場,2023-03-10 11:15,S_G_進,15510,1,775500,2710,0.35,2780,0.36,-570,-0.07,413930,103.48
1146,空頭出場,2023-03-10 21:45,Trend Rev,15529,1,773800,-2690,-0.35,1180,0.15,-3320,-0.43,411260,102.81
1146,空頭進場,2023-03-10 11:30,S_Add,15476,1,773800,-2690,-0.35,1180,0.15,-3320,-0.43,411260,102.81
1147,空頭出場,2023-03-10 23:00,S_Exit,15497,1,772700,-2190,-0.28,1680,0.22,-2170,-0.28,409070,102.27
1147,空頭進場,2023-03-10 22:45,S_Cmd,15454,1,772700,-2190,-0.28,1680,0.22,-2170,-0.28,409070,102.27
1148,空頭出場,2023-03-13 08:45,S_Exit,15457,1,769650,-3240,-0.42,30,0.00,-3220,-0.42,405830,101.46
1148,空頭進場,2023-03-11 04:50,S_Cmd,15393,1,769650,-3240,-0.42,30,0.00,-3220,-0.42,405830,101.46
1149,空頭出場,2023-03-13 10:10,S_Exit,15451,1,768500,-4090,-0.53,1230,0.16,-4070,-0.53,401740,100.44
1149,空頭進場,2023-03-13 09:25,S_Cmd,15370,1,768500,-4090,-0.53,1230,0.16,-4070,-0.53,401740,100.44
1150,空頭出場,2023-03-14 08:45,S_Exit,15369,1,770800,2310,0.30,2380,0.31,-1070,-0.14,404050,101.01
1150,空頭進場,2023-03-14 03:25,S_Cmd,15416,1,770800,2310,0.30,2380,0.31,-1070,-0.14,404050,101.01
1151,空頭出場,2023-03-14 08:55,S_Exit,15327,1,768600,2210,0.29,2280,0.30,-20,0.00,406260,101.57
1151,空頭進場,2023-03-14 08:50,S_Cmd,15372,1,768600,2210,0.29,2280,0.30,-20,0.00,406260,101.57
1152,空頭出場,2023-03-14 10:05,S_Exit,15379,1,766000,-2990,-0.39,480,0.06,-2970,-0.39,403270,100.82
1152,空頭進場,2023-03-14 09:55,S_Cmd,15320,1,766000,-2990,-0.39,480,0.06,-2970,-0.39,403270,100.82
1153,空頭出場,2023-03-15 03:35,S_Exit,15364,1,766950,-1290,-0.17,330,0.04,-1270,-0.17,401980,100.50
1153,空頭進場,2023-03-15 03:15,S_Cmd,15339,1,766950,-1290,-0.17,330,0.04,-1270,-0.17,401980,100.50
1154,空頭出場,2023-03-15 13:05,S_Exit,15339,1,769050,2060,0.27,2130,0.28,-370,-0.05,404020,101.01
1154,空頭進場,2023-03-15 11:50,S_Cmd,15381,1,769050,2060,0.27,2130,0.28,-370,-0.05,404020,101.01
1155,空頭出場,2023-03-15 17:10,S_Exit_Add,15299,1,767150,2160,0.28,2230,0.29,-670,-0.09,406200,101.55
1155,空頭進場,2023-03-15 13:05,S_Add,15343,1,767150,2160,0.28,2230,0.29,-670,-0.09,406200,101.55
1156,空頭出場,2023-03-16 03:00,S_Exit,15152,1,755200,-2440,-0.32,1730,0.23,-2420,-0.32,403760,100.94
1156,空頭進場,2023-03-15 22:50,S_Cmd,15104,1,755200,-2440,-0.32,1730,0.23,-2420,-0.32,403760,100.94
1157,空頭出場,2023-03-16 12:50,Trend Rev,15205,1,757800,-2490,-0.33,230,0.03,-2620,-0.35,401270,100.32
1157,空頭進場,2023-03-16 12:25,S_Cmd,15156,1,757800,-2490,-0.33,230,0.03,-2620,-0.35,401270,100.32
1158,多頭出場,2023-03-21 08:55,L_Exit_Add,15473,1,770300,3310,0.43,3380,0.44,-1770,-0.23,404520,101.13
1158,多頭進場,2023-03-20 22:35,L_Cmd,15406,1,770300,3310,0.43,3380,0.44,-1770,-0.23,404520,101.13
1159,多頭出場,2023-03-21 09:00,L_Exit,15495,1,771800,2910,0.38,2980,0.39,-3270,-0.42,407450,101.86
1159,多頭進場,2023-03-20 23:30,L_Add,15436,1,771800,2910,0.38,2980,0.39,-3270,-0.42,407450,101.86
1160,多頭出場,2023-03-21 09:00,L_Exit_Add,15495,1,772950,1760,0.23,1830,0.24,-470,-0.06,409230,102.31
1160,多頭進場,2023-03-21 08:50,L_Add,15459,1,772950,1760,0.23,1830,0.24,-470,-0.06,409230,102.31
1161,多頭出場,2023-03-21 09:00,L_Exit_G,15495,1,773400,1310,0.17,1380,0.18,-920,-0.12,410560,102.64
1161,多頭進場,2023-03-21 08:55,L_G_進,15468,1,773400,1310,0.17,1380,0.18,-920,-0.12,410560,102.64
1162,多頭出場,2023-03-21 11:35,L_Exit,15447,1,775250,-2940,-0.38,580,0.07,-2920,-0.38,407620,101.91
1162,多頭進場,2023-03-21 10:05,L_Cmd,15505,1,775250,-2940,-0.38,580,0.07,-2920,-0.38,407620,101.91
1163,多頭出場,2023-03-21 21:45,L_Exit,15554,1,776300,1360,0.18,1430,0.18,-370,-0.05,408960,102.24
1163,多頭進場,2023-03-21 21:15,L_Cmd,15526,1,776300,1360,0.18,1430,0.18,-370,-0.05,408960,102.24
1164,多頭出場,2023-03-21 22:00,L_Exit_Add,15580,1,777350,1610,0.21,1680,0.22,-470,-0.06,410570,102.64
1164,多頭進場,2023-03-21 21:45,L_Add,15547,1,777350,1610,0.21,1680,0.22,-470,-0.06,410570,102.64
1165,多頭出場,2023-03-21 22:20,L_Exit_Add,15524,1,778300,-2140,-0.27,730,0.09,-2120,-0.27,408450,102.11
1165,多頭進場,2023-03-21 22:00,L_Add,15566,1,778300,-2140,-0.27,730,0.09,-2120,-0.27,408450,102.11
1166,多頭出場,2023-03-22 08:45,L_Exit_Add,15592,1,776800,2760,0.36,2830,0.36,-1670,-0.21,411170,102.79
1166,多頭進場,2023-03-21 23:15,L_Cmd,15536,1,776800,2760,0.36,2830,0.36,-1670,-0.21,411170,102.79
1167,多頭出場,2023-03-22 09:00,L_Exit,15611,1,778200,2310,0.30,2380,0.31,-320,-0.04,413500,103.38
1167,多頭進場,2023-03-22 03:15,L_Add,15564,1,778200,2310,0.30,2380,0.31,-320,-0.04,413500,103.38
1168,多頭出場,2023-03-22 09:00,L_Exit_Add,15611,1,778850,1660,0.21,1730,0.22,-470,-0.06,415180,103.79
1168,多頭進場,2023-03-22 03:45,L_Add,15577,1,778850,1660,0.21,1730,0.22,-470,-0.06,415180,103.79
1169,多頭出場,2023-03-22 09:25,L_Exit_G,15673,1,780500,3110,0.40,3180,0.41,-220,-0.03,418230,104.56
1169,多頭進場,2023-03-22 09:05,L_Cmd,15610,1,780500,3110,0.40,3180,0.41,-220,-0.03,418230,104.56
1170,多頭出場,2023-03-22 09:40,L_Exit_Add,15694,1,781900,2760,0.35,2830,0.36,-520,-0.07,420990,105.25
1170,多頭進場,2023-03-22 09:10,L_Add,15638,1,781900,2760,0.35,2830,0.36,-520,-0.07,420990,105.25
1171,多頭出場,2023-03-22 09:40,L_Exit_Add,15694,1,782250,2410,0.31,2480,0.32,-870,-0.11,423420,105.86
1171,多頭進場,2023-03-22 09:15,L_Add,15645,1,782250,2410,0.31,2480,0.32,-870,-0.11,423420,105.86
1172,多頭出場,2023-03-22 09:40,L_Exit_G,15694,1,782700,1960,0.25,2030,0.26,-120,-0.02,425400,106.35
1172,多頭進場,2023-03-22 09:25,L_G_進,15654,1,782700,1960,0.25,2030,0.26,-120,-0.02,425400,106.35
1173,多頭出場,2023-03-22 10:50,L_BE,15671,1,783550,-40,-0.01,1580,0.20,-520,-0.07,425360,106.34
1173,多頭進場,2023-03-22 09:30,L_G_進,15671,1,783550,-40,-0.01,1580,0.20,-520,-0.07,425360,106.34
1174,多頭出場,2023-03-22 17:25,L_Exit_Add,15731,1,784500,2010,0.26,2080,0.27,-1320,-0.17,427370,106.84
1174,多頭進場,2023-03-22 09:45,L_Add,15690,1,784500,2010,0.26,2080,0.27,-1320,-0.17,427370,106.84
1175,多頭出場,2023-03-22 18:50,L_Exit_Add,15753,1,785550,2060,0.26,2130,0.27,-1570,-0.20,429450,107.36
1175,多頭進場,2023-03-22 12:55,L_Add,15711,1,785550,2060,0.26,2130,0.27,-1570,-0.20,429450,107.36
1176,多頭出場,2023-03-23 00:20,L_Exit,15741,1,788150,-1140,-0.14,980,0.12,-1120,-0.14,428290,107.07
1176,多頭進場,2023-03-22 21:20,L_Cmd,15763,1,788150,-1140,-0.14,980,0.12,-1120,-0.14,428290,107.07
1177,多頭出場,2023-03-23 01:00,L_Exit_Add,15727,1,789050,-2740,-0.35,30,0.00,-2720,-0.34,425570,106.39
1177,多頭進場,2023-03-22 22:30,L_Add,15781,1,789050,-2740,-0.35,30,0.00,-2720,-0.34,425570,106.39
1178,多頭出場,2023-03-23 09:40,Trend Rev,15723,1,786850,-740,-0.09,80,0.01,-820,-0.10,424830,106.21
1178,多頭進場,2023-03-23 09:35,L_Cmd,15737,1,786850,-740,-0.09,80,0.01,-820,-0.10,424830,106.21
1179,多頭出場,2023-03-23 22:00,L_Exit,15925,1,792300,3910,0.49,3980,0.50,-1520,-0.19,428680,107.17
1179,多頭進場,2023-03-23 15:00,L_Cmd,15846,1,792300,3910,0.49,3980,0.50,-1520,-0.19,428680,107.17
1180,多頭出場,2023-03-23 22:00,L_Exit_Add,15925,1,793950,2260,0.28,2330,0.29,-420,-0.05,430960,107.74
1180,多頭進場,2023-03-23 21:35,L_Add,15879,1,793950,2260,0.28,2330,0.29,-420,-0.05,430960,107.74
1181,多頭出場,2023-03-23 22:00,L_Exit_G,15925,1,794550,1660,0.21,1730,0.22,-20,0.00,432640,108.16
1181,多頭進場,2023-03-23 21:45,L_Add,15891,1,794550,1660,0.21,1730,0.22,-20,0.00,432640,108.16
1182,多頭出場,2023-03-23 22:15,L_Exit_Add,15935,1,795100,1610,0.20,1680,0.21,-170,-0.02,434270,108.57
1182,多頭進場,2023-03-23 21:50,L_G_進,15902,1,795100,1610,0.20,1680,0.21,-170,-0.02,434270,108.57
1183,多頭出場,2023-03-24 01:25,L_Exit_Add,15906,1,796450,-1190,-0.15,2480,0.31,-1170,-0.15,433040,108.26
1183,多頭進場,2023-03-23 22:20,L_Cmd,15929,1,796450,-1190,-0.15,2480,0.31,-1170,-0.15,433040,108.26
1184,多頭出場,2023-03-24 02:15,L_Exit,15894,1,797700,-3040,-0.38,1230,0.15,-3020,-0.38,430020,107.51
1184,多頭進場,2023-03-23 23:00,L_Add,15954,1,797700,-3040,-0.38,1230,0.15,-3020,-0.38,430020,107.51
1185,多頭出場,2023-03-24 02:20,L_Exit_Add,15892,1,798400,-3840,-0.48,330,0.04,-3820,-0.48,426200,106.55
1185,多頭進場,2023-03-23 23:10,L_Add,15968,1,798400,-3840,-0.48,330,0.04,-3820,-0.48,426200,106.55
1186,多頭出場,2023-03-24 11:55,Trend Rev,15866,1,794700,-1440,-0.18,230,0.03,-1420,-0.18,424760,106.19
1186,多頭進場,2023-03-24 11:40,L_Cmd,15894,1,794700,-1440,-0.18,230,0.03,-1420,-0.18,424760,106.19
1187,多頭出場,2023-03-24 16:05,L_Exit,15869,1,795300,-1890,-0.24,1480,0.19,-1870,-0.24,422870,105.72
1187,多頭進場,2023-03-24 13:15,L_Cmd,15906,1,795300,-1890,-0.24,1480,0.19,-1870,-0.24,422870,105.72
1188,多頭出場,2023-03-27 09:15,Trend Rev,15831,1,792550,-1040,-0.13,1630,0.21,-1170,-0.15,421830,105.46
1188,多頭進場,2023-03-25 03:25,L_Cmd,15851,1,792550,-1040,-0.13,1630,0.21,-1170,-0.15,421830,105.46
1189,多頭出場,2023-03-27 12:50,Trend Rev,15839,1,791950,-40,-0.01,2680,0.34,-920,-0.12,421770,105.44
1189,多頭進場,2023-03-27 11:15,L_Cmd,15839,1,791950,-40,-0.01,2680,0.34,-920,-0.12,421770,105.44
1190,多頭出場,2023-03-27 12:50,Trend Rev,15839,1,794150,-2240,-0.28,130,0.02,-2520,-0.32,419550,104.89
1190,多頭進場,2023-03-27 11:50,L_Add,15883,1,794150,-2240,-0.28,130,0.02,-2520,-0.32,419550,104.89
1191,多頭出場,2023-03-28 09:20,L_Exit,15751,1,789450,-1940,-0.25,1730,0.22,-1920,-0.24,417610,104.40
1191,多頭進場,2023-03-28 08:50,L_Cmd,15789,1,789450,-1940,-0.25,1730,0.22,-1920,-0.24,417610,104.40
1192,空頭出場,2023-03-28 23:15,S_Exit,15688,1,783050,-1390,-0.18,30,0.00,-1370,-0.17,416220,104.06
1192,空頭進場,2023-03-28 22:35,S_Cmd,15661,1,783050,-1390,-0.18,30,0.00,-1370,-0.17,416220,104.06
1193,多頭出場,2023-03-29 09:25,L_Exit,15786,1,786850,2410,0.31,2480,0.32,-470,-0.06,418570,104.64
1193,多頭進場,2023-03-29 08:50,L_Cmd,15737,1,786850,2410,0.31,2480,0.32,-470,-0.06,418570,104.64
1194,多頭出場,2023-03-29 10:30,L_G_Cut,15724,1,787850,-1690,-0.21,1480,0.19,-1820,-0.23,416900,104.23
1194,多頭進場,2023-03-29 09:05,L_Add,15757,1,787850,-1690,-0.21,1480,0.19,-1820,-0.23,416900,104.23
1195,多頭出場,2023-03-29 10:40,L_Exit_Add,15706,1,788700,-3440,-0.44,630,0.08,-3420,-0.43,413480,103.37
1195,多頭進場,2023-03-29 09:20,L_Add,15774,1,788700,-3440,-0.44,630,0.08,-3420,-0.43,413480,103.37
1196,多頭出場,2023-03-29 10:45,Trend Rev,15701,1,788900,-3890,-0.49,430,0.05,-3870,-0.49,409610,102.40
1196,多頭進場,2023-03-29 09:25,L_G_進,15778,1,788900,-3890,-0.49,430,0.05,-3870,-0.49,409610,102.40
1197,多頭出場,2023-03-29 16:30,L_Exit,15779,1,785850,3060,0.39,3130,0.40,-520,-0.07,412670,103.17
1197,多頭進場,2023-03-29 12:45,L_Cmd,15717,1,785850,3060,0.39,3130,0.40,-520,-0.07,412670,103.17
1198,多頭出場,2023-03-30 03:15,L_Exit,15836,1,790300,1460,0.18,1530,0.19,-820,-0.10,414090,103.52
1198,多頭進場,2023-03-29 21:05,L_Cmd,15806,1,790300,1460,0.18,1530,0.19,-820,-0.10,414090,103.52
1199,多頭出場,2023-03-30 04:45,L_Exit_Add,15847,1,791200,1110,0.14,1230,0.16,-1720,-0.22,415180,103.79
1199,多頭進場,2023-03-29 22:05,L_Add,15824,1,791200,1110,0.14,1230,0.16,-1720,-0.22,415180,103.79
1200,多頭出場,2023-03-30 08:50,L_G_Cut,15834,1,791600,60,0.01,830,0.10,-1070,-0.14,415260,103.82
1200,多頭進場,2023-03-30 03:15,L_Add,15832,1,791600,60,0.01,830,0.10,-1070,-0.14,415260,103.82
1201,多頭出場,2023-03-30 09:05,L_Exit_Add,15809,1,792050,-1640,-0.21,380,0.05,-1620,-0.20,413640,103.41
1201,多頭進場,2023-03-30 03:45,L_Add,15841,1,792050,-1640,-0.21,380,0.05,-1620,-0.20,413640,103.41
1202,多頭出場,2023-03-30 09:20,Trend Rev,15807,1,792350,-2040,-0.26,80,0.01,-2320,-0.29,411620,102.91
1202,多頭進場,2023-03-30 03:50,L_G_進,15847,1,792350,-2040,-0.26,80,0.01,-2320,-0.29,411620,102.91
1203,多頭出場,2023-03-30 10:45,Trend Rev,15813,1,792550,-1940,-0.24,130,0.02,-2020,-0.25,409680,102.42
1203,多頭進場,2023-03-30 10:35,L_Cmd,15851,1,792550,-1940,-0.24,130,0.02,-2020,-0.25,409680,102.42
1204,多頭出場,2023-03-30 22:10,L_Exit_Add,15854,1,791350,1310,0.17,3230,0.41,-920,-0.12,410950,102.74
1204,多頭進場,2023-03-30 12:00,L_Cmd,15827,1,791350,1310,0.17,3230,0.41,-920,-0.12,410950,102.74
1205,多頭出場,2023-03-30 23:50,Trend Rev,15857,1,793900,-1090,-0.14,680,0.09,-1320,-0.17,409880,102.47
1205,多頭進場,2023-03-30 21:05,L_Add,15878,1,793900,-1090,-0.14,680,0.09,-1320,-0.17,409880,102.47
1206,多頭出場,2023-03-30 23:50,Trend Rev,15857,1,794500,-1690,-0.21,80,0.01,-1920,-0.24,408210,102.05
1206,多頭進場,2023-03-30 21:50,L_Add,15890,1,794500,-1690,-0.21,80,0.01,-1920,-0.24,408210,102.05
1207,多頭出場,2023-03-31 08:45,L_Exit,15917,1,793600,2210,0.28,2280,0.29,-470,-0.06,410420,102.60
1207,多頭進場,2023-03-31 03:05,L_Cmd,15872,1,793600,2210,0.28,2280,0.29,-470,-0.06,410420,102.60
1208,多頭出場,2023-03-31 09:00,L_Exit,15891,1,795800,-1290,-0.16,280,0.04,-1270,-0.16,409130,102.28
1208,多頭進場,2023-03-31 08:50,L_Cmd,15916,1,795800,-1290,-0.16,280,0.04,-1270,-0.16,409130,102.28
1209,多頭出場,2023-03-31 10:15,L_Exit,15897,1,796950,-2140,-0.27,1330,0.17,-2120,-0.27,406990,101.75
1209,多頭進場,2023-03-31 09:20,L_Cmd,15939,1,796950,-2140,-0.27,1330,0.17,-2120,-0.27,406990,101.75
1210,多頭出場,2023-04-01 01:05,L_G_Cut,15902,1,794200,860,0.11,1980,0.25,-120,-0.02,407790,101.95
1210,多頭進場,2023-03-31 21:35,L_Cmd,15884,1,794200,860,0.11,1980,0.25,-120,-0.02,407790,101.95
1211,多頭出場,2023-04-06 08:45,L_Exit,15785,1,795200,-5990,-0.75,1180,0.15,-5970,-0.75,401820,100.46
1211,多頭進場,2023-03-31 22:45,L_Add,15904,1,795200,-5990,-0.75,1180,0.15,-5970,-0.75,401820,100.46
1212,多頭出場,2023-04-06 08:45,L_Exit_Add,15785,1,795700,-6490,-0.82,680,0.09,-6470,-0.81,395350,98.84
1212,多頭進場,2023-03-31 23:25,L_Add,15914,1,795700,-6490,-0.82,680,0.09,-6470,-0.81,395350,98.84
1213,多頭出場,2023-04-06 08:45,L_Exit_Add,15785,1,796050,-6840,-0.86,330,0.04,-6820,-0.86,388530,97.13
1213,多頭進場,2023-04-01 00:20,L_G_進,15921,1,796050,-6840,-0.86,330,0.04,-6820,-0.86,388530,97.13
1214,多頭出場,2023-04-06 23:30,Trend Rev,15795,1,789900,-190,-0.02,280,0.04,-220,-0.03,388340,97.09
1214,多頭進場,2023-04-06 23:05,L_Cmd,15798,1,789900,-190,-0.02,280,0.04,-220,-0.03,388340,97.09
1215,多頭出場,2023-04-07 03:55,Trend Rev,15813,1,790450,160,0.02,1780,0.23,-120,-0.02,388460,97.12
1215,多頭進場,2023-04-06 23:45,L_Cmd,15809,1,790450,160,0.02,1780,0.23,-120,-0.02,388460,97.12
1216,多頭出場,2023-04-07 03:55,Trend Rev,15813,1,791350,-740,-0.09,880,0.11,-770,-0.10,387740,96.94
1216,多頭進場,2023-04-07 00:05,L_Add,15827,1,791350,-740,-0.09,880,0.11,-770,-0.10,387740,96.94
1217,多頭出場,2023-04-07 03:55,Trend Rev,15813,1,791950,-1340,-0.17,280,0.04,-1370,-0.17,386420,96.60
1217,多頭進場,2023-04-07 00:35,L_Add,15839,1,791950,-1340,-0.17,280,0.04,-1370,-0.17,386420,96.60
1218,多頭出場,2023-04-07 10:30,Trend Rev,15825,1,791950,-740,-0.09,1530,0.19,-1020,-0.13,385660,96.42
1218,多頭進場,2023-04-07 08:50,L_Cmd,15839,1,791950,-740,-0.09,1530,0.19,-1020,-0.13,385660,96.42
1219,多頭出場,2023-04-07 10:30,Trend Rev,15825,1,792650,-1440,-0.18,830,0.10,-1720,-0.22,384240,96.06
1219,多頭進場,2023-04-07 09:00,L_Add,15853,1,792650,-1440,-0.18,830,0.10,-1720,-0.22,384240,96.06
1220,多頭出場,2023-04-07 12:20,Trend Rev,15822,1,791450,-390,-0.05,180,0.02,-470,-0.06,383850,95.96
1220,多頭進場,2023-04-07 12:10,L_Cmd,15829,1,791450,-390,-0.05,180,0.02,-470,-0.06,383850,95.96
1221,多頭出場,2023-04-08 04:10,Trend Rev,15824,1,791300,-140,-0.02,80,0.01,-220,-0.03,383710,95.93
1221,多頭進場,2023-04-08 04:00,L_Cmd,15826,1,791300,-140,-0.02,80,0.01,-220,-0.03,383710,95.93
1222,多頭出場,2023-04-10 09:00,L_Exit,15890,1,792650,1810,0.23,1880,0.24,-270,-0.03,385500,96.38
1222,多頭進場,2023-04-10 08:50,L_Cmd,15853,1,792650,1810,0.23,1880,0.24,-270,-0.03,385500,96.38
1223,多頭出場,2023-04-10 09:20,L_Exit_Add,15871,1,794550,-1040,-0.13,1730,0.22,-1020,-0.13,384440,96.11
1223,多頭進場,2023-04-10 09:00,L_Add,15891,1,794550,-1040,-0.13,1730,0.22,-1020,-0.13,384440,96.11
1224,多頭出場,2023-04-10 09:25,L_Exit_Add,15851,1,795150,-2640,-0.33,1130,0.14,-2620,-0.33,381820,95.46
1224,多頭進場,2023-04-10 09:05,L_Add,15903,1,795150,-2640,-0.33,1130,0.14,-2620,-0.33,381820,95.46
1225,多頭出場,2023-04-10 10:00,L_Exit_Add,15839,1,796150,-4240,-0.53,130,0.02,-4220,-0.53,377600,94.40
1225,多頭進場,2023-04-10 09:10,L_Add,15923,1,796150,-4240,-0.53,130,0.02,-4220,-0.53,377600,94.40
1226,多頭出場,2023-04-10 15:00,Trend Rev,15843,1,794050,-1940,-0.24,130,0.02,-1920,-0.24,375660,93.92
1226,多頭進場,2023-04-10 11:35,L_Cmd,15881,1,794050,-1940,-0.24,130,0.02,-1920,-0.24,375660,93.92
1227,多頭出場,2023-04-11 08:50,L_Exit,15858,1,790850,2010,0.25,2080,0.26,-170,-0.02,377650,94.41
1227,多頭進場,2023-04-11 03:50,L_Cmd,15817,1,790850,2010,0.25,2080,0.26,-170,-0.02,377650,94.41
1228,多頭出場,2023-04-11 08:55,L_Exit_Add,15877,1,791750,2060,0.26,2130,0.27,-170,-0.02,379710,94.93
1228,多頭進場,2023-04-11 08:50,L_Add,15835,1,791750,2060,0.26,2130,0.27,-170,-0.02,379710,94.93
1229,多頭出場,2023-04-11 09:25,L_Exit_G,15896,1,792800,1960,0.25,2030,0.26,-920,-0.12,381630,95.41
1229,多頭進場,2023-04-11 08:55,L_Add,15856,1,792800,1960,0.25,2030,0.26,-920,-0.12,381630,95.41
1230,多頭出場,2023-04-11 09:35,L_Exit_Add,15945,1,793500,3710,0.47,3780,0.48,-1620,-0.20,385360,96.34
1230,多頭進場,2023-04-11 09:00,L_Add,15870,1,793500,3710,0.47,3780,0.48,-1620,-0.20,385360,96.34
1231,多頭出場,2023-04-11 09:35,L_Exit_Add,15945,1,794100,3110,0.39,3180,0.40,-420,-0.05,388490,97.12
1231,多頭進場,2023-04-11 09:20,L_Add,15882,1,794100,3110,0.39,3180,0.40,-420,-0.05,388490,97.12
1232,多頭出場,2023-04-11 09:35,L_Exit_Add,15945,1,794100,3110,0.39,3180,0.40,-420,-0.05,391620,97.91
1232,多頭進場,2023-04-11 09:25,L_G_進,15882,1,794100,3110,0.39,3180,0.40,-420,-0.05,391620,97.91
1233,多頭出場,2023-04-12 03:55,Trend Rev,15934,1,796950,-290,-0.04,1330,0.17,-1870,-0.23,391330,97.83
1233,多頭進場,2023-04-11 09:40,L_Cmd,15939,1,796950,-290,-0.04,1330,0.17,-1870,-0.23,391330,97.83
1234,多頭出場,2023-04-12 09:05,L_Exit,15925,1,797400,-1190,-0.15,80,0.01,-1420,-0.18,390140,97.54
1234,多頭進場,2023-04-12 09:00,L_Cmd,15948,1,797400,-1190,-0.15,80,0.01,-1420,-0.18,390140,97.54
1235,多頭出場,2023-04-12 12:10,Trend Rev,15918,1,796400,-540,-0.07,330,0.04,-620,-0.08,389600,97.40
1235,多頭進場,2023-04-12 11:15,L_Cmd,15928,1,796400,-540,-0.07,330,0.04,-620,-0.08,389600,97.40
1236,空頭出場,2023-04-13 18:10,S_Exit,15800,1,792150,2110,0.27,2180,0.28,-370,-0.05,391690,97.92
1236,空頭進場,2023-04-13 12:05,S_Cmd,15843,1,792150,2110,0.27,2180,0.28,-370,-0.05,391690,97.92
1237,空頭出場,2023-04-13 21:05,Trend Rev,15834,1,790800,-940,-0.12,1680,0.21,-1370,-0.17,390770,97.69
1237,空頭進場,2023-04-13 13:15,S_Add,15816,1,790800,-940,-0.12,1680,0.21,-1370,-0.17,390770,97.69
1238,多頭出場,2023-04-14 11:35,L_Exit,15986,1,795200,4060,0.51,4130,0.52,-920,-0.12,394770,98.69
1238,多頭進場,2023-04-14 10:15,L_Cmd,15904,1,795200,4060,0.51,4130,0.52,-920,-0.12,394770,98.69
1239,多頭出場,2023-04-14 12:20,L_Exit_G,15991,1,797500,2010,0.25,2080,0.26,-270,-0.03,396800,99.20
1239,多頭進場,2023-04-14 11:20,L_Add,15950,1,797500,2010,0.25,2080,0.26,-270,-0.03,396800,99.20
1240,多頭出場,2023-04-14 20:50,Trend Rev,15937,1,798150,-1340,-0.17,1530,0.19,-1420,-0.18,395480,98.87
1240,多頭進場,2023-04-14 11:30,L_Add,15963,1,798150,-1340,-0.17,1530,0.19,-1420,-0.18,395480,98.87
1241,多頭出場,2023-04-14 20:50,Trend Rev,15937,1,798950,-2140,-0.27,730,0.09,-2220,-0.28,393360,98.34
1241,多頭進場,2023-04-14 11:35,L_G_進,15979,1,798950,-2140,-0.27,730,0.09,-2220,-0.28,393360,98.34
1242,多頭出場,2023-04-14 22:05,L_Exit,15936,1,798200,-1440,-0.18,30,0.00,-1420,-0.18,391920,97.98
1242,多頭進場,2023-04-14 22:00,L_Cmd,15964,1,798200,-1440,-0.18,30,0.00,-1420,-0.18,391920,97.98
1243,多頭出場,2023-04-17 12:05,Trend Rev,15918,1,796300,-440,-0.06,1580,0.20,-670,-0.08,391460,97.87
1243,多頭進場,2023-04-17 10:10,L_Cmd,15926,1,796300,-440,-0.06,1580,0.20,-670,-0.08,391460,97.87
1244,多頭出場,2023-04-17 12:05,Trend Rev,15918,1,797650,-1790,-0.22,230,0.03,-1770,-0.22,389690,97.42
1244,多頭進場,2023-04-17 10:40,L_Add,15953,1,797650,-1790,-0.22,230,0.03,-1770,-0.22,389690,97.42
1245,多頭出場,2023-04-17 13:40,L_Exit,15972,1,796400,2160,0.27,2230,0.28,-120,-0.02,391790,97.95
1245,多頭進場,2023-04-17 13:15,L_Cmd,15928,1,796400,2160,0.27,2230,0.28,-120,-0.02,391790,97.95
1246,多頭出場,2023-04-17 13:40,L_Exit_G,15972,1,797450,1110,0.14,1180,0.15,-120,-0.02,392920,98.23
1246,多頭進場,2023-04-17 13:30,L_Add,15949,1,797450,1110,0.14,1180,0.15,-120,-0.02,392920,98.23
1247,多頭出場,2023-04-17 21:50,Trend Rev,15946,1,798000,-740,-0.09,980,0.12,-1320,-0.17,392200,98.05
1247,多頭進場,2023-04-17 13:35,L_Add,15960,1,798000,-740,-0.09,980,0.12,-1320,-0.17,392200,98.05
1248,多頭出場,2023-04-17 21:50,Trend Rev,15946,1,798250,-990,-0.12,730,0.09,-1570,-0.20,391230,97.81
1248,多頭進場,2023-04-17 13:40,L_G_進,15965,1,798250,-990,-0.12,730,0.09,-1570,-0.20,391230,97.81
1249,多頭出場,2023-04-18 08:45,L_Exit,15932,1,797650,-1090,-0.14,930,0.12,-1070,-0.13,390120,97.53
1249,多頭進場,2023-04-18 03:05,L_Cmd,15953,1,797650,-1090,-0.14,930,0.12,-1070,-0.13,390120,97.53
1250,多頭出場,2023-04-18 08:45,L_Exit_Add,15932,1,798350,-1790,-0.22,230,0.03,-1770,-0.22,388350,97.09
1250,多頭進場,2023-04-18 03:30,L_Add,15967,1,798350,-1790,-0.22,230,0.03,-1770,-0.22,388350,97.09
1251,多頭出場,2023-04-18 11:25,Trend Rev,15941,1,797300,-290,-0.04,830,0.10,-470,-0.06,388060,97.02
1251,多頭進場,2023-04-18 10:45,L_Cmd,15946,1,797300,-290,-0.04,830,0.10,-470,-0.06,388060,97.02
1252,多頭出場,2023-04-18 22:00,Trend Rev,15896,1,795450,-690,-0.09,480,0.06,-670,-0.08,387370,96.84
1252,多頭進場,2023-04-18 21:45,L_Cmd,15909,1,795450,-690,-0.09,480,0.06,-670,-0.08,387370,96.84
1253,空頭出場,2023-04-19 04:00,Trend Rev,15890,1,794100,-440,-0.06,680,0.09,-770,-0.10,386930,96.73
1253,空頭進場,2023-04-18 22:05,S_Cmd,15882,1,794100,-440,-0.06,680,0.09,-770,-0.10,386930,96.73
1254,空頭出場,2023-04-19 12:30,S_Exit,15798,1,791850,1910,0.24,1980,0.25,-220,-0.03,388840,97.21
1254,空頭進場,2023-04-19 10:55,S_Cmd,15837,1,791850,1910,0.24,1980,0.25,-220,-0.03,388840,97.21
1255,空頭出場,2023-04-19 15:00,S_Exit,15757,1,789900,2010,0.25,2080,0.26,-220,-0.03,390830,97.71
1255,空頭進場,2023-04-19 12:35,S_Cmd,15798,1,789900,2010,0.25,2080,0.26,-220,-0.03,390830,97.71
1256,空頭出場,2023-04-19 15:40,S_Exit_Add,15732,1,788450,1810,0.23,1880,0.24,-1670,-0.21,392660,98.17
1256,空頭進場,2023-04-19 13:00,S_Add,15769,1,788450,1810,0.23,1880,0.24,-1670,-0.21,392660,98.17
1257,空頭出場,2023-04-20 08:55,S_Exit,15732,1,785650,-990,-0.13,30,0.00,-970,-0.12,391670,97.92
1257,空頭進場,2023-04-20 08:50,S_Cmd,15713,1,785650,-990,-0.13,30,0.00,-970,-0.12,391670,97.92
1258,空頭出場,2023-04-20 09:30,S_Exit,15723,1,784350,-1840,-0.23,230,0.03,-1820,-0.23,389830,97.46
1258,空頭進場,2023-04-20 09:25,S_Cmd,15687,1,784350,-1840,-0.23,230,0.03,-1820,-0.23,389830,97.46
1259,空頭出場,2023-04-21 03:55,S_Exit,15756,1,786700,-1140,-0.14,330,0.04,-1120,-0.14,388690,97.17
1259,空頭進場,2023-04-21 03:15,S_Cmd,15734,1,786700,-1140,-0.14,330,0.04,-1120,-0.14,388690,97.17
1260,空頭出場,2023-04-21 10:15,S_Exit,15671,1,786050,2460,0.31,2530,0.32,-820,-0.10,391130,97.78
1260,空頭進場,2023-04-21 09:50,S_Cmd,15721,1,786050,2460,0.31,2530,0.32,-820,-0.10,391130,97.78
1261,空頭出場,2023-04-21 12:55,S_Exit_Add,15614,1,783800,3060,0.39,3130,0.40,-1020,-0.13,394190,98.55
1261,空頭進場,2023-04-21 10:15,S_Add,15676,1,783800,3060,0.39,3130,0.40,-1020,-0.13,394190,98.55
1262,空頭出場,2023-04-21 22:05,S_Exit_Add,15582,1,781700,2560,0.33,2930,0.37,-3120,-0.40,396750,99.19
1262,空頭進場,2023-04-21 10:35,S_Add,15634,1,781700,2560,0.33,2930,0.37,-3120,-0.40,396750,99.19
1263,空頭出場,2023-04-21 22:15,S_Exit_Add,15619,1,779050,-1940,-0.25,0,0.00,-1920,-0.25,394830,98.71
1263,空頭進場,2023-04-21 22:05,S_Add,15581,1,779050,-1940,-0.25,0,0.00,-1920,-0.25,394830,98.71
1264,空頭出場,2023-04-24 08:55,S_Exit,15564,1,777500,-740,-0.10,330,0.04,-1020,-0.13,394090,98.52
1264,空頭進場,2023-04-24 08:45,S_Cmd,15550,1,777500,-740,-0.10,330,0.04,-1020,-0.13,394090,98.52
1265,空頭出場,2023-04-25 01:00,Trend Rev,15641,1,781800,-290,-0.04,880,0.11,-420,-0.05,393800,98.45
1265,空頭進場,2023-04-24 22:40,S_Cmd,15636,1,781800,-290,-0.04,880,0.11,-420,-0.05,393800,98.45
1266,空頭出場,2023-04-25 08:50,S_Exit,15659,1,782000,-990,-0.13,480,0.06,-1120,-0.14,392810,98.20
1266,空頭進場,2023-04-25 08:45,S_Cmd,15640,1,782000,-990,-0.13,480,0.06,-1120,-0.14,392810,98.20
1267,空頭出場,2023-04-25 09:20,S_Exit,15601,1,781400,1310,0.17,1380,0.18,-420,-0.05,394120,98.53
1267,空頭進場,2023-04-25 09:05,S_Cmd,15628,1,781400,1310,0.17,1380,0.18,-420,-0.05,394120,98.53
1268,空頭出場,2023-04-25 09:55,S_Exit,15539,1,779100,2110,0.27,2180,0.28,-220,-0.03,396230,99.06
1268,空頭進場,2023-04-25 09:45,S_Cmd,15582,1,779100,2110,0.27,2180,0.28,-220,-0.03,396230,99.06
1269,空頭出場,2023-04-25 10:35,S_Exit,15462,1,776050,2910,0.37,2980,0.38,-220,-0.03,399120,99.78
1269,空頭進場,2023-04-25 10:20,S_Cmd,15521,1,776050,2910,0.37,2980,0.38,-220,-0.03,399120,99.78
1270,空頭出場,2023-04-25 11:55,S_Exit_Add,15410,1,773700,3160,0.41,3230,0.42,-620,-0.08,402280,100.57
1270,空頭進場,2023-04-25 10:35,S_Add,15474,1,773700,3160,0.41,3230,0.42,-620,-0.08,402280,100.57
1271,空頭出場,2023-04-25 15:00,S_Exit_Add,15367,1,771250,2860,0.37,2930,0.38,-2120,-0.27,405140,101.29
1271,空頭進場,2023-04-25 11:05,S_Add,15425,1,771250,2860,0.37,2930,0.38,-2120,-0.27,405140,101.29
1272,空頭出場,2023-04-25 22:35,S_Exit_Add,15343,1,769150,1960,0.25,2030,0.26,-870,-0.11,407100,101.78
1272,空頭進場,2023-04-25 12:35,S_Add,15383,1,769150,1960,0.25,2030,0.26,-870,-0.11,407100,101.78
1273,空頭出場,2023-04-26 01:45,S_Exit_Add,15314,1,767300,1560,0.20,1630,0.21,-1570,-0.20,408680,102.17
1273,空頭進場,2023-04-25 22:35,S_Add,15346,1,767300,1560,0.20,1630,0.21,-1570,-0.20,408680,102.17
1274,空頭出場,2023-04-26 04:05,S_Exit,15323,1,764450,-1740,-0.23,30,0.00,-2170,-0.28,406940,101.74
1274,空頭進場,2023-04-26 04:00,S_Cmd,15289,1,764450,-1740,-0.23,30,0.00,-2170,-0.28,406940,101.74
1275,空頭出場,2023-04-26 10:30,Trend Rev,15357,1,765650,-2240,-0.29,30,0.00,-2370,-0.31,404700,101.18
1275,空頭進場,2023-04-26 10:15,S_Cmd,15313,1,765650,-2240,-0.29,30,0.00,-2370,-0.31,404700,101.18
1276,空頭出場,2023-04-26 23:05,Trend Rev,15366,1,767150,-1190,-0.16,130,0.02,-1270,-0.17,403510,100.88
1276,空頭進場,2023-04-26 22:20,S_Cmd,15343,1,767150,-1190,-0.16,130,0.02,-1270,-0.17,403510,100.88
1277,空頭出場,2023-04-27 03:55,S_Exit,15339,1,766150,-840,-0.11,130,0.02,-820,-0.11,402670,100.67
1277,空頭進場,2023-04-27 03:05,S_Cmd,15323,1,766150,-840,-0.11,130,0.02,-820,-0.11,402670,100.67
1278,多頭出場,2023-04-28 17:00,L_Exit,15535,1,778400,-1690,-0.22,130,0.02,-1670,-0.21,400980,100.25
1278,多頭進場,2023-04-28 15:00,L_Cmd,15568,1,778400,-1690,-0.22,130,0.02,-1670,-0.21,400980,100.25
1279,多頭出場,2023-05-02 08:45,L_Exit,15639,1,779650,2260,0.29,2330,0.30,-920,-0.12,403200,100.80
1279,多頭進場,2023-04-28 22:10,L_Cmd,15593,1,779650,2260,0.29,2330,0.30,-920,-0.12,403200,100.80
1280,多頭出場,2023-05-02 08:45,L_Exit_Add,15639,1,780550,1360,0.17,1430,0.18,-620,-0.08,404580,101.15
1280,多頭進場,2023-04-29 00:00,L_Add,15611,1,780550,1360,0.17,1430,0.18,-620,-0.08,404580,101.15
1281,多頭出場,2023-05-02 09:00,L_Exit_Add,15594,1,781150,-1490,-0.19,830,0.11,-1470,-0.19,403110,100.78
1281,多頭進場,2023-04-29 04:00,L_Add,15623,1,781150,-1490,-0.19,830,0.11,-1470,-0.19,403110,100.78
1282,多頭出場,2023-05-02 09:50,L_Exit,15604,1,782800,-2640,-0.34,380,0.05,-2620,-0.33,400470,100.12
1282,多頭進場,2023-05-02 09:40,L_Cmd,15656,1,782800,-2640,-0.34,380,0.05,-2620,-0.33,400470,100.12
1283,多頭出場,2023-05-03 11:00,Trend Rev,15557,1,779300,-1490,-0.19,430,0.06,-1470,-0.19,398980,99.74
1283,多頭進場,2023-05-03 10:10,L_Cmd,15586,1,779300,-1490,-0.19,430,0.06,-1470,-0.19,398980,99.74
1284,多頭出場,2023-05-04 01:55,Trend Rev,15562,1,778350,-290,-0.04,280,0.04,-320,-0.04,398690,99.67
1284,多頭進場,2023-05-04 01:00,L_Cmd,15567,1,778350,-290,-0.04,280,0.04,-320,-0.04,398690,99.67
1285,空頭出場,2023-05-04 09:10,S_Exit,15547,1,775100,-2290,-0.30,680,0.09,-2270,-0.29,396400,99.10
1285,空頭進場,2023-05-04 04:05,S_Cmd,15502,1,775100,-2290,-0.30,680,0.09,-2270,-0.29,396400,99.10
1286,多頭出場,2023-05-04 19:10,Trend Rev,15585,1,779800,-590,-0.08,1130,0.14,-770,-0.10,395810,98.95
1286,多頭進場,2023-05-04 11:35,L_Cmd,15596,1,779800,-590,-0.08,1130,0.14,-770,-0.10,395810,98.95
1287,多頭出場,2023-05-04 21:40,L_Exit,15574,1,779700,-1040,-0.13,80,0.01,-1020,-0.13,394770,98.69
1287,多頭進場,2023-05-04 21:35,L_Cmd,15594,1,779700,-1040,-0.13,80,0.01,-1020,-0.13,394770,98.69
1288,空頭出場,2023-05-05 01:35,Trend Rev,15575,1,777850,-940,-0.12,1480,0.19,-920,-0.12,393810,98.45
1288,空頭進場,2023-05-04 23:05,S_Cmd,15557,1,777850,-940,-0.12,1480,0.19,-920,-0.12,393810,98.45
1289,空頭出場,2023-05-05 01:35,Trend Rev,15575,1,776600,-2190,-0.28,230,0.03,-2170,-0.28,391640,97.91
1289,空頭進場,2023-05-05 00:10,S_Add,15532,1,776600,-2190,-0.28,230,0.03,-2170,-0.28,391640,97.91
1290,多頭出場,2023-05-05 21:45,L_Exit_Add,15685,1,781100,3110,0.40,3180,0.41,-470,-0.06,394730,98.68
1290,多頭進場,2023-05-05 11:00,L_Cmd,15622,1,781100,3110,0.40,3180,0.41,-470,-0.06,394730,98.68
1291,多頭出場,2023-05-05 22:15,L_Exit,15710,1,783000,2460,0.31,2530,0.32,-220,-0.03,397190,99.30
1291,多頭進場,2023-05-05 21:20,L_Add,15660,1,783000,2460,0.31,2530,0.32,-220,-0.03,397190,99.30
1292,多頭出場,2023-05-05 23:05,L_Exit_Add,15728,1,784900,1460,0.19,1530,0.19,-120,-0.02,398670,99.67
1292,多頭進場,2023-05-05 22:10,L_Add,15698,1,784900,1460,0.19,1530,0.19,-120,-0.02,398670,99.67
1293,多頭出場,2023-05-08 13:15,Trend Rev,15722,1,787000,-940,-0.12,30,0.00,-1020,-0.13,397730,99.43
1293,多頭進場,2023-05-08 12:50,L_Cmd,15740,1,787000,-940,-0.12,30,0.00,-1020,-0.13,397730,99.43
1294,多頭出場,2023-05-09 13:10,Trend Rev,15718,1,785900,-40,-0.01,980,0.12,-120,-0.02,397690,99.42
1294,多頭進場,2023-05-09 11:45,L_Cmd,15718,1,785900,-40,-0.01,980,0.12,-120,-0.02,397690,99.42
1295,空頭出場,2023-05-10 10:50,S_Exit,15588,1,781900,2460,0.31,2530,0.32,-370,-0.05,400130,100.03
1295,空頭進場,2023-05-10 09:45,S_Cmd,15638,1,781900,2460,0.31,2530,0.32,-370,-0.05,400130,100.03
1296,空頭出場,2023-05-10 20:35,Trend Rev,15626,1,780250,-1090,-0.14,1880,0.24,-1820,-0.23,399060,99.77
1296,空頭進場,2023-05-10 10:50,S_Add,15605,1,780250,-1090,-0.14,1880,0.24,-1820,-0.23,399060,99.77
1297,多頭出場,2023-05-11 09:00,L_Exit,15656,1,783950,-1190,-0.15,180,0.02,-1170,-0.15,397870,99.47
1297,多頭進場,2023-05-11 08:50,L_Cmd,15679,1,783950,-1190,-0.15,180,0.02,-1170,-0.15,397870,99.47
1298,空頭出場,2023-05-11 09:50,S_Exit,15562,1,780500,2360,0.30,2430,0.31,-620,-0.08,400230,100.06
1298,空頭進場,2023-05-11 09:45,S_Cmd,15610,1,780500,2360,0.30,2430,0.31,-620,-0.08,400230,100.06
1299,空頭出場,2023-05-11 11:05,S_Exit,15588,1,777050,-2390,-0.31,280,0.04,-2370,-0.30,397840,99.46
1299,空頭進場,2023-05-11 10:30,S_Cmd,15541,1,777050,-2390,-0.31,280,0.04,-2370,-0.30,397840,99.46
1300,空頭出場,2023-05-11 19:15,S_Exit,15486,1,776350,2010,0.26,2080,0.27,-970,-0.12,399850,99.96
1300,空頭進場,2023-05-11 12:50,S_Cmd,15527,1,776350,2010,0.26,2080,0.27,-970,-0.12,399850,99.96
1301,空頭出場,2023-05-12 08:55,S_Exit,15456,1,772050,-790,-0.10,180,0.02,-770,-0.10,399060,99.77
1301,空頭進場,2023-05-12 08:50,S_Cmd,15441,1,772050,-790,-0.10,180,0.02,-770,-0.10,399060,99.77
1302,空頭出場,2023-05-13 00:35,S_Exit,15431,1,773050,1460,0.19,1530,0.20,-870,-0.11,400500,100.13
1302,空頭進場,2023-05-12 22:35,S_Cmd,15461,1,773050,1460,0.19,1530,0.20,-870,-0.11,400500,100.13
1303,空頭出場,2023-05-15 09:05,Trend Rev,15469,1,771900,-1590,-0.21,1130,0.15,-1820,-0.24,398930,99.73
1303,空頭進場,2023-05-13 00:30,S_Add,15438,1,771900,-1590,-0.21,1130,0.15,-1820,-0.24,398930,99.73
1304,空頭出場,2023-05-15 11:15,Trend Rev,15474,1,771800,-1940,-0.25,280,0.04,-1970,-0.26,396990,99.25
1304,空頭進場,2023-05-15 10:50,S_Cmd,15436,1,771800,-1940,-0.25,280,0.04,-1970,-0.26,396990,99.25
1305,多頭出場,2023-05-16 08:55,L_Exit_Add,15623,1,779000,2110,0.27,2180,0.28,-620,-0.08,399060,99.77
1305,多頭進場,2023-05-16 00:20,L_Cmd,15580,1,779000,2110,0.27,2180,0.28,-620,-0.08,399060,99.77
1306,多頭出場,2023-05-16 09:10,L_Exit,15627,1,779950,1360,0.17,1430,0.18,-620,-0.08,400440,100.11
1306,多頭進場,2023-05-16 03:10,L_Add,15599,1,779950,1360,0.17,1430,0.18,-620,-0.08,400440,100.11
1307,多頭出場,2023-05-16 10:15,L_Exit_G,15674,1,781100,2560,0.33,2630,0.34,-1470,-0.19,402960,100.74
1307,多頭進場,2023-05-16 08:50,L_Add,15622,1,781100,2560,0.33,2630,0.34,-1470,-0.19,402960,100.74
1308,多頭出場,2023-05-16 10:25,L_Exit_Add,15686,1,782150,2110,0.27,2180,0.28,-20,0.00,405070,101.27
1308,多頭進場,2023-05-16 09:50,L_Add,15643,1,782150,2110,0.27,2180,0.28,-20,0.00,405070,101.27
1309,多頭出場,2023-05-16 10:25,L_Exit_G,15686,1,783000,1260,0.16,1330,0.17,-620,-0.08,406350,101.59
1309,多頭進場,2023-05-16 09:55,L_Add,15660,1,783000,1260,0.16,1330,0.17,-620,-0.08,406350,101.59
1310,多頭出場,2023-05-16 12:10,L_Exit_Add,15689,1,783050,1360,0.17,1680,0.21,-670,-0.09,407710,101.93
1310,多頭進場,2023-05-16 10:00,L_G_進,15661,1,783050,1360,0.17,1680,0.21,-670,-0.09,407710,101.93
1311,多頭出場,2023-05-16 12:20,L_Exit_Add,15705,1,783750,1460,0.19,1530,0.20,-570,-0.07,409190,102.30
1311,多頭進場,2023-05-16 10:20,L_G_進,15675,1,783750,1460,0.19,1530,0.20,-570,-0.07,409190,102.30
1312,多頭出場,2023-05-16 15:00,L_Exit_Add,15637,1,784300,-2490,-0.32,1830,0.23,-2470,-0.31,406680,101.67
1312,多頭進場,2023-05-16 11:20,L_Add,15686,1,784300,-2490,-0.32,1830,0.23,-2470,-0.31,406680,101.67
1313,多頭出場,2023-05-16 15:00,L_Exit_Add,15637,1,785150,-3340,-0.43,980,0.12,-3320,-0.42,403360,100.84
1313,多頭進場,2023-05-16 12:25,L_Add,15703,1,785150,-3340,-0.43,980,0.12,-3320,-0.42,403360,100.84
1314,多頭出場,2023-05-16 15:00,L_Exit_Add,15635,1,786000,-4290,-0.55,130,0.02,-4270,-0.54,399090,99.77
1314,多頭進場,2023-05-16 12:35,L_Add,15720,1,786000,-4290,-0.55,130,0.02,-4270,-0.54,399090,99.77
1315,多頭出場,2023-05-16 21:50,L_Exit,15634,1,782900,-1240,-0.16,230,0.03,-1220,-0.16,397850,99.46
1315,多頭進場,2023-05-16 21:45,L_Cmd,15658,1,782900,-1240,-0.16,230,0.03,-1220,-0.16,397850,99.46
1316,多頭出場,2023-05-17 09:05,L_Exit,15685,1,782850,1360,0.17,1430,0.18,-370,-0.05,399190,99.80
1316,多頭進場,2023-05-17 08:50,L_Cmd,15657,1,782850,1360,0.17,1430,0.18,-370,-0.05,399190,99.80
1317,多頭出場,2023-05-17 09:15,L_Exit_Add,15715,1,783500,2210,0.28,2280,0.29,-220,-0.03,401380,100.35
1317,多頭進場,2023-05-17 09:05,L_Add,15670,1,783500,2210,0.28,2280,0.29,-220,-0.03,401380,100.35
1318,多頭出場,2023-05-17 09:15,L_Exit_Add,15715,1,784050,1660,0.21,1730,0.22,-270,-0.03,403060,100.76
1318,多頭進場,2023-05-17 09:10,L_Add,15681,1,784050,1660,0.21,1730,0.22,-270,-0.03,403060,100.76
1319,多頭出場,2023-05-17 09:25,L_Exit_Add,15727,1,784300,2010,0.26,2080,0.27,-20,0.00,405050,101.26
1319,多頭進場,2023-05-17 09:15,L_Add,15686,1,784300,2010,0.26,2080,0.27,-20,0.00,405050,101.26
1320,多頭出場,2023-05-17 10:05,L_Exit_G,15749,1,785500,1910,0.24,1980,0.25,-920,-0.12,406940,101.74
1320,多頭進場,2023-05-17 09:20,L_Add,15710,1,785500,1910,0.24,1980,0.25,-920,-0.12,406940,101.74
1321,多頭出場,2023-05-17 10:15,L_Exit_Add,15765,1,786100,2110,0.27,2180,0.28,-1520,-0.19,409050,102.26
1321,多頭進場,2023-05-17 09:25,L_Add,15722,1,786100,2110,0.27,2180,0.28,-1520,-0.19,409050,102.26
1322,多頭出場,2023-05-17 10:15,L_Exit_G,15765,1,786950,1260,0.16,1330,0.17,-470,-0.06,410330,102.58
1322,多頭進場,2023-05-17 10:00,L_Add,15739,1,786950,1260,0.16,1330,0.17,-470,-0.06,410330,102.58
1323,多頭出場,2023-05-17 10:20,L_Exit_Add,15794,1,786900,2760,0.35,2830,0.36,-320,-0.04,413090,103.27
1323,多頭進場,2023-05-17 10:05,L_G_進,15738,1,786900,2760,0.35,2830,0.36,-320,-0.04,413090,103.27
1324,多頭出場,2023-05-17 10:20,L_Exit_Add,15794,1,787250,2410,0.31,2480,0.32,-70,-0.01,415520,103.88
1324,多頭進場,2023-05-17 10:15,L_G_進,15745,1,787250,2410,0.31,2480,0.32,-70,-0.01,415520,103.88
1325,多頭出場,2023-05-17 10:40,L_Exit_Add,15828,1,788250,3110,0.39,3180,0.40,-20,0.00,418590,104.65
1325,多頭進場,2023-05-17 10:20,L_Add,15765,1,788250,3110,0.39,3180,0.40,-20,0.00,418590,104.65
1326,多頭出場,2023-05-17 10:40,L_Exit_G,15828,1,789600,1760,0.22,1830,0.23,-320,-0.04,420370,105.09
1326,多頭進場,2023-05-17 10:25,L_Add,15792,1,789600,1760,0.22,1830,0.23,-320,-0.04,420370,105.09
1327,多頭出場,2023-05-17 11:35,L_Exit_G,15838,1,789600,2260,0.29,2330,0.30,-170,-0.02,422610,105.65
1327,多頭進場,2023-05-17 10:30,L_Add,15792,1,789600,2260,0.29,2330,0.30,-170,-0.02,422610,105.65
1328,多頭出場,2023-05-17 12:05,L_Exit_G,15842,1,790250,1810,0.23,1880,0.24,-220,-0.03,424420,106.11
1328,多頭進場,2023-05-17 10:40,L_G_進,15805,1,790250,1810,0.23,1880,0.24,-220,-0.03,424420,106.11
1329,多頭出場,2023-05-17 12:15,L_Exit_G,15852,1,791200,1360,0.17,1430,0.18,-1020,-0.13,425780,106.45
1329,多頭進場,2023-05-17 10:45,L_Add,15824,1,791200,1360,0.17,1430,0.18,-1020,-0.13,425780,106.45
1330,多頭出場,2023-05-17 12:20,L_Exit_Add,15860,1,791250,1710,0.22,1780,0.22,-1070,-0.14,427490,106.87
1330,多頭進場,2023-05-17 10:50,L_G_進,15825,1,791250,1710,0.22,1780,0.22,-1070,-0.14,427490,106.87
1331,多頭出場,2023-05-17 12:20,L_Exit_Add,15860,1,791550,1410,0.18,1480,0.19,-620,-0.08,428920,107.23
1331,多頭進場,2023-05-17 11:40,L_G_進,15831,1,791550,1410,0.18,1480,0.19,-620,-0.08,428920,107.23
1332,多頭出場,2023-05-17 12:25,L_Exit_G,15864,1,792050,1110,0.14,1180,0.15,-320,-0.04,430050,107.51
1332,多頭進場,2023-05-17 12:10,L_G_進,15841,1,792050,1110,0.14,1180,0.15,-320,-0.04,430050,107.51
1333,多頭出場,2023-05-17 12:35,L_Exit_Add,15880,1,792650,1310,0.17,1380,0.17,-170,-0.02,431360,107.84
1333,多頭進場,2023-05-17 12:20,L_G_進,15853,1,792650,1310,0.17,1380,0.17,-170,-0.02,431360,107.84
1334,多頭出場,2023-05-17 21:05,L_Exit_Add,15920,1,794000,1960,0.25,2280,0.29,-1070,-0.13,433320,108.33
1334,多頭進場,2023-05-17 12:35,L_Add,15880,1,794000,1960,0.25,2280,0.29,-1070,-0.13,433320,108.33
1335,多頭出場,2023-05-17 23:15,L_Exit_Add,15937,1,795850,960,0.12,1030,0.13,-1370,-0.17,434300,108.58
1335,多頭進場,2023-05-17 21:05,L_Add,15917,1,795850,960,0.12,1030,0.13,-1370,-0.17,434300,108.58
1336,多頭出場,2023-05-18 01:00,L_Exit,15995,1,797500,2210,0.28,2280,0.29,-170,-0.02,436450,109.11
1336,多頭進場,2023-05-18 00:30,L_Cmd,15950,1,797500,2210,0.28,2280,0.29,-170,-0.02,436450,109.11
1337,多頭出場,2023-05-18 01:55,L_Exit_G,16002,1,798500,1560,0.20,1630,0.20,-120,-0.02,438030,109.51
1337,多頭進場,2023-05-18 00:50,L_Add,15970,1,798500,1560,0.20,1630,0.20,-120,-0.02,438030,109.51
1338,多頭出場,2023-05-18 03:05,L_Exit_Add,16005,1,799100,1110,0.14,1180,0.15,-320,-0.04,439160,109.79
1338,多頭進場,2023-05-18 00:55,L_Add,15982,1,799100,1110,0.14,1180,0.15,-320,-0.04,439160,109.79
1339,多頭出場,2023-05-18 08:45,L_Exit_Add,16035,1,799400,2310,0.29,2380,0.30,-520,-0.07,441490,110.37
1339,多頭進場,2023-05-18 01:00,L_G_進,15988,1,799400,2310,0.29,2380,0.30,-520,-0.07,441490,110.37
1340,多頭出場,2023-05-18 15:40,L_Exit,16115,1,800750,4960,0.62,5030,0.63,-770,-0.10,446410,111.60
1340,多頭進場,2023-05-18 10:05,L_Cmd,16015,1,800750,4960,0.62,5030,0.63,-770,-0.10,446410,111.60
1341,多頭出場,2023-05-18 15:50,L_Exit_Add,16129,1,802950,3460,0.43,3530,0.44,-1220,-0.15,449890,112.47
1341,多頭進場,2023-05-18 10:55,L_Add,16059,1,802950,3460,0.43,3530,0.44,-1220,-0.15,449890,112.47
1342,多頭出場,2023-05-18 15:50,L_Exit_Add,16139,1,803800,3110,0.39,3180,0.40,-2070,-0.26,453020,113.26
1342,多頭進場,2023-05-18 11:30,L_Add,16076,1,803800,3110,0.39,3180,0.40,-2070,-0.26,453020,113.26
1343,多頭出場,2023-05-19 00:15,Trend Rev,16097,1,805650,-840,-0.10,1830,0.23,-870,-0.11,452160,113.04
1343,多頭進場,2023-05-18 22:40,L_Cmd,16113,1,805650,-840,-0.10,1830,0.23,-870,-0.11,452160,113.04
1344,多頭出場,2023-05-19 00:15,Trend Rev,16097,1,807400,-2590,-0.32,80,0.01,-2570,-0.32,449590,112.40
1344,多頭進場,2023-05-18 23:50,L_Add,16148,1,807400,-2590,-0.32,80,0.01,-2570,-0.32,449590,112.40
1345,多頭出場,2023-05-19 09:00,L_Exit,16114,1,806900,-1240,-0.15,1130,0.14,-1220,-0.15,448350,112.09
1345,多頭進場,2023-05-19 03:45,L_Cmd,16138,1,806900,-1240,-0.15,1130,0.14,-1220,-0.15,448350,112.09
1346,多頭出場,2023-05-19 12:55,Trend Rev,16110,1,806150,-690,-0.09,1280,0.16,-870,-0.11,447660,111.92
1346,多頭進場,2023-05-19 11:10,L_Cmd,16123,1,806150,-690,-0.09,1280,0.16,-870,-0.11,447660,111.92
1347,多頭出場,2023-05-20 04:15,Trend Rev,16108,1,805450,-90,-0.01,130,0.02,-120,-0.01,447570,111.89
1347,多頭進場,2023-05-20 03:55,L_Cmd,16109,1,805450,-90,-0.01,130,0.02,-120,-0.01,447570,111.89
1348,多頭出場,2023-05-22 09:35,L_Exit,16117,1,807200,-1390,-0.17,630,0.08,-1370,-0.17,446180,111.55
1348,多頭進場,2023-05-22 09:05,L_Cmd,16144,1,807200,-1390,-0.17,630,0.08,-1370,-0.17,446180,111.55
1349,多頭出場,2023-05-22 11:10,Trend Rev,16111,1,806500,-990,-0.12,930,0.12,-970,-0.12,445190,111.30
1349,多頭進場,2023-05-22 10:25,L_Cmd,16130,1,806500,-990,-0.12,930,0.12,-970,-0.12,445190,111.30
1350,多頭出場,2023-05-22 22:05,L_BE,16125,1,806250,-40,0.00,980,0.12,-20,0.00,445110,111.28
1350,多頭進場,2023-05-22 21:35,L_Cmd,16125,1,806250,-40,0.00,980,0.12,-20,0.00,445110,111.28
1351,多頭出場,2023-05-22 23:50,Trend Rev,16122,1,806750,-690,-0.09,480,0.06,-770,-0.10,444440,111.11
1351,多頭進場,2023-05-22 21:40,L_Add,16135,1,806750,-690,-0.09,480,0.06,-770,-0.10,444440,111.11
1352,多頭出場,2023-05-22 23:50,Trend Rev,16122,1,807100,-1040,-0.13,130,0.02,-1120,-0.14,443420,110.85
1352,多頭進場,2023-05-22 21:50,L_Add,16142,1,807100,-1040,-0.13,130,0.02,-1120,-0.14,443420,110.85
1353,多頭出場,2023-05-23 08:55,L_Exit,16148,1,808600,-1240,-0.15,30,0.00,-1220,-0.15,442180,110.55
1353,多頭進場,2023-05-23 08:50,L_Cmd,16172,1,808600,-1240,-0.15,30,0.00,-1220,-0.15,442180,110.55
1354,多頭出場,2023-05-23 11:40,Trend Rev,16126,1,806050,210,0.03,3680,0.46,-70,-0.01,442350,110.59
1354,多頭進場,2023-05-23 10:10,L_Cmd,16121,1,806050,210,0.03,3680,0.46,-70,-0.01,442350,110.59
1355,多頭出場,2023-05-23 11:40,Trend Rev,16126,1,808150,-1890,-0.23,1580,0.20,-2120,-0.26,440480,110.12
1355,多頭進場,2023-05-23 10:40,L_Add,16163,1,808150,-1890,-0.23,1580,0.20,-2120,-0.26,440480,110.12
1356,多頭出場,2023-05-23 11:40,Trend Rev,16126,1,809600,-3340,-0.41,0,0.00,-3570,-0.44,437160,109.29
1356,多頭進場,2023-05-23 11:00,L_Add,16192,1,809600,-3340,-0.41,0,0.00,-3570,-0.44,437160,109.29
1357,多頭出場,2023-05-23 15:05,Trend Rev,16126,1,806500,-240,-0.03,380,0.05,-420,-0.05,436920,109.23
1357,多頭進場,2023-05-23 13:35,L_Cmd,16130,1,806500,-240,-0.03,380,0.05,-420,-0.05,436920,109.23
1358,多頭出場,2023-05-24 15:05,Trend Rev,16047,1,803200,-890,-0.11,1380,0.17,-1070,-0.13,436010,109.00
1358,多頭進場,2023-05-24 13:05,L_Cmd,16064,1,803200,-890,-0.11,1380,0.17,-1070,-0.13,436010,109.00
1359,多頭出場,2023-05-24 15:05,Trend Rev,16047,1,804350,-2040,-0.25,230,0.03,-2220,-0.28,433990,108.50
1359,多頭進場,2023-05-24 13:20,L_Add,16087,1,804350,-2040,-0.25,230,0.03,-2220,-0.28,433990,108.50
1360,空頭出場,2023-05-25 00:05,S_Exit,15984,1,798050,-1190,-0.15,530,0.07,-1170,-0.15,432800,108.20
1360,空頭進場,2023-05-24 22:05,S_Cmd,15961,1,798050,-1190,-0.15,530,0.07,-1170,-0.15,432800,108.20
1361,多頭出場,2023-05-25 21:35,L_Exit,16303,1,811150,3960,0.49,4030,0.50,-1570,-0.19,436720,109.18
1361,多頭進場,2023-05-25 11:55,L_Cmd,16223,1,811150,3960,0.49,4030,0.50,-1570,-0.19,436720,109.18
1362,多頭出場,2023-05-25 22:55,L_Exit_Add,16329,1,814750,1660,0.20,1730,0.21,-1070,-0.13,438400,109.60
1362,多頭進場,2023-05-25 21:05,L_Add,16295,1,814750,1660,0.20,1730,0.21,-1070,-0.13,438400,109.60
1363,多頭出場,2023-05-25 22:55,L_Exit_Add,16329,1,814800,1610,0.20,1680,0.21,-1120,-0.14,440030,110.01
1363,多頭進場,2023-05-25 21:10,L_Add,16296,1,814800,1610,0.20,1680,0.21,-1120,-0.14,440030,110.01
1364,多頭出場,2023-05-26 09:00,L_Exit,16405,1,816400,3810,0.47,3880,0.48,-720,-0.09,443780,110.95
1364,多頭進場,2023-05-25 23:00,L_Cmd,16328,1,816400,3810,0.47,3880,0.48,-720,-0.09,443780,110.95
1365,多頭出場,2023-05-26 09:00,L_Exit_Add,16405,1,817650,2560,0.31,2630,0.32,-420,-0.05,446360,111.59
1365,多頭進場,2023-05-26 03:05,L_Add,16353,1,817650,2560,0.31,2630,0.32,-420,-0.05,446360,111.59
1366,多頭出場,2023-05-26 09:00,L_Exit_Add,16405,1,818450,1760,0.22,1830,0.22,-1220,-0.15,448140,112.04
1366,多頭進場,2023-05-26 03:30,L_Add,16369,1,818450,1760,0.22,1830,0.22,-1220,-0.15,448140,112.04
1367,多頭出場,2023-05-26 09:00,L_Exit_G,16405,1,819100,1110,0.14,1180,0.14,-220,-0.03,449270,112.32
1367,多頭進場,2023-05-26 09:00,L_G_進,16382,1,819100,1110,0.14,1180,0.14,-220,-0.03,449270,112.32
1368,多頭出場,2023-05-26 22:05,L_Exit,16556,1,822150,5610,0.68,5680,0.69,-2670,-0.32,454820,113.70
1368,多頭進場,2023-05-26 10:00,L_Cmd,16443,1,822150,5610,0.68,5680,0.69,-2670,-0.32,454820,113.70
1369,多頭出場,2023-05-26 22:05,L_Exit_Add,16556,1,825700,2060,0.25,2130,0.26,-670,-0.08,456900,114.23
1369,多頭進場,2023-05-26 21:05,L_Add,16514,1,825700,2060,0.25,2130,0.26,-670,-0.08,456900,114.23
1370,多頭出場,2023-05-26 22:05,L_Exit_G,16556,1,826100,1660,0.20,1730,0.21,-120,-0.01,458580,114.65
1370,多頭進場,2023-05-26 21:40,L_Add,16522,1,826100,1660,0.20,1730,0.21,-120,-0.01,458580,114.65
1371,多頭出場,2023-05-26 22:20,L_Exit_Add,16568,1,826650,1710,0.21,1780,0.22,-670,-0.08,460310,115.08
1371,多頭進場,2023-05-26 21:45,L_G_進,16533,1,826650,1710,0.21,1780,0.22,-670,-0.08,460310,115.08
1372,多頭出場,2023-05-27 04:50,L_Exit_Add,16604,1,830100,60,0.01,2380,0.29,-770,-0.09,460350,115.09
1372,多頭進場,2023-05-26 22:45,L_Cmd,16602,1,830100,60,0.01,2380,0.29,-770,-0.09,460350,115.09
1373,多頭出場,2023-05-29 09:35,Trend Rev,16575,1,832200,-3490,-0.42,180,0.02,-3970,-0.48,456880,114.22
1373,多頭進場,2023-05-27 03:05,L_Add,16644,1,832200,-3490,-0.42,180,0.02,-3970,-0.48,456880,114.22
1374,多頭出場,2023-05-30 02:20,Trend Rev,16562,1,828300,-240,-0.03,580,0.07,-270,-0.03,456640,114.16
1374,多頭進場,2023-05-29 22:25,L_Cmd,16566,1,828300,-240,-0.03,580,0.07,-270,-0.03,456640,114.16
1375,多頭出場,2023-05-30 09:05,L_Exit,16571,1,829600,-1090,-0.13,580,0.07,-1070,-0.13,455550,113.89
1375,多頭進場,2023-05-30 08:50,L_Cmd,16592,1,829600,-1090,-0.13,580,0.07,-1070,-0.13,455550,113.89
1376,多頭出場,2023-05-30 16:15,L_Exit,16633,1,828450,3160,0.38,3230,0.39,-270,-0.03,458710,114.68
1376,多頭進場,2023-05-30 12:55,L_Cmd,16569,1,828450,3160,0.38,3230,0.39,-270,-0.03,458710,114.68
1377,多頭出場,2023-05-31 13:30,Trend Rev,16520,1,827600,-1640,-0.20,130,0.02,-1820,-0.22,457070,114.27
1377,多頭進場,2023-05-31 13:25,L_Cmd,16552,1,827600,-1640,-0.20,130,0.02,-1820,-0.22,457070,114.27
1378,多頭出場,2023-06-01 09:45,Trend Rev,16442,1,823100,-1040,-0.13,2780,0.34,-1070,-0.13,456010,114.00
1378,多頭進場,2023-06-01 09:15,L_Cmd,16462,1,823100,-1040,-0.13,2780,0.34,-1070,-0.13,456010,114.00
1379,多頭出場,2023-06-01 09:45,Trend Rev,16442,1,825250,-3190,-0.39,280,0.03,-3220,-0.39,452840,113.21
1379,多頭進場,2023-06-01 09:30,L_Add,16505,1,825250,-3190,-0.39,280,0.03,-3220,-0.39,452840,113.21
1380,多頭出場,2023-06-01 11:50,Trend Rev,16464,1,823400,-240,-0.03,530,0.06,-1720,-0.21,452600,113.15
1380,多頭進場,2023-06-01 10:50,L_Cmd,16468,1,823400,-240,-0.03,530,0.06,-1720,-0.21,452600,113.15
1381,多頭出場,2023-06-01 23:15,L_Exit,16541,1,824650,2360,0.29,2430,0.29,-1170,-0.14,454900,113.73
1381,多頭進場,2023-06-01 21:45,L_Cmd,16493,1,824650,2360,0.29,2430,0.29,-1170,-0.14,454900,113.73
1382,多頭出場,2023-06-01 23:30,L_Exit_G,16559,1,826150,1760,0.21,1830,0.22,-120,-0.01,456680,114.17
1382,多頭進場,2023-06-01 22:45,L_Add,16523,1,826150,1760,0.21,1830,0.22,-120,-0.01,456680,114.17
1383,多頭出場,2023-06-01 23:45,L_Exit_Add,16573,1,826450,2160,0.26,2230,0.27,-220,-0.03,458820,114.70
1383,多頭進場,2023-06-01 22:55,L_Add,16529,1,826450,2160,0.26,2230,0.27,-220,-0.03,458820,114.70
1384,多頭出場,2023-06-02 00:00,L_Exit_Add,16580,1,826900,2060,0.25,2130,0.26,-670,-0.08,460900,115.23
1384,多頭進場,2023-06-01 23:00,L_G_進,16538,1,826900,2060,0.25,2130,0.26,-670,-0.08,460900,115.23
1385,多頭出場,2023-06-02 02:05,L_Exit_G,16586,1,827900,1360,0.16,1430,0.17,-120,-0.01,462280,115.57
1385,多頭進場,2023-06-01 23:35,L_Add,16558,1,827900,1360,0.16,1430,0.17,-120,-0.01,462280,115.57
1386,多頭出場,2023-06-02 03:05,L_Exit_Add,16592,1,828350,1210,0.15,1280,0.15,-570,-0.07,463490,115.87
1386,多頭進場,2023-06-01 23:45,L_G_進,16567,1,828350,1210,0.15,1280,0.15,-570,-0.07,463490,115.87
1387,多頭出場,2023-06-02 03:35,L_Exit_Add,16558,1,829600,-1740,-0.21,80,0.01,-1720,-0.21,461770,115.44
1387,多頭進場,2023-06-02 03:05,L_Add,16592,1,829600,-1740,-0.21,80,0.01,-1720,-0.21,461770,115.44
1388,多頭出場,2023-06-02 09:20,L_Exit,16627,1,829000,2310,0.28,2380,0.29,-970,-0.12,464040,116.01
1388,多頭進場,2023-06-02 04:00,L_Cmd,16580,1,829000,2310,0.28,2380,0.29,-970,-0.12,464040,116.01
1389,多頭出場,2023-06-02 09:45,L_Exit_G,16651,1,830250,2260,0.27,2330,0.28,-970,-0.12,466280,116.57
1389,多頭進場,2023-06-02 09:05,L_Add,16605,1,830250,2260,0.27,2330,0.28,-970,-0.12,466280,116.57
1390,多頭出場,2023-06-02 09:50,L_Exit_Add,16663,1,830550,2560,0.31,2630,0.32,-1220,-0.15,468840,117.21
1390,多頭進場,2023-06-02 09:15,L_Add,16611,1,830550,2560,0.31,2630,0.32,-1220,-0.15,468840,117.21
1391,多頭出場,2023-06-02 09:50,L_Exit_Add,16663,1,831350,1760,0.21,1830,0.22,-2020,-0.24,470620,117.66
1391,多頭進場,2023-06-02 09:25,L_Add,16627,1,831350,1760,0.21,1830,0.22,-2020,-0.24,470620,117.66
1392,多頭出場,2023-06-02 09:50,L_Exit_G,16663,1,831750,1360,0.16,1430,0.17,-1070,-0.13,472000,118.00
1392,多頭進場,2023-06-02 09:40,L_G_進,16635,1,831750,1360,0.16,1430,0.17,-1070,-0.13,472000,118.00
1393,多頭出場,2023-06-02 11:00,L_Exit_Add,16691,1,832500,2010,0.24,2080,0.25,-270,-0.03,473990,118.50
1393,多頭進場,2023-06-02 09:50,L_G_進,16650,1,832500,2010,0.24,2080,0.25,-270,-0.03,473990,118.50
1394,多頭出場,2023-06-02 11:40,L_Exit_Add,16735,1,833550,3160,0.38,3230,0.39,-920,-0.11,477130,119.28
1394,多頭進場,2023-06-02 10:20,L_Add,16671,1,833550,3160,0.38,3230,0.39,-920,-0.11,477130,119.28
1395,多頭出場,2023-06-02 11:40,L_Exit_G,16735,1,834000,2710,0.32,2780,0.33,-170,-0.02,479860,119.97
1395,多頭進場,2023-06-02 11:00,L_Add,16680,1,834000,2710,0.32,2780,0.33,-170,-0.02,479860,119.97
1396,多頭出場,2023-06-02 11:45,L_Exit_Add,16737,1,834750,2060,0.25,2130,0.26,-470,-0.06,481920,120.48
1396,多頭進場,2023-06-02 11:15,L_Add,16695,1,834750,2060,0.25,2130,0.26,-470,-0.06,481920,120.48
1397,多頭出場,2023-06-02 16:00,L_Exit_Add,16754,1,836050,1610,0.19,1680,0.20,-1620,-0.19,483550,120.89
1397,多頭進場,2023-06-02 11:35,L_G_進,16721,1,836050,1610,0.19,1680,0.20,-1620,-0.19,483550,120.89
1398,多頭出場,2023-06-02 16:55,L_Exit_Add,16791,1,836700,2810,0.34,2880,0.34,-2270,-0.27,486380,121.60
1398,多頭進場,2023-06-02 11:45,L_Add,16734,1,836700,2810,0.34,2880,0.34,-2270,-0.27,486380,121.60
1399,多頭出場,2023-06-02 21:55,L_Exit,16731,1,838500,-1990,-0.24,1230,0.15,-1970,-0.23,484390,121.10
1399,多頭進場,2023-06-02 21:25,L_Cmd,16770,1,838500,-1990,-0.24,1230,0.15,-1970,-0.23,484390,121.10
1400,多頭出場,2023-06-05 10:55,Trend Rev,16738,1,837000,-140,-0.02,180,0.02,-420,-0.05,484250,121.06
1400,多頭進場,2023-06-05 10:50,L_Cmd,16740,1,837000,-140,-0.02,180,0.02,-420,-0.05,484250,121.06
1401,多頭出場,2023-06-05 12:05,Trend Rev,16740,1,837450,-490,-0.06,730,0.09,-620,-0.07,483760,120.94
1401,多頭進場,2023-06-05 11:10,L_Cmd,16749,1,837450,-490,-0.06,730,0.09,-620,-0.07,483760,120.94
1402,多頭出場,2023-06-06 01:40,Trend Rev,16701,1,835850,-840,-0.10,930,0.11,-1070,-0.13,482920,120.73
1402,多頭進場,2023-06-06 00:10,L_Cmd,16717,1,835850,-840,-0.10,930,0.11,-1070,-0.13,482920,120.73
1403,多頭出場,2023-06-06 04:25,Trend Rev,16700,1,835400,-440,-0.05,280,0.03,-520,-0.06,482480,120.62
1403,多頭進場,2023-06-06 03:50,L_Cmd,16708,1,835400,-440,-0.05,280,0.03,-520,-0.06,482480,120.62
1404,多頭出場,2023-06-06 09:45,L_Exit,16691,1,836100,-1590,-0.19,1180,0.14,-1570,-0.19,480890,120.22
1404,多頭進場,2023-06-06 09:10,L_Cmd,16722,1,836100,-1590,-0.19,1180,0.14,-1570,-0.19,480890,120.22
1405,多頭出場,2023-06-06 11:40,Trend Rev,16702,1,835900,-840,-0.10,3330,0.40,-1220,-0.15,480030,120.01
1405,多頭進場,2023-06-06 10:05,L_Cmd,16718,1,835900,-840,-0.10,3330,0.40,-1220,-0.15,480030,120.01
1406,多頭出場,2023-06-06 11:40,Trend Rev,16702,1,838900,-3840,-0.46,330,0.04,-4220,-0.50,476210,119.05
1406,多頭進場,2023-06-06 10:20,L_Add,16778,1,838900,-3840,-0.46,330,0.04,-4220,-0.50,476210,119.05
1407,多頭出場,2023-06-06 23:55,L_Exit,16802,1,837550,2510,0.30,2580,0.31,-70,-0.01,478660,119.67
1407,多頭進場,2023-06-06 22:45,L_Cmd,16751,1,837550,2510,0.30,2580,0.31,-70,-0.01,478660,119.67
1408,多頭出場,2023-06-07 03:40,L_G_Cut,16788,1,838700,660,0.08,1580,0.19,-1020,-0.12,479340,119.84
1408,多頭進場,2023-06-06 23:05,L_Add,16774,1,838700,660,0.08,1580,0.19,-1020,-0.12,479340,119.84
1409,多頭出場,2023-06-07 09:25,L_Exit_Add,16826,1,839700,1560,0.19,1630,0.19,-1370,-0.16,480920,120.23
1409,多頭進場,2023-06-06 23:50,L_Add,16794,1,839700,1560,0.19,1630,0.19,-1370,-0.16,480920,120.23
1410,多頭出場,2023-06-07 09:40,L_Exit_Add,16845,1,839800,2410,0.29,2480,0.30,-1470,-0.18,483330,120.83
1410,多頭進場,2023-06-06 23:55,L_G_進,16796,1,839800,2410,0.29,2480,0.30,-1470,-0.18,483330,120.83
1411,多頭出場,2023-06-07 11:30,L_Exit_Add,16883,1,841200,2910,0.35,2980,0.35,-920,-0.11,486200,121.55
1411,多頭進場,2023-06-07 09:30,L_Add,16824,1,841200,2910,0.35,2980,0.35,-920,-0.11,486200,121.55
1412,多頭出場,2023-06-07 11:30,L_Exit_G,16883,1,842950,1160,0.14,1230,0.15,-1970,-0.23,487380,121.85
1412,多頭進場,2023-06-07 10:05,L_Add,16859,1,842950,1160,0.14,1230,0.15,-1970,-0.23,487380,121.85
1413,多頭出場,2023-06-07 12:15,L_Exit_Add,16905,1,843550,1660,0.20,1730,0.21,-770,-0.09,489020,122.26
1413,多頭進場,2023-06-07 10:45,L_Add,16871,1,843550,1660,0.20,1730,0.21,-770,-0.09,489020,122.26
1414,多頭出場,2023-06-07 15:10,L_G_Cut,16880,1,843550,410,0.05,1780,0.21,-520,-0.06,489450,122.36
1414,多頭進場,2023-06-07 11:05,L_G_進,16871,1,843550,410,0.05,1780,0.21,-520,-0.06,489450,122.36
1415,多頭出場,2023-06-07 20:00,L_Exit_Add,16915,1,844650,1060,0.13,1130,0.13,-2170,-0.26,490530,122.63
1415,多頭進場,2023-06-07 12:00,L_Add,16893,1,844650,1060,0.13,1130,0.13,-2170,-0.26,490530,122.63
1416,多頭出場,2023-06-07 21:35,L_Exit_Add,16925,1,845000,1210,0.14,1630,0.19,-2520,-0.30,491740,122.93
1416,多頭進場,2023-06-07 12:05,L_G_進,16900,1,845000,1210,0.14,1630,0.19,-2520,-0.30,491740,122.93
1417,多頭出場,2023-06-07 21:45,L_Exit_Add,16961,1,846300,1710,0.20,1780,0.21,-270,-0.03,493470,123.37
1417,多頭進場,2023-06-07 21:35,L_Add,16926,1,846300,1710,0.20,1780,0.21,-270,-0.03,493470,123.37
1418,多頭出場,2023-06-08 21:50,Trend Rev,16736,1,837900,-1140,-0.14,0,0.00,-1120,-0.13,492330,123.08
1418,多頭進場,2023-06-08 21:45,L_Cmd,16758,1,837900,-1140,-0.14,0,0.00,-1120,-0.13,492330,123.08
1419,多頭出場,2023-06-09 00:30,L_Exit,16838,1,838650,3210,0.38,3330,0.40,-620,-0.07,495480,123.87
1419,多頭進場,2023-06-08 22:25,L_Cmd,16773,1,838650,3210,0.38,3330,0.40,-620,-0.07,495480,123.87
1420,多頭出場,2023-06-09 00:30,L_Exit_G,16840,1,839950,2010,0.24,2080,0.25,-320,-0.04,497510,124.38
1420,多頭進場,2023-06-08 23:10,L_Add,16799,1,839950,2010,0.24,2080,0.25,-320,-0.04,497510,124.38
1421,多頭出場,2023-06-09 09:00,Trend Rev,16795,1,840500,-790,-0.09,1530,0.18,-1170,-0.14,496740,124.18
1421,多頭進場,2023-06-08 23:25,L_Add,16810,1,840500,-790,-0.09,1530,0.18,-1170,-0.14,496740,124.18
1422,多頭出場,2023-06-09 09:00,Trend Rev,16795,1,841150,-1440,-0.17,880,0.10,-1820,-0.22,495320,123.83
1422,多頭進場,2023-06-08 23:30,L_G_進,16823,1,841150,-1440,-0.17,880,0.10,-1820,-0.22,495320,123.83
1423,多頭出場,2023-06-09 15:30,L_G_Cut,16860,1,841750,1210,0.14,2830,0.34,-420,-0.05,496470,124.12
1423,多頭進場,2023-06-09 09:25,L_Cmd,16835,1,841750,1210,0.14,2830,0.34,-420,-0.05,496470,124.12
1424,多頭出場,2023-06-09 21:10,L_Exit,16910,1,843500,1960,0.23,2030,0.24,-1870,-0.22,498450,124.61
1424,多頭進場,2023-06-09 10:10,L_Add,16870,1,843500,1960,0.23,2030,0.24,-1870,-0.22,498450,124.61
1425,多頭出場,2023-06-09 21:15,L_Exit_Add,16906,1,843800,1460,0.17,1730,0.21,-2170,-0.26,499910,124.98
1425,多頭進場,2023-06-09 10:50,L_Add,16876,1,843800,1460,0.17,1730,0.21,-2170,-0.26,499910,124.98
1426,多頭出場,2023-06-09 21:15,L_Exit_Add,16906,1,844450,810,0.10,1080,0.13,-1820,-0.22,500740,125.18
1426,多頭進場,2023-06-09 15:00,L_G_進,16889,1,844450,810,0.10,1080,0.13,-1820,-0.22,500740,125.18
1427,多頭出場,2023-06-09 21:35,L_Exit_Add,16958,1,845300,2560,0.30,2630,0.31,-220,-0.03,503300,125.83
1427,多頭進場,2023-06-09 21:15,L_Add,16906,1,845300,2560,0.30,2630,0.31,-220,-0.03,503300,125.83
1428,多頭出場,2023-06-09 22:50,L_Exit_Add,16925,1,847700,-1490,-0.18,1580,0.19,-1470,-0.17,501810,125.45
1428,多頭進場,2023-06-09 21:35,L_Add,16954,1,847700,-1490,-0.18,1580,0.19,-1470,-0.17,501810,125.45
1429,多頭出場,2023-06-10 00:00,L_Exit_Add,16895,1,849200,-4490,-0.53,80,0.01,-4470,-0.53,497340,124.34
1429,多頭進場,2023-06-09 22:15,L_Add,16984,1,849200,-4490,-0.53,80,0.01,-4470,-0.53,497340,124.34
1430,多頭出場,2023-06-12 21:45,L_Exit,16975,1,849750,-1040,-0.12,80,0.01,-1020,-0.12,496300,124.08
1430,多頭進場,2023-06-12 21:35,L_Cmd,16995,1,849750,-1040,-0.12,80,0.01,-1020,-0.12,496300,124.08
1431,多頭出場,2023-06-13 03:10,L_Exit,17078,1,851150,2710,0.32,2780,0.33,-1020,-0.12,498970,124.74
1431,多頭進場,2023-06-12 22:50,L_Cmd,17023,1,851150,2710,0.32,2780,0.33,-1020,-0.12,498970,124.74
1432,多頭出場,2023-06-13 08:50,L_Exit_Add,17118,1,853800,2060,0.24,2130,0.25,-120,-0.01,501030,125.26
1432,多頭進場,2023-06-13 03:05,L_Add,17076,1,853800,2060,0.24,2130,0.25,-120,-0.01,501030,125.26
1433,多頭出場,2023-06-13 08:50,L_Exit_Add,17118,1,853900,1960,0.23,2030,0.24,-170,-0.02,503010,125.75
1433,多頭進場,2023-06-13 03:10,L_Add,17078,1,853900,1960,0.23,2030,0.24,-170,-0.02,503010,125.75
1434,多頭出場,2023-06-13 09:25,L_Exit_Add,17145,1,855900,1310,0.15,1380,0.16,-1820,-0.21,504340,126.09
1434,多頭進場,2023-06-13 08:50,L_Add,17118,1,855900,1310,0.15,1380,0.16,-1820,-0.21,504340,126.09
1435,多頭出場,2023-06-13 10:00,L_Exit,17215,1,857150,3560,0.42,3630,0.42,-420,-0.05,507880,126.97
1435,多頭進場,2023-06-13 09:30,L_Cmd,17143,1,857150,3560,0.42,3630,0.42,-420,-0.05,507880,126.97
1436,多頭出場,2023-06-13 11:30,L_Exit_Add,17249,1,859450,2960,0.34,3030,0.35,-870,-0.10,510840,127.71
1436,多頭進場,2023-06-13 09:50,L_Add,17189,1,859450,2960,0.34,3030,0.35,-870,-0.10,510840,127.71
1437,多頭出場,2023-06-13 20:45,L_Exit_Add,17292,1,861500,3060,0.36,3130,0.36,-1370,-0.16,513900,128.48
1437,多頭進場,2023-06-13 11:25,L_Add,17230,1,861500,3060,0.36,3130,0.36,-1370,-0.16,513900,128.48
1438,多頭出場,2023-06-13 21:05,L_Exit_Add,17319,1,863500,2410,0.28,2480,0.29,-3370,-0.39,516310,129.08
1438,多頭進場,2023-06-13 11:50,L_Add,17270,1,863500,2410,0.28,2480,0.29,-3370,-0.39,516310,129.08
1439,多頭出場,2023-06-13 21:55,L_Exit_Add,17245,1,865300,-3090,-0.36,680,0.08,-3070,-0.35,513240,128.31
1439,多頭進場,2023-06-13 21:05,L_Add,17306,1,865300,-3090,-0.36,680,0.08,-3070,-0.35,513240,128.31
1440,多頭出場,2023-06-14 02:30,Trend Rev,17228,1,863800,-2440,-0.28,180,0.02,-2520,-0.29,510800,127.70
1440,多頭進場,2023-06-13 23:15,L_Cmd,17276,1,863800,-2440,-0.28,180,0.02,-2520,-0.29,510800,127.70
1441,多頭出場,2023-06-14 12:35,Trend Rev,17214,1,860950,-290,-0.03,230,0.03,-920,-0.11,510510,127.63
1441,多頭進場,2023-06-14 12:00,L_Cmd,17219,1,860950,-290,-0.03,230,0.03,-920,-0.11,510510,127.63
1442,多頭出場,2023-06-15 02:00,L_Exit_Add,17210,1,861900,-1440,-0.17,1680,0.19,-1420,-0.16,509050,127.26
1442,多頭進場,2023-06-14 22:00,L_Cmd,17238,1,861900,-1440,-0.17,1680,0.19,-1420,-0.16,509050,127.26
1443,多頭出場,2023-06-15 02:00,L_Exit,17208,1,863250,-2890,-0.33,330,0.04,-2870,-0.33,506180,126.55
1443,多頭進場,2023-06-14 22:20,L_Add,17265,1,863250,-2890,-0.33,330,0.04,-2870,-0.33,506180,126.55
1444,多頭出場,2023-06-15 03:15,Trend Rev,17231,1,863300,-1790,-0.21,80,0.01,-1820,-0.21,504390,126.10
1444,多頭進場,2023-06-15 03:10,L_Cmd,17266,1,863300,-1790,-0.21,80,0.01,-1820,-0.21,504390,126.10
1445,多頭出場,2023-06-15 16:45,L_G_Cut,17321,1,862350,3660,0.42,5030,0.58,-1420,-0.16,507990,127.00
1445,多頭進場,2023-06-15 03:25,L_Cmd,17247,1,862350,3660,0.42,5030,0.58,-1420,-0.16,507990,127.00
1446,多頭出場,2023-06-15 18:20,Trend Rev,17285,1,865350,-1140,-0.13,2030,0.23,-3320,-0.38,506870,126.72
1446,多頭進場,2023-06-15 09:40,L_Add,17307,1,865350,-1140,-0.13,2030,0.23,-3320,-0.38,506870,126.72
1447,多頭出場,2023-06-15 18:20,Trend Rev,17285,1,866300,-2090,-0.24,1080,0.12,-2370,-0.27,504800,126.20
1447,多頭進場,2023-06-15 13:30,L_Add,17326,1,866300,-2090,-0.24,1080,0.12,-2370,-0.27,504800,126.20
1448,多頭出場,2023-06-15 18:20,Trend Rev,17285,1,867000,-2790,-0.32,380,0.04,-3070,-0.35,502030,125.51
1448,多頭進場,2023-06-15 13:35,L_G_進,17340,1,867000,-2790,-0.32,380,0.04,-3070,-0.35,502030,125.51
1449,多頭出場,2023-06-16 02:45,L_Exit,17349,1,865050,2360,0.27,2430,0.28,-220,-0.03,504350,126.09
1449,多頭進場,2023-06-15 21:05,L_Cmd,17301,1,865050,2360,0.27,2430,0.28,-220,-0.03,504350,126.09
1450,多頭出場,2023-06-16 03:15,L_Exit_Add,17359,1,866450,1460,0.17,1830,0.21,-1620,-0.19,505810,126.45
1450,多頭進場,2023-06-15 21:45,L_Add,17329,1,866450,1460,0.17,1830,0.21,-1620,-0.19,505810,126.45
1451,多頭出場,2023-06-16 08:45,L_Exit_Add,17300,1,866700,-1740,-0.20,1580,0.18,-1720,-0.20,504090,126.02
1451,多頭進場,2023-06-15 23:45,L_Add,17334,1,866700,-1740,-0.20,1580,0.18,-1720,-0.20,504090,126.02
1452,多頭出場,2023-06-16 08:45,L_Exit_Add,17293,1,867750,-3140,-0.36,280,0.03,-3120,-0.36,500970,125.24
1452,多頭進場,2023-06-16 03:05,L_Add,17355,1,867750,-3140,-0.36,280,0.03,-3120,-0.36,500970,125.24
1453,多頭出場,2023-06-16 11:40,Trend Rev,17301,1,865550,-540,-0.06,30,0.00,-820,-0.09,500430,125.11
1453,多頭進場,2023-06-16 11:35,L_Cmd,17311,1,865550,-540,-0.06,30,0.00,-820,-0.09,500430,125.11
1454,多頭出場,2023-06-19 11:40,Trend Rev,17248,1,862800,-440,-0.05,1480,0.17,-1170,-0.14,499990,125.00
1454,多頭進場,2023-06-19 10:15,L_Cmd,17256,1,862800,-440,-0.05,1480,0.17,-1170,-0.14,499990,125.00
1455,多頭出場,2023-06-20 00:05,Trend Rev,17235,1,861850,-140,-0.02,30,0.00,-220,-0.03,499850,124.96
1455,多頭進場,2023-06-19 23:45,L_Cmd,17237,1,861850,-140,-0.02,30,0.00,-220,-0.03,499850,124.96
1456,空頭出場,2023-06-21 08:45,S_Exit_Add,16989,1,848500,-990,-0.12,980,0.12,-970,-0.11,498840,124.71
1456,空頭進場,2023-06-20 22:20,S_Cmd,16970,1,848500,-990,-0.12,980,0.12,-970,-0.11,498840,124.71
1457,空頭出場,2023-06-21 08:50,S_Exit,16993,1,847550,-2140,-0.25,0,0.00,-2120,-0.25,496720,124.18
1457,空頭進場,2023-06-21 00:05,S_Add,16951,1,847550,-2140,-0.25,0,0.00,-2120,-0.25,496720,124.18
1458,空頭出場,2023-06-21 22:50,S_Exit,16923,1,847600,1410,0.17,1480,0.17,-670,-0.08,498110,124.53
1458,空頭進場,2023-06-21 22:05,S_Cmd,16952,1,847600,1410,0.17,1480,0.17,-670,-0.08,498110,124.53
1459,空頭出場,2023-06-22 02:20,S_Exit_Add,16955,1,846500,-1290,-0.15,1080,0.13,-1270,-0.15,496820,124.21
1459,空頭進場,2023-06-21 22:50,S_Add,16930,1,846500,-1290,-0.15,1080,0.13,-1270,-0.15,496820,124.21
1460,空頭出場,2023-06-26 08:45,S_Exit_Add,16842,1,845450,3310,0.39,3380,0.40,-2370,-0.28,500150,125.04
1460,空頭進場,2023-06-21 23:20,S_Add,16909,1,845450,3310,0.39,3380,0.40,-2370,-0.28,500150,125.04
1461,空頭出場,2023-06-26 15:10,S_Exit,16845,1,843900,1610,0.19,1680,0.20,-720,-0.09,501760,125.44
1461,空頭進場,2023-06-26 13:05,S_Cmd,16878,1,843900,1610,0.19,1680,0.20,-720,-0.09,501760,125.44
1462,空頭出場,2023-06-27 03:55,S_Exit,16815,1,842700,1910,0.23,1980,0.23,-620,-0.07,503650,125.91
1462,空頭進場,2023-06-26 23:20,S_Cmd,16854,1,842700,1910,0.23,1980,0.23,-620,-0.07,503650,125.91
1463,空頭出場,2023-06-27 03:55,S_Exit_Add,16815,1,841600,810,0.10,880,0.10,-70,-0.01,504480,126.12
1463,空頭進場,2023-06-27 03:55,S_Add,16832,1,841600,810,0.10,880,0.10,-70,-0.01,504480,126.12
1464,空頭出場,2023-06-27 09:00,S_Exit,16768,1,840250,1810,0.22,1880,0.22,-570,-0.07,506270,126.57
1464,空頭進場,2023-06-27 04:20,S_Cmd,16805,1,840250,1810,0.22,1880,0.22,-570,-0.07,506270,126.57
1465,空頭出場,2023-06-27 09:40,S_Exit_Add,16821,1,838900,-2190,-0.26,1680,0.20,-2170,-0.26,504080,126.02
1465,空頭進場,2023-06-27 09:00,S_Add,16778,1,838900,-2190,-0.26,1680,0.20,-2170,-0.26,504080,126.02
1466,空頭出場,2023-06-27 09:55,S_Exit_Add,16836,1,838150,-3690,-0.44,930,0.11,-3670,-0.44,500410,125.10
1466,空頭進場,2023-06-27 09:15,S_Add,16763,1,838150,-3690,-0.44,930,0.11,-3670,-0.44,500410,125.10
1467,空頭出場,2023-06-27 22:50,Trend Rev,16757,1,837500,-390,-0.05,2230,0.27,-870,-0.10,500000,125.00
1467,空頭進場,2023-06-27 11:15,S_Cmd,16750,1,837500,-390,-0.05,2230,0.27,-870,-0.10,500000,125.00
1468,空頭出場,2023-06-27 22:50,Trend Rev,16757,1,835650,-2240,-0.27,380,0.05,-2720,-0.33,497780,124.45
1468,空頭進場,2023-06-27 12:05,S_Add,16713,1,835650,-2240,-0.27,380,0.05,-2720,-0.33,497780,124.45
1469,空頭出場,2023-06-28 09:05,S_Exit,16764,1,839600,1360,0.16,1430,0.17,-570,-0.07,499140,124.79
1469,空頭進場,2023-06-28 08:50,S_Cmd,16792,1,839600,1360,0.16,1430,0.17,-570,-0.07,499140,124.79
1470,空頭出場,2023-06-28 10:45,S_Exit,16780,1,836800,-2240,-0.27,1180,0.14,-2220,-0.27,496900,124.23
1470,空頭進場,2023-06-28 10:15,S_Cmd,16736,1,836800,-2240,-0.27,1180,0.14,-2220,-0.27,496900,124.23
1471,空頭出場,2023-06-29 15:30,S_Exit,16697,1,839550,4660,0.56,4730,0.56,-120,-0.01,501540,125.39
1471,空頭進場,2023-06-29 10:55,S_Cmd,16791,1,839550,4660,0.56,4730,0.56,-120,-0.01,501540,125.39
1472,空頭出場,2023-06-29 23:25,Trend Rev,16742,1,836850,-290,-0.03,2030,0.24,-2670,-0.32,501270,125.32
1472,空頭進場,2023-06-29 11:40,S_Add,16737,1,836850,-290,-0.03,2030,0.24,-2670,-0.32,501270,125.32
1473,空頭出場,2023-06-30 08:55,S_Exit,16709,1,834100,-1390,-0.17,180,0.02,-1370,-0.16,499880,124.97
1473,空頭進場,2023-06-30 08:50,S_Cmd,16682,1,834100,-1390,-0.17,180,0.02,-1370,-0.16,499880,124.97
1474,多頭出場,2023-06-30 23:45,L_Exit,16870,1,845000,-1540,-0.18,230,0.03,-1520,-0.18,498340,124.59
1474,多頭進場,2023-06-30 22:20,L_Cmd,16900,1,845000,-1540,-0.18,230,0.03,-1520,-0.18,498340,124.59
1475,多頭出場,2023-07-01 03:50,L_Exit,16876,1,844900,-1140,-0.13,80,0.01,-1120,-0.13,497200,124.30
1475,多頭進場,2023-07-01 01:00,L_Cmd,16898,1,844900,-1140,-0.13,80,0.01,-1120,-0.13,497200,124.30
1476,多頭出場,2023-07-03 09:10,L_Exit,16960,1,845600,2360,0.28,2430,0.29,-770,-0.09,499540,124.89
1476,多頭進場,2023-07-03 08:50,L_Cmd,16912,1,845600,2360,0.28,2430,0.29,-770,-0.09,499540,124.89
1477,多頭出場,2023-07-03 09:30,L_Exit_Add,17014,1,847100,3560,0.42,3630,0.43,-270,-0.03,503060,125.76
1477,多頭進場,2023-07-03 09:10,L_Add,16942,1,847100,3560,0.42,3630,0.43,-270,-0.03,503060,125.76
1478,多頭出場,2023-07-03 09:30,L_Exit_G,17014,1,848650,2010,0.24,2080,0.25,-470,-0.06,505090,126.27
1478,多頭進場,2023-07-03 09:20,L_Add,16973,1,848650,2010,0.24,2080,0.25,-470,-0.06,505090,126.27
1479,多頭出場,2023-07-03 11:35,L_Exit_Add,17036,1,849350,2410,0.28,2480,0.29,-520,-0.06,507480,126.87
1479,多頭進場,2023-07-03 09:25,L_Add,16987,1,849350,2410,0.28,2480,0.29,-520,-0.06,507480,126.87
1480,多頭出場,2023-07-03 11:40,L_Exit_G,17034,1,849700,1960,0.23,2130,0.25,-820,-0.10,509440,127.36
1480,多頭進場,2023-07-03 09:30,L_G_進,16994,1,849700,1960,0.23,2130,0.25,-820,-0.10,509440,127.36
1481,多頭出場,2023-07-03 15:00,L_Exit_G,17048,1,850600,1760,0.21,1830,0.22,-1720,-0.20,511220,127.81
1481,多頭進場,2023-07-03 09:35,L_Add,17012,1,850600,1760,0.21,1830,0.22,-1720,-0.20,511220,127.81
1482,多頭出場,2023-07-03 21:30,L_Exit_Add,17050,1,851200,1260,0.15,1330,0.16,-2320,-0.27,512500,128.13
1482,多頭進場,2023-07-03 09:45,L_G_進,17024,1,851200,1260,0.15,1330,0.16,-2320,-0.27,512500,128.13
1483,多頭出場,2023-07-03 21:40,L_Exit_Add,17068,1,851700,1660,0.19,1730,0.20,-1370,-0.16,514160,128.54
1483,多頭進場,2023-07-03 11:40,L_G_進,17034,1,851700,1660,0.19,1730,0.20,-1370,-0.16,514160,128.54
1484,多頭出場,2023-07-03 22:35,L_Exit_Add,17025,1,853200,-1990,-0.23,630,0.07,-1970,-0.23,512190,128.05
1484,多頭進場,2023-07-03 21:40,L_Add,17064,1,853200,-1990,-0.23,630,0.07,-1970,-0.23,512190,128.05
1485,多頭出場,2023-07-04 09:20,L_Exit_Add,17013,1,851200,-590,-0.07,1480,0.17,-570,-0.07,511580,127.90
1485,多頭進場,2023-07-04 00:25,L_Cmd,17024,1,851200,-590,-0.07,1480,0.17,-570,-0.07,511580,127.90
1486,多頭出場,2023-07-04 09:25,Trend Rev,17009,1,852100,-1690,-0.20,580,0.07,-1970,-0.23,509910,127.48
1486,多頭進場,2023-07-04 08:50,L_Add,17042,1,852100,-1690,-0.20,580,0.07,-1970,-0.23,509910,127.48
1487,多頭出場,2023-07-04 12:15,L_Exit_G,17107,1,851450,3860,0.45,3930,0.46,-320,-0.04,513710,128.43
1487,多頭進場,2023-07-04 09:55,L_Cmd,17029,1,851450,3860,0.45,3930,0.46,-320,-0.04,513710,128.43
1488,多頭出場,2023-07-04 12:20,L_Exit,17115,1,853350,2360,0.28,2430,0.28,-1470,-0.17,516090,129.02
1488,多頭進場,2023-07-04 10:25,L_Add,17067,1,853350,2360,0.28,2430,0.28,-1470,-0.17,516090,129.02
1489,多頭出場,2023-07-04 12:20,L_Exit_Add,17115,1,854050,1660,0.19,1730,0.20,-70,-0.01,517770,129.44
1489,多頭進場,2023-07-04 12:10,L_Add,17081,1,854050,1660,0.19,1730,0.20,-70,-0.01,517770,129.44
1490,多頭出場,2023-07-04 22:05,L_Exit_Add,17124,1,854600,1560,0.18,1630,0.19,-520,-0.06,519350,129.84
1490,多頭進場,2023-07-04 12:15,L_G_進,17092,1,854600,1560,0.18,1630,0.19,-520,-0.06,519350,129.84
1491,空頭出場,2023-07-06 02:50,S_Exit,16929,1,845450,-1040,-0.12,330,0.04,-1020,-0.12,518310,129.58
1491,空頭進場,2023-07-06 00:40,S_Cmd,16909,1,845450,-1040,-0.12,330,0.04,-1020,-0.12,518310,129.58
1492,空頭出場,2023-07-06 09:00,S_Exit_Add,16818,1,843550,2610,0.31,2680,0.32,-120,-0.01,520860,130.22
1492,空頭進場,2023-07-06 08:45,S_Cmd,16871,1,843550,2610,0.31,2680,0.32,-120,-0.01,520860,130.22
1493,空頭出場,2023-07-06 09:00,S_Exit_G,16818,1,842450,1510,0.18,1580,0.19,-370,-0.04,522390,130.60
1493,空頭進場,2023-07-06 08:50,S_Add,16849,1,842450,1510,0.18,1580,0.19,-370,-0.04,522390,130.60
1494,空頭出場,2023-07-06 09:10,S_BE,16871,1,842050,-1540,-0.18,1180,0.14,-1520,-0.18,520870,130.22
1494,空頭進場,2023-07-06 08:55,S_Add,16841,1,842050,-1540,-0.18,1180,0.14,-1520,-0.18,520870,130.22
1495,空頭出場,2023-07-06 09:10,S_Exit_Add,16882,1,842100,-2040,-0.24,1230,0.15,-2020,-0.24,518850,129.71
1495,空頭進場,2023-07-06 09:00,S_G_進,16842,1,842100,-2040,-0.24,1230,0.15,-2020,-0.24,518850,129.71
1496,空頭出場,2023-07-06 11:25,S_Exit,16726,1,840350,4010,0.48,4080,0.49,-70,-0.01,522840,130.71
1496,空頭進場,2023-07-06 10:45,S_Cmd,16807,1,840350,4010,0.48,4080,0.49,-70,-0.01,522840,130.71
1497,空頭出場,2023-07-06 12:05,S_Exit_Add,16684,1,837900,3660,0.44,3730,0.45,-120,-0.01,526500,131.63
1497,空頭進場,2023-07-06 11:25,S_Add,16758,1,837900,3660,0.44,3730,0.45,-120,-0.01,526500,131.63
1498,空頭出場,2023-07-06 20:40,S_Exit_Add,16632,1,835200,3560,0.43,3630,0.43,-1370,-0.16,530060,132.52
1498,空頭進場,2023-07-06 11:55,S_Add,16704,1,835200,3560,0.43,3630,0.43,-1370,-0.16,530060,132.52
1499,空頭出場,2023-07-06 20:50,S_Exit_Add,16616,1,834200,3360,0.40,3430,0.41,-2370,-0.28,533440,133.36
1499,空頭進場,2023-07-06 12:05,S_Add,16684,1,834200,3360,0.40,3430,0.41,-2370,-0.28,533440,133.36
1500,空頭出場,2023-07-06 23:10,S_Exit,16531,1,828800,2210,0.27,2280,0.28,-370,-0.04,535630,133.91
1500,空頭進場,2023-07-06 22:05,S_Cmd,16576,1,828800,2210,0.27,2280,0.28,-370,-0.04,535630,133.91
1501,空頭出場,2023-07-07 08:55,S_Exit_Add,16608,1,827250,-3190,-0.39,1330,0.16,-3170,-0.38,532460,133.12
1501,空頭進場,2023-07-06 23:00,S_Add,16545,1,827250,-3190,-0.39,1330,0.16,-3170,-0.38,532460,133.12
1502,空頭出場,2023-07-07 10:15,S_Exit,16603,1,827500,-2690,-0.33,680,0.08,-2670,-0.32,529770,132.44
1502,空頭進場,2023-07-07 09:45,S_Cmd,16550,1,827500,-2690,-0.33,680,0.08,-2670,-0.32,529770,132.44
1503,空頭出場,2023-07-10 09:05,Trend Rev,16690,1,833450,-1090,-0.13,680,0.08,-1070,-0.13,528680,132.17
1503,空頭進場,2023-07-08 03:45,S_Cmd,16669,1,833450,-1090,-0.13,680,0.08,-1070,-0.13,528680,132.17
1504,空頭出場,2023-07-10 12:25,S_BE,16635,1,831750,-40,0.00,3730,0.45,-20,0.00,528620,132.16
1504,空頭進場,2023-07-10 11:20,S_Cmd,16635,1,831750,-40,0.00,3730,0.45,-20,0.00,528620,132.16
1505,空頭出場,2023-07-10 19:10,Trend Rev,16634,1,829050,-2690,-0.32,1780,0.21,-4020,-0.48,525950,131.49
1505,空頭進場,2023-07-10 11:25,S_Add,16581,1,829050,-2690,-0.32,1780,0.21,-4020,-0.48,525950,131.49
1506,多頭出場,2023-07-11 21:40,L_Exit_Add,16893,1,842450,2160,0.26,4480,0.53,-1120,-0.13,528090,132.02
1506,多頭進場,2023-07-11 10:25,L_Cmd,16849,1,842450,2160,0.26,4480,0.53,-1120,-0.13,528090,132.02
1507,多頭出場,2023-07-11 22:00,Trend Rev,16870,1,846500,-3040,-0.36,230,0.03,-3720,-0.44,525070,131.27
1507,多頭進場,2023-07-11 21:05,L_Add,16930,1,846500,-3040,-0.36,230,0.03,-3720,-0.44,525070,131.27
1508,多頭出場,2023-07-12 04:30,L_Exit,16902,1,843350,1710,0.20,1780,0.21,-270,-0.03,526720,131.68
1508,多頭進場,2023-07-12 03:20,L_Cmd,16867,1,843350,1710,0.20,1780,0.21,-270,-0.03,526720,131.68
1509,多頭出場,2023-07-12 04:40,L_Exit_Add,16911,1,844050,1460,0.17,1530,0.18,-620,-0.07,528200,132.05
1509,多頭進場,2023-07-12 03:30,L_Add,16881,1,844050,1460,0.17,1530,0.18,-620,-0.07,528200,132.05
1510,多頭出場,2023-07-12 04:40,L_Exit_G,16911,1,844750,760,0.09,830,0.10,-370,-0.04,528980,132.25
1510,多頭進場,2023-07-12 03:50,L_Add,16895,1,844750,760,0.09,830,0.10,-370,-0.04,528980,132.25
1511,多頭出場,2023-07-12 08:45,L_Exit_Add,16854,1,844750,-2090,-0.25,930,0.11,-2070,-0.25,526910,131.73
1511,多頭進場,2023-07-12 04:00,L_G_進,16895,1,844750,-2090,-0.25,930,0.11,-2070,-0.25,526910,131.73
1512,多頭出場,2023-07-12 10:00,Trend Rev,16851,1,844400,-1890,-0.22,80,0.01,-1870,-0.22,525020,131.26
1512,多頭進場,2023-07-12 09:55,L_Cmd,16888,1,844400,-1890,-0.22,80,0.01,-1870,-0.22,525020,131.26
1513,多頭出場,2023-07-12 11:20,Trend Rev,16864,1,845100,-1940,-0.23,1130,0.13,-2020,-0.24,523080,130.77
1513,多頭進場,2023-07-12 10:35,L_Cmd,16902,1,845100,-1940,-0.23,1130,0.13,-2020,-0.24,523080,130.77
1514,多頭出場,2023-07-12 11:45,Trend Rev,16869,1,844200,-790,-0.09,180,0.02,-920,-0.11,522290,130.57
1514,多頭進場,2023-07-12 11:35,L_Cmd,16884,1,844200,-790,-0.09,180,0.02,-920,-0.11,522290,130.57
1515,多頭出場,2023-07-12 22:05,L_Exit,17065,1,850000,3210,0.38,3280,0.39,-220,-0.03,525460,131.37
1515,多頭進場,2023-07-12 21:05,L_Cmd,17000,1,850000,3210,0.38,3280,0.39,-220,-0.03,525460,131.37
1516,多頭出場,2023-07-12 23:50,L_G_Cut,17045,1,852300,-90,-0.01,2680,0.31,-820,-0.10,525350,131.34
1516,多頭進場,2023-07-12 21:35,L_Add,17046,1,852300,-90,-0.01,2680,0.31,-820,-0.10,525350,131.34
1517,多頭出場,2023-07-13 02:05,L_Exit_Add,17108,1,852400,2960,0.35,3030,0.36,-1420,-0.17,528330,132.08
1517,多頭進場,2023-07-12 22:05,L_Add,17048,1,852400,2960,0.35,3030,0.36,-1420,-0.17,528330,132.08
1518,多頭出場,2023-07-13 02:05,L_Exit_Add,17108,1,853850,1510,0.18,1580,0.19,-2870,-0.34,529860,132.47
1518,多頭進場,2023-07-12 22:20,L_Add,17077,1,853850,1510,0.18,1580,0.19,-2870,-0.34,529860,132.47
1519,多頭出場,2023-07-13 03:15,L_Exit_Add,17115,1,854200,1510,0.18,1580,0.18,-3220,-0.38,531370,132.84
1519,多頭進場,2023-07-12 22:40,L_G_進,17084,1,854200,1510,0.18,1580,0.18,-3220,-0.38,531370,132.84
1520,多頭出場,2023-07-13 09:00,L_Exit_Add,17154,1,855500,2160,0.25,2230,0.26,-1620,-0.19,533530,133.38
1520,多頭進場,2023-07-13 03:15,L_Add,17110,1,855500,2160,0.25,2230,0.26,-1620,-0.19,533530,133.38
1521,多頭出場,2023-07-13 09:20,L_Exit_Add,17194,1,857150,2510,0.29,2580,0.30,-920,-0.11,536040,134.01
1521,多頭進場,2023-07-13 08:55,L_Add,17143,1,857150,2510,0.29,2580,0.30,-920,-0.11,536040,134.01
1522,多頭出場,2023-07-13 09:45,L_Exit_Add,17248,1,858700,3660,0.43,3730,0.43,-1720,-0.20,539660,134.92
1522,多頭進場,2023-07-13 09:10,L_Add,17174,1,858700,3660,0.43,3730,0.43,-1720,-0.20,539660,134.92
1523,多頭出場,2023-07-13 09:45,L_Exit_G,17248,1,860550,1810,0.21,1880,0.22,-1170,-0.14,541490,135.37
1523,多頭進場,2023-07-13 09:30,L_Add,17211,1,860550,1810,0.21,1880,0.22,-1170,-0.14,541490,135.37
1524,多頭出場,2023-07-13 12:50,L_Exit_Add,17140,1,861550,-4590,-0.53,1180,0.14,-4570,-0.53,536920,134.23
1524,多頭進場,2023-07-13 09:40,L_Add,17231,1,861550,-4590,-0.53,1180,0.14,-4570,-0.53,536920,134.23
1525,多頭出場,2023-07-13 12:55,Trend Rev,17126,1,861500,-5240,-0.61,1230,0.14,-5270,-0.61,531700,132.93
1525,多頭進場,2023-07-13 09:45,L_G_進,17230,1,861500,-5240,-0.61,1230,0.14,-5270,-0.61,531700,132.93
1526,多頭出場,2023-07-14 02:10,L_Exit,17246,1,859800,2460,0.29,2530,0.29,-120,-0.01,534140,133.54
1526,多頭進場,2023-07-14 00:00,L_Cmd,17196,1,859800,2460,0.29,2530,0.29,-120,-0.01,534140,133.54
1527,多頭出場,2023-07-14 03:10,L_Exit_Add,17249,1,861100,1310,0.15,1380,0.16,-520,-0.06,535450,133.86
1527,多頭進場,2023-07-14 00:25,L_Add,17222,1,861100,1310,0.15,1380,0.16,-520,-0.06,535450,133.86
1528,多頭出場,2023-07-14 08:45,L_Exit_Add,17211,1,862150,-1640,-0.19,330,0.04,-1620,-0.19,533830,133.46
1528,多頭進場,2023-07-14 03:10,L_Add,17243,1,862150,-1640,-0.19,330,0.04,-1620,-0.19,533830,133.46
1529,多頭出場,2023-07-14 16:05,L_Exit,17339,1,861600,5310,0.62,5380,0.62,-320,-0.04,539100,134.78
1529,多頭進場,2023-07-14 10:35,L_Cmd,17232,1,861600,5310,0.62,5380,0.62,-320,-0.04,539100,134.78
1530,多頭出場,2023-07-14 16:05,L_Exit_Add,17339,1,863850,3060,0.35,3130,0.36,-1120,-0.13,542180,135.55
1530,多頭進場,2023-07-14 11:00,L_Add,17277,1,863850,3060,0.35,3130,0.36,-1120,-0.13,542180,135.55
1531,多頭出場,2023-07-14 20:10,L_Exit_Add,17357,1,864950,2860,0.33,2930,0.34,-1620,-0.19,545060,136.26
1531,多頭進場,2023-07-14 12:35,L_Add,17299,1,864950,2860,0.33,2930,0.34,-1620,-0.19,545060,136.26
1532,多頭出場,2023-07-17 11:10,L_Exit,17344,1,863950,3210,0.37,3280,0.38,-520,-0.06,548210,137.05
1532,多頭進場,2023-07-17 09:15,L_Cmd,17279,1,863950,3210,0.37,3280,0.38,-520,-0.06,548210,137.05
1533,多頭出場,2023-07-17 11:35,L_G_Cut,17290,1,865800,-1340,-0.15,1430,0.17,-2370,-0.27,546890,136.72
1533,多頭進場,2023-07-17 09:35,L_Add,17316,1,865800,-1340,-0.15,1430,0.17,-2370,-0.27,546890,136.72
1534,多頭出場,2023-07-17 11:45,Trend Rev,17279,1,866400,-2490,-0.29,830,0.10,-2670,-0.31,544420,136.11
1534,多頭進場,2023-07-17 10:10,L_Add,17328,1,866400,-2490,-0.29,830,0.10,-2670,-0.31,544420,136.11
1535,多頭出場,2023-07-17 11:45,Trend Rev,17279,1,867200,-3290,-0.38,30,0.00,-3470,-0.40,541150,135.29
1535,多頭進場,2023-07-17 11:10,L_G_進,17344,1,867200,-3290,-0.38,30,0.00,-3470,-0.40,541150,135.29
1536,多頭出場,2023-07-17 22:40,Trend Rev,17275,1,864150,-440,-0.05,80,0.01,-620,-0.07,540710,135.18
1536,多頭進場,2023-07-17 22:05,L_Cmd,17283,1,864150,-440,-0.05,80,0.01,-620,-0.07,540710,135.18
1537,多頭出場,2023-07-17 23:20,Trend Rev,17270,1,864350,-890,-0.10,580,0.07,-1320,-0.15,539820,134.96
1537,多頭進場,2023-07-17 22:50,L_Cmd,17287,1,864350,-890,-0.10,580,0.07,-1320,-0.15,539820,134.96
1538,多頭出場,2023-07-18 09:35,L_Exit,17333,1,868650,-2040,-0.23,630,0.07,-2020,-0.23,537780,134.45
1538,多頭進場,2023-07-18 09:15,L_Cmd,17373,1,868650,-2040,-0.23,630,0.07,-2020,-0.23,537780,134.45
1539,多頭出場,2023-07-19 00:25,Trend Rev,17184,1,859900,-740,-0.09,530,0.06,-720,-0.08,537040,134.26
1539,多頭進場,2023-07-18 23:55,L_Cmd,17198,1,859900,-740,-0.09,530,0.06,-720,-0.08,537040,134.26
1540,多頭出場,2023-07-19 04:00,L_Exit,17216,1,861650,-890,-0.10,80,0.01,-870,-0.10,536150,134.04
1540,多頭進場,2023-07-19 03:30,L_Cmd,17233,1,861650,-890,-0.10,80,0.01,-870,-0.10,536150,134.04
1541,多頭出場,2023-07-19 09:10,L_Exit,17222,1,862100,-1040,-0.12,1280,0.15,-1020,-0.12,535090,133.77
1541,多頭進場,2023-07-19 08:50,L_Cmd,17242,1,862100,-1040,-0.12,1280,0.15,-1020,-0.12,535090,133.77
1542,多頭出場,2023-07-19 09:10,L_Exit_Add,17218,1,862950,-2090,-0.24,430,0.05,-2070,-0.24,533020,133.26
1542,多頭進場,2023-07-19 09:00,L_Add,17259,1,862950,-2090,-0.24,430,0.05,-2070,-0.24,533020,133.26
1543,多頭出場,2023-07-19 10:15,L_Exit,17176,1,861500,-2740,-0.32,830,0.10,-2720,-0.32,530280,132.57
1543,多頭進場,2023-07-19 09:45,L_Cmd,17230,1,861500,-2740,-0.32,830,0.10,-2720,-0.32,530280,132.57
1544,空頭出場,2023-07-20 00:05,S_Exit,17113,1,854150,-1540,-0.18,130,0.02,-1520,-0.18,528740,132.19
1544,空頭進場,2023-07-19 23:00,S_Cmd,17083,1,854150,-1540,-0.18,130,0.02,-1520,-0.18,528740,132.19
1545,空頭出場,2023-07-20 08:55,S_Exit,17055,1,851450,-1340,-0.16,30,0.00,-1320,-0.16,527400,131.85
1545,空頭進場,2023-07-20 08:50,S_Cmd,17029,1,851450,-1340,-0.16,30,0.00,-1320,-0.16,527400,131.85
1546,空頭出場,2023-07-20 13:05,Trend Rev,17091,1,853350,-1240,-0.15,430,0.05,-1270,-0.15,526160,131.54
1546,空頭進場,2023-07-20 12:20,S_Cmd,17067,1,853350,-1240,-0.15,430,0.05,-1270,-0.15,526160,131.54
1547,空頭出場,2023-07-21 02:15,S_Exit,16878,1,846200,2260,0.27,2330,0.28,-820,-0.10,528420,132.11
1547,空頭進場,2023-07-20 22:25,S_Cmd,16924,1,846200,2260,0.27,2330,0.28,-820,-0.10,528420,132.11
1548,空頭出場,2023-07-21 04:00,S_Exit,16875,1,842500,-1290,-0.15,780,0.09,-1270,-0.15,527130,131.78
1548,空頭進場,2023-07-21 03:05,S_Cmd,16850,1,842500,-1290,-0.15,780,0.09,-1270,-0.15,527130,131.78
1549,空頭出場,2023-07-21 09:20,S_Exit,16871,1,841450,-2140,-0.25,580,0.07,-2120,-0.25,524990,131.25
1549,空頭進場,2023-07-21 09:05,S_Cmd,16829,1,841450,-2140,-0.25,580,0.07,-2120,-0.25,524990,131.25
1550,空頭出場,2023-07-21 23:20,S_Exit,16937,1,845050,-1840,-0.22,530,0.06,-1820,-0.22,523150,130.79
1550,空頭進場,2023-07-21 22:05,S_Cmd,16901,1,845050,-1840,-0.22,530,0.06,-1820,-0.22,523150,130.79
1551,空頭出場,2023-07-24 08:45,S_Exit,16945,1,845500,-1790,-0.21,580,0.07,-1770,-0.21,521360,130.34
1551,空頭進場,2023-07-22 03:05,S_Cmd,16910,1,845500,-1790,-0.21,580,0.07,-1770,-0.21,521360,130.34
1552,空頭出場,2023-07-24 09:40,S_Exit,16934,1,844300,-2440,-0.29,980,0.12,-2420,-0.29,518920,129.73
1552,空頭進場,2023-07-24 09:25,S_Cmd,16886,1,844300,-2440,-0.29,980,0.12,-2420,-0.29,518920,129.73
1553,空頭出場,2023-07-24 12:50,Trend Rev,16944,1,847100,-140,-0.02,1680,0.20,-320,-0.04,518780,129.70
1553,空頭進場,2023-07-24 12:20,S_Cmd,16942,1,847100,-140,-0.02,1680,0.20,-320,-0.04,518780,129.70
1554,多頭出場,2023-07-25 09:00,L_Exit_Add,17054,1,853100,-440,-0.05,2380,0.28,-570,-0.07,518320,129.58
1554,多頭進場,2023-07-24 23:15,L_Cmd,17062,1,853100,-440,-0.05,2380,0.28,-570,-0.07,518320,129.58
1555,多頭出場,2023-07-25 09:15,L_Exit,17124,1,854450,1710,0.20,1780,0.21,-1770,-0.21,520030,130.01
1555,多頭進場,2023-07-25 08:50,L_Add,17089,1,854450,1710,0.20,1780,0.21,-1770,-0.21,520030,130.01
1556,多頭出場,2023-07-25 10:00,L_Exit_Add,17187,1,855700,3610,0.42,3680,0.43,-1220,-0.14,523600,130.90
1556,多頭進場,2023-07-25 09:10,L_Add,17114,1,855700,3610,0.42,3680,0.43,-1220,-0.14,523600,130.90
1557,多頭出場,2023-07-25 10:00,L_Exit_G,17187,1,856900,2410,0.28,2480,0.29,-270,-0.03,526030,131.51
1557,多頭進場,2023-07-25 09:30,L_Add,17138,1,856900,2410,0.28,2480,0.29,-270,-0.03,526030,131.51
1558,多頭出場,2023-07-25 12:10,L_Exit_Add,17202,1,858100,1960,0.23,2030,0.24,-2620,-0.31,527990,132.00
1558,多頭進場,2023-07-25 09:35,L_Add,17162,1,858100,1960,0.23,2030,0.24,-2620,-0.31,527990,132.00
1559,多頭出場,2023-07-25 12:25,L_Exit_Add,17220,1,858500,2460,0.29,2530,0.29,-3020,-0.35,530450,132.61
1559,多頭進場,2023-07-25 09:55,L_G_進,17170,1,858500,2460,0.29,2530,0.29,-3020,-0.35,530450,132.61
1560,多頭出場,2023-07-25 21:30,L_Exit_Add,17248,1,859650,2710,0.32,2780,0.32,-1620,-0.19,533180,133.30
1560,多頭進場,2023-07-25 11:55,L_Add,17193,1,859650,2710,0.32,2780,0.32,-1620,-0.19,533180,133.30
1561,多頭出場,2023-07-25 22:20,L_Exit_Add,17257,1,861000,1810,0.21,1880,0.22,-2970,-0.34,534990,133.75
1561,多頭進場,2023-07-25 12:25,L_Add,17220,1,861000,1810,0.21,1880,0.22,-2970,-0.34,534990,133.75
1562,多頭出場,2023-07-26 04:05,Trend Rev,17231,1,862550,-1040,-0.12,780,0.09,-1170,-0.14,533970,133.49
1562,多頭進場,2023-07-25 22:15,L_Add,17251,1,862550,-1040,-0.12,780,0.09,-1170,-0.14,533970,133.49
1563,多頭出場,2023-07-27 22:05,L_G_Cut,17303,1,861400,3710,0.43,5180,0.60,-670,-0.08,537620,134.41
1563,多頭進場,2023-07-27 11:40,L_Cmd,17228,1,861400,3710,0.43,5180,0.60,-670,-0.08,537620,134.41
1564,多頭出場,2023-07-27 22:55,L_Exit_Add,17272,1,865350,-1790,-0.21,1230,0.14,-1770,-0.20,535850,133.96
1564,多頭進場,2023-07-27 21:05,L_Add,17307,1,865350,-1790,-0.21,1230,0.14,-1770,-0.20,535850,133.96
1565,多頭出場,2023-07-27 22:55,L_Exit_Add,17267,1,865600,-2290,-0.26,980,0.11,-2270,-0.26,533580,133.40
1565,多頭進場,2023-07-27 21:25,L_Add,17312,1,865600,-2290,-0.26,980,0.11,-2270,-0.26,533580,133.40
1566,多頭出場,2023-07-27 23:00,Trend Rev,17270,1,866400,-2940,-0.34,0,0.00,-3270,-0.38,530660,132.67
1566,多頭進場,2023-07-27 21:55,L_G_進,17328,1,866400,-2940,-0.34,0,0.00,-3270,-0.38,530660,132.67
1567,多頭出場,2023-07-28 01:35,Trend Rev,17277,1,864950,-1140,-0.13,780,0.09,-1320,-0.15,529520,132.38
1567,多頭進場,2023-07-28 00:40,L_Cmd,17299,1,864950,-1140,-0.13,780,0.09,-1320,-0.15,529520,132.38
1568,多頭出場,2023-07-28 12:05,Trend Rev,17214,1,862150,-1490,-0.17,2780,0.32,-1620,-0.19,528010,132.00
1568,多頭進場,2023-07-28 10:55,L_Cmd,17243,1,862150,-1490,-0.17,2780,0.32,-1620,-0.19,528010,132.00
1569,多頭出場,2023-07-28 12:05,Trend Rev,17214,1,864550,-3890,-0.45,380,0.04,-4020,-0.46,524140,131.04
1569,多頭進場,2023-07-28 11:35,L_Add,17291,1,864550,-3890,-0.45,380,0.04,-4020,-0.46,524140,131.04
1570,多頭出場,2023-07-28 20:30,L_Exit,17358,1,862800,5060,0.59,5130,0.59,-970,-0.11,529200,132.30
1570,多頭進場,2023-07-28 12:40,L_Cmd,17256,1,862800,5060,0.59,5130,0.59,-970,-0.11,529200,132.30
1571,多頭出場,2023-07-31 08:55,L_Exit,17417,1,868250,2560,0.29,2630,0.30,-1170,-0.13,531740,132.94
1571,多頭進場,2023-07-28 21:50,L_Cmd,17365,1,868250,2560,0.29,2630,0.30,-1170,-0.13,531740,132.94
1572,多頭出場,2023-07-31 09:15,L_Exit_Add,17369,1,870400,-1990,-0.23,830,0.10,-1970,-0.23,529770,132.44
1572,多頭進場,2023-07-31 08:50,L_Add,17408,1,870400,-1990,-0.23,830,0.10,-1970,-0.23,529770,132.44
1573,空頭出場,2023-08-01 04:00,Trend Rev,17133,1,853550,-3140,-0.37,630,0.07,-3870,-0.45,526630,131.66
1573,空頭進場,2023-07-31 11:45,S_Cmd,17071,1,853550,-3140,-0.37,630,0.07,-3870,-0.45,526630,131.66
1574,空頭出場,2023-08-02 03:05,Trend Rev,17140,1,856200,-840,-0.10,1130,0.13,-1320,-0.15,525790,131.45
1574,空頭進場,2023-08-01 22:20,S_Cmd,17124,1,856200,-840,-0.10,1130,0.13,-1320,-0.15,525790,131.45
1575,空頭出場,2023-08-02 09:00,S_Exit,17144,1,855900,-1340,-0.16,530,0.06,-1320,-0.15,524450,131.11
1575,空頭進場,2023-08-02 08:50,S_Cmd,17118,1,855900,-1340,-0.16,530,0.06,-1320,-0.15,524450,131.11
1576,空頭出場,2023-08-02 10:10,S_Exit,17015,1,854050,3260,0.38,3330,0.39,-470,-0.06,527710,131.93
1576,空頭進場,2023-08-02 09:55,S_Cmd,17081,1,854050,3260,0.38,3330,0.39,-470,-0.06,527710,131.93
1577,空頭出場,2023-08-02 10:25,S_Exit,16930,1,851200,4660,0.55,4730,0.56,-120,-0.01,532350,133.09
1577,空頭進場,2023-08-02 10:15,S_Cmd,17024,1,851200,4660,0.55,4730,0.56,-120,-0.01,532350,133.09
1578,空頭出場,2023-08-02 10:45,S_Exit_Add,16856,1,848500,5660,0.67,5730,0.68,-620,-0.07,538010,134.50
1578,空頭進場,2023-08-02 10:25,S_Add,16970,1,848500,5660,0.67,5730,0.68,-620,-0.07,538010,134.50
1579,空頭出場,2023-08-02 12:25,S_Exit_Add,16841,1,845900,3810,0.45,3880,0.46,-820,-0.10,541800,135.45
1579,空頭進場,2023-08-02 10:35,S_Add,16918,1,845900,3810,0.45,3880,0.46,-820,-0.10,541800,135.45
1580,空頭出場,2023-08-02 15:00,S_Exit_Add,16791,1,843400,3810,0.45,3880,0.46,-520,-0.06,545610,136.40
1580,空頭進場,2023-08-02 11:50,S_Add,16868,1,843400,3810,0.45,3880,0.46,-520,-0.06,545610,136.40
1581,空頭出場,2023-08-02 15:00,S_Exit_Add,16756,1,842250,4410,0.52,4480,0.53,-770,-0.09,550040,137.51
1581,空頭進場,2023-08-02 12:25,S_Add,16845,1,842250,4410,0.52,4480,0.53,-770,-0.09,550040,137.51
1582,空頭出場,2023-08-02 15:50,S_Exit_Add,16737,1,840500,3610,0.43,3680,0.44,-2220,-0.26,553670,138.42
1582,空頭進場,2023-08-02 13:15,S_Add,16810,1,840500,3610,0.43,3680,0.44,-2220,-0.26,553670,138.42
1583,空頭出場,2023-08-03 00:25,S_Exit,16668,1,835950,2510,0.30,2580,0.31,-970,-0.12,556160,139.04
1583,空頭進場,2023-08-02 22:15,S_Cmd,16719,1,835950,2510,0.30,2580,0.31,-970,-0.12,556160,139.04
1584,空頭出場,2023-08-04 08:45,S_Exit_Add,16749,1,834150,-3340,-0.40,1130,0.14,-3320,-0.40,552840,138.21
1584,空頭進場,2023-08-03 00:05,S_Add,16683,1,834150,-3340,-0.40,1130,0.14,-3320,-0.40,552840,138.21
1585,空頭出場,2023-08-07 08:45,S_Exit,16871,1,838850,-4740,-0.57,530,0.06,-4720,-0.56,548100,137.03
1585,空頭進場,2023-08-05 03:45,S_Cmd,16777,1,838850,-4740,-0.57,530,0.06,-4720,-0.56,548100,137.03
1586,多頭出場,2023-08-07 17:00,L_Exit,16972,1,850850,-2290,-0.27,1730,0.20,-2270,-0.27,545810,136.45
1586,多頭進場,2023-08-07 13:00,L_Cmd,17017,1,850850,-2290,-0.27,1730,0.20,-2270,-0.27,545810,136.45
1587,空頭出場,2023-08-08 00:00,Trend Rev,16970,1,846900,-1640,-0.19,230,0.03,-1670,-0.20,544170,136.04
1587,空頭進場,2023-08-07 23:20,S_Cmd,16938,1,846900,-1640,-0.19,230,0.03,-1670,-0.20,544170,136.04
1588,空頭出場,2023-08-08 10:25,S_Exit,16866,1,839700,-3640,-0.43,1780,0.21,-3620,-0.43,540530,135.13
1588,空頭進場,2023-08-08 10:00,S_Cmd,16794,1,839700,-3640,-0.43,1780,0.21,-3620,-0.43,540530,135.13
1589,空頭出場,2023-08-09 01:15,S_Exit,16759,1,836000,-1990,-0.24,380,0.05,-1970,-0.24,538540,134.64
1589,空頭進場,2023-08-08 22:15,S_Cmd,16720,1,836000,-1990,-0.24,380,0.05,-1970,-0.24,538540,134.64
1590,空頭出場,2023-08-09 08:50,Trend Rev,16821,1,840500,-590,-0.07,180,0.02,-1670,-0.20,537950,134.49
1590,空頭進場,2023-08-09 08:45,S_Cmd,16810,1,840500,-590,-0.07,180,0.02,-1670,-0.20,537950,134.49
1591,空頭出場,2023-08-09 12:45,Trend Rev,16824,1,840100,-1140,-0.14,1080,0.13,-1520,-0.18,536810,134.20
1591,空頭進場,2023-08-09 12:25,S_Cmd,16802,1,840100,-1140,-0.14,1080,0.13,-1520,-0.18,536810,134.20
1592,空頭出場,2023-08-09 23:00,S_Exit,16761,1,840200,2110,0.25,2180,0.26,-920,-0.11,538900,134.73
1592,空頭進場,2023-08-09 22:25,S_Cmd,16804,1,840200,2110,0.25,2180,0.26,-920,-0.11,538900,134.73
1593,空頭出場,2023-08-10 02:30,S_Exit_Add,16821,1,838750,-2340,-0.28,2080,0.25,-2320,-0.28,536560,134.14
1593,空頭進場,2023-08-09 23:00,S_Add,16775,1,838750,-2340,-0.28,2080,0.25,-2320,-0.28,536560,134.14
1594,空頭出場,2023-08-10 02:45,Trend Rev,16819,1,837300,-3690,-0.44,630,0.08,-3970,-0.47,532890,133.22
1594,空頭進場,2023-08-09 23:25,S_Add,16746,1,837300,-3690,-0.44,630,0.08,-3970,-0.47,532890,133.22
1595,空頭出場,2023-08-10 09:00,S_Exit,16714,1,838500,2760,0.33,2830,0.34,-1520,-0.18,535650,133.91
1595,空頭進場,2023-08-10 03:50,S_Cmd,16770,1,838500,2760,0.33,2830,0.34,-1520,-0.18,535650,133.91
1596,空頭出場,2023-08-10 09:25,S_Exit,16657,1,836100,3210,0.38,3280,0.39,-1820,-0.22,538840,134.71
1596,空頭進場,2023-08-10 09:05,S_Cmd,16722,1,836100,3210,0.38,3280,0.39,-1820,-0.22,538840,134.71
1597,空頭出場,2023-08-10 15:15,Trend Rev,16705,1,832800,-2490,-0.30,3580,0.43,-3020,-0.36,536350,134.09
1597,空頭進場,2023-08-10 09:25,S_Add,16656,1,832800,-2490,-0.30,3580,0.43,-3020,-0.36,536350,134.09
1598,空頭出場,2023-08-10 15:15,Trend Rev,16705,1,830500,-4790,-0.58,1280,0.15,-5320,-0.64,531580,132.90
1598,空頭進場,2023-08-10 09:40,S_Add,16610,1,830500,-4790,-0.58,1280,0.15,-5320,-0.64,531580,132.90
1599,空頭出場,2023-08-11 01:20,S_Exit,16642,1,834900,2760,0.33,2830,0.34,-120,-0.01,534320,133.58
1599,空頭進場,2023-08-10 23:50,S_Cmd,16698,1,834900,2760,0.33,2830,0.34,-120,-0.01,534320,133.58
1600,空頭出場,2023-08-11 08:50,Trend Rev,16713,1,832800,-2890,-0.35,1380,0.17,-3720,-0.45,531450,132.86
1600,空頭進場,2023-08-11 01:00,S_Add,16656,1,832800,-2890,-0.35,1380,0.17,-3720,-0.45,531450,132.86
1601,空頭出場,2023-08-11 20:05,Trend Rev,16632,1,831500,-140,-0.02,2880,0.35,-2370,-0.29,531310,132.83
1601,空頭進場,2023-08-11 10:25,S_Cmd,16630,1,831500,-140,-0.02,2880,0.35,-2370,-0.29,531310,132.83
1602,空頭出場,2023-08-12 00:15,S_Exit,16597,1,827850,-2040,-0.25,130,0.02,-2020,-0.24,529270,132.32
1602,空頭進場,2023-08-11 23:35,S_Cmd,16557,1,827850,-2040,-0.25,130,0.02,-2020,-0.24,529270,132.32
1603,空頭出場,2023-08-14 09:45,S_Exit_G,16399,1,825800,5810,0.70,5880,0.71,-270,-0.03,535020,133.76
1603,空頭進場,2023-08-14 09:00,S_Cmd,16516,1,825800,5810,0.70,5880,0.71,-270,-0.03,535020,133.76
1604,空頭出場,2023-08-14 10:00,S_Exit_Add,16382,1,822900,3760,0.46,3830,0.47,-1970,-0.24,538780,134.70
1604,空頭進場,2023-08-14 09:05,S_Add,16458,1,822900,3760,0.46,3830,0.47,-1970,-0.24,538780,134.70
1605,空頭出場,2023-08-14 10:00,S_Exit_G,16382,1,821950,2810,0.34,2880,0.35,-870,-0.11,541610,135.40
1605,空頭進場,2023-08-14 09:35,S_Add,16439,1,821950,2810,0.34,2880,0.35,-870,-0.11,541610,135.40
1606,空頭出場,2023-08-14 10:25,S_Exit_Add,16353,1,821100,3410,0.42,3480,0.42,-1470,-0.18,545000,136.25
1606,空頭進場,2023-08-14 09:40,S_G_進,16422,1,821100,3410,0.42,3480,0.42,-1470,-0.18,545000,136.25
1607,空頭出場,2023-08-14 10:30,S_Exit_G,16332,1,820550,3910,0.48,3980,0.49,-1070,-0.13,548910,137.23
1607,空頭進場,2023-08-14 09:50,S_G_進,16411,1,820550,3910,0.48,3980,0.49,-1070,-0.13,548910,137.23
1608,空頭出場,2023-08-14 11:10,S_Exit_G,16322,1,819050,2910,0.36,2980,0.36,-2020,-0.25,551820,137.96
1608,空頭進場,2023-08-14 10:05,S_Add,16381,1,819050,2910,0.36,2980,0.36,-2020,-0.25,551820,137.96
1609,空頭出場,2023-08-14 11:30,S_Exit_G,16317,1,818100,2210,0.27,2280,0.28,-970,-0.12,554030,138.51
1609,空頭進場,2023-08-14 10:15,S_G_進,16362,1,818100,2210,0.27,2280,0.28,-970,-0.12,554030,138.51
1610,空頭出場,2023-08-14 11:50,S_Exit_G,16306,1,817300,1960,0.24,2030,0.25,-1620,-0.20,555990,139.00
1610,空頭進場,2023-08-14 10:30,S_G_進,16346,1,817300,1960,0.24,2030,0.25,-1620,-0.20,555990,139.00
1611,空頭出場,2023-08-14 11:55,S_BE,16339,1,816950,-40,0.00,1680,0.21,-520,-0.06,555970,138.99
1611,空頭進場,2023-08-14 11:00,S_G_進,16339,1,816950,-40,0.00,1680,0.21,-520,-0.06,555970,138.99
1612,空頭出場,2023-08-14 22:10,Trend Rev,16408,1,816200,-4240,-0.52,930,0.11,-5070,-0.62,551750,137.94
1612,空頭進場,2023-08-14 11:25,S_G_進,16324,1,816200,-4240,-0.52,930,0.11,-5070,-0.62,551750,137.94
1613,空頭出場,2023-08-14 22:10,Trend Rev,16408,1,815550,-4890,-0.60,280,0.03,-5720,-0.70,546880,136.72
1613,空頭進場,2023-08-14 11:40,S_G_進,16311,1,815550,-4890,-0.60,280,0.03,-5720,-0.70,546880,136.72
1614,空頭出場,2023-08-15 11:05,Trend Rev,16458,1,822350,-590,-0.07,780,0.09,-570,-0.07,546290,136.57
1614,空頭進場,2023-08-15 10:55,S_Cmd,16447,1,822350,-590,-0.07,780,0.09,-570,-0.07,546290,136.57
1615,空頭出場,2023-08-15 23:10,S_Exit,16345,1,815900,-1390,-0.17,330,0.04,-1370,-0.17,544900,136.23
1615,空頭進場,2023-08-15 22:25,S_Cmd,16318,1,815900,-1390,-0.17,330,0.04,-1370,-0.17,544900,136.23
1616,空頭出場,2023-08-16 08:45,S_Exit,16272,1,815850,2210,0.27,2280,0.28,-170,-0.02,547110,136.78
1616,空頭進場,2023-08-16 03:30,S_Cmd,16317,1,815850,2210,0.27,2280,0.28,-170,-0.02,547110,136.78
1617,空頭出場,2023-08-16 08:55,S_Exit,16317,1,814950,-940,-0.12,180,0.02,-920,-0.11,546170,136.54
1617,空頭進場,2023-08-16 08:50,S_Cmd,16299,1,814950,-940,-0.12,180,0.02,-920,-0.11,546170,136.54
1618,空頭出場,2023-08-16 12:55,Trend Rev,16350,1,817000,-540,-0.07,430,0.05,-820,-0.10,545630,136.41
1618,空頭進場,2023-08-16 12:25,S_Cmd,16340,1,817000,-540,-0.07,430,0.05,-820,-0.10,545630,136.41
1619,空頭出場,2023-08-17 00:05,S_Exit,16355,1,819300,1510,0.18,1580,0.19,-70,-0.01,547120,136.78
1619,空頭進場,2023-08-16 23:50,S_Cmd,16386,1,819300,1510,0.18,1580,0.19,-70,-0.01,547120,136.78
1620,空頭出場,2023-08-17 01:05,S_Exit_Add,16320,1,818000,1960,0.24,2030,0.25,-320,-0.04,549100,137.27
1620,空頭進場,2023-08-17 00:05,S_Add,16360,1,818000,1960,0.24,2030,0.25,-320,-0.04,549100,137.27
1621,空頭出場,2023-08-17 08:45,S_Exit,16234,1,815500,3760,0.46,3830,0.47,-470,-0.06,552860,138.22
1621,空頭進場,2023-08-17 04:00,S_Cmd,16310,1,815500,3760,0.46,3830,0.47,-470,-0.06,552860,138.22
1622,空頭出場,2023-08-17 09:00,S_Exit,16270,1,811750,-1790,-0.22,430,0.05,-1770,-0.22,551070,137.77
1622,空頭進場,2023-08-17 08:50,S_Cmd,16235,1,811750,-1790,-0.22,430,0.05,-1770,-0.22,551070,137.77
1623,空頭出場,2023-08-17 09:35,S_Exit,16285,1,811250,-3040,-0.37,0,0.00,-3020,-0.37,548030,137.01
1623,空頭進場,2023-08-17 09:30,S_Cmd,16225,1,811250,-3040,-0.37,0,0.00,-3020,-0.37,548030,137.01
1624,空頭出場,2023-08-17 22:55,Trend Rev,16481,1,822550,-1540,-0.19,780,0.09,-1620,-0.20,546490,136.62
1624,空頭進場,2023-08-17 22:30,S_Cmd,16451,1,822550,-1540,-0.19,780,0.09,-1620,-0.20,546490,136.62
1625,空頭出場,2023-08-18 20:15,S_Exit,16284,1,818600,4360,0.53,4430,0.54,-2370,-0.29,550850,137.71
1625,空頭進場,2023-08-18 10:50,S_Cmd,16372,1,818600,4360,0.53,4430,0.54,-2370,-0.29,550850,137.71
1626,空頭出場,2023-08-21 10:10,Trend Rev,16380,1,817050,-1990,-0.24,630,0.08,-1970,-0.24,548860,137.22
1626,空頭進場,2023-08-21 09:55,S_Cmd,16341,1,817050,-1990,-0.24,630,0.08,-1970,-0.24,548860,137.22
1627,多頭出場,2023-08-22 09:05,L_Exit,16469,1,824650,-1240,-0.15,680,0.08,-1220,-0.15,547620,136.91
1627,多頭進場,2023-08-22 08:50,L_Cmd,16493,1,824650,-1240,-0.15,680,0.08,-1220,-0.15,547620,136.91
1628,空頭出場,2023-08-22 10:25,Trend Rev,16422,1,819200,-1940,-0.24,180,0.02,-2020,-0.25,545680,136.42
1628,空頭進場,2023-08-22 10:10,S_Cmd,16384,1,819200,-1940,-0.24,180,0.02,-2020,-0.25,545680,136.42
1629,空頭出場,2023-08-22 22:55,S_Exit,16427,1,819900,-1490,-0.18,30,0.00,-1470,-0.18,544190,136.05
1629,空頭進場,2023-08-22 22:35,S_Cmd,16398,1,819900,-1490,-0.18,30,0.00,-1470,-0.18,544190,136.05
1630,空頭出場,2023-08-23 00:15,S_Exit,16351,1,819450,1860,0.23,1930,0.24,-170,-0.02,546030,136.51
1630,空頭進場,2023-08-22 23:55,S_Cmd,16389,1,819450,1860,0.23,1930,0.24,-170,-0.02,546030,136.51
1631,空頭出場,2023-08-23 08:45,S_Exit_Add,16415,1,818300,-2490,-0.30,1730,0.21,-2470,-0.30,543540,135.89
1631,空頭進場,2023-08-23 00:10,S_Add,16366,1,818300,-2490,-0.30,1730,0.21,-2470,-0.30,543540,135.89
1632,空頭出場,2023-08-23 08:45,S_Exit_Add,16422,1,817550,-3590,-0.44,980,0.12,-3570,-0.44,539970,134.99
1632,空頭進場,2023-08-23 00:15,S_Add,16351,1,817550,-3590,-0.44,980,0.12,-3570,-0.44,539970,134.99
1633,多頭出場,2023-08-23 23:10,L_Exit_Add,16634,1,826500,5160,0.62,5230,0.63,-1220,-0.15,545070,136.27
1633,多頭進場,2023-08-23 10:25,L_Cmd,16530,1,826500,5160,0.62,5230,0.63,-1220,-0.15,545070,136.27
1634,多頭出場,2023-08-24 01:15,L_Exit,16643,1,829250,2860,0.34,2930,0.35,-370,-0.04,547950,136.99
1634,多頭進場,2023-08-23 21:50,L_Add,16585,1,829250,2860,0.34,2930,0.35,-370,-0.04,547950,136.99
1635,多頭出場,2023-08-24 01:30,L_Exit_G,16644,1,830700,1460,0.18,1530,0.18,-470,-0.06,549430,137.36
1635,多頭進場,2023-08-23 22:45,L_Add,16614,1,830700,1460,0.18,1530,0.18,-470,-0.06,549430,137.36
1636,多頭出場,2023-08-24 04:20,L_Exit_Add,16708,1,831350,4010,0.48,4080,0.49,-1120,-0.13,553460,138.37
1636,多頭進場,2023-08-23 23:10,L_G_進,16627,1,831350,4010,0.48,4080,0.49,-1120,-0.13,553460,138.37
1637,多頭出場,2023-08-24 20:45,Trend Rev,16721,1,837200,-1190,-0.14,1530,0.18,-1320,-0.16,552270,138.07
1637,多頭進場,2023-08-24 12:55,L_Cmd,16744,1,837200,-1190,-0.14,1530,0.18,-1320,-0.16,552270,138.07
1638,空頭出場,2023-08-25 13:30,S_Exit,16416,1,824450,3610,0.44,3680,0.45,-820,-0.10,555860,138.97
1638,空頭進場,2023-08-25 11:10,S_Cmd,16489,1,824450,3610,0.44,3680,0.45,-820,-0.10,555860,138.97
1639,空頭出場,2023-08-25 15:00,S_Exit_Add,16386,1,822000,2660,0.32,2730,0.33,-420,-0.05,558540,139.64
1639,空頭進場,2023-08-25 13:15,S_Add,16440,1,822000,2660,0.32,2730,0.33,-420,-0.05,558540,139.64
1640,空頭出場,2023-08-26 02:15,Trend Rev,16440,1,821050,-990,-0.12,2980,0.36,-1520,-0.19,557530,139.38
1640,空頭進場,2023-08-25 22:35,S_Cmd,16421,1,821050,-990,-0.12,2980,0.36,-1520,-0.19,557530,139.38
1641,空頭出場,2023-08-26 02:15,Trend Rev,16440,1,818700,-3340,-0.41,630,0.08,-3870,-0.47,554210,138.55
1641,空頭進場,2023-08-25 22:50,S_Add,16374,1,818700,-3340,-0.41,630,0.08,-3870,-0.47,554210,138.55
1642,多頭出場,2023-08-28 11:50,Trend Rev,16475,1,826800,-3090,-0.37,630,0.08,-3220,-0.39,551120,137.78
1642,多頭進場,2023-08-28 10:05,L_Cmd,16536,1,826800,-3090,-0.37,630,0.08,-3220,-0.39,551120,137.78
1643,多頭出場,2023-08-29 00:20,L_Exit,16524,1,828000,-1840,-0.22,480,0.06,-1820,-0.22,549280,137.32
1643,多頭進場,2023-08-28 22:25,L_Cmd,16560,1,828000,-1840,-0.22,480,0.06,-1820,-0.22,549280,137.32
1644,多頭出場,2023-08-29 09:00,L_Exit_Add,16531,1,827500,-990,-0.12,1680,0.20,-970,-0.12,548270,137.07
1644,多頭進場,2023-08-29 00:55,L_Cmd,16550,1,827500,-990,-0.12,1680,0.20,-970,-0.12,548270,137.07
1645,多頭出場,2023-08-29 09:05,Trend Rev,16531,1,828500,-1990,-0.24,680,0.08,-2220,-0.27,546300,136.57
1645,多頭進場,2023-08-29 03:45,L_Add,16570,1,828500,-1990,-0.24,680,0.08,-2220,-0.27,546300,136.57
1646,多頭出場,2023-08-29 13:15,L_Exit,16613,1,827000,3610,0.44,3680,0.44,-20,0.00,549870,137.47
1646,多頭進場,2023-08-29 12:55,L_Cmd,16540,1,827000,3610,0.44,3680,0.44,-20,0.00,549870,137.47
1647,多頭出場,2023-08-29 13:20,L_Exit_Add,16620,1,828350,2610,0.32,2680,0.32,-370,-0.04,552480,138.12
1647,多頭進場,2023-08-29 13:05,L_Add,16567,1,828350,2610,0.32,2680,0.32,-370,-0.04,552480,138.12
1648,多頭出場,2023-08-29 15:00,L_Exit_Add,16639,1,829400,2510,0.30,2580,0.31,-70,-0.01,554990,138.75
1648,多頭進場,2023-08-29 13:15,L_Add,16588,1,829400,2510,0.30,2580,0.31,-70,-0.01,554990,138.75
1649,多頭出場,2023-08-29 22:05,L_Exit_Add,16654,1,830300,2360,0.28,2430,0.29,-1170,-0.14,557350,139.34
1649,多頭進場,2023-08-29 13:20,L_Add,16606,1,830300,2360,0.28,2430,0.29,-1170,-0.14,557350,139.34
1650,多頭出場,2023-08-29 22:35,L_Exit_Add,16682,1,831500,2560,0.31,2630,0.32,-2370,-0.29,559890,139.97
1650,多頭進場,2023-08-29 15:00,L_Add,16630,1,831500,2560,0.31,2630,0.32,-2370,-0.29,559890,139.97
1651,多頭出場,2023-08-29 23:35,L_Exit_G,16695,1,832500,2210,0.27,2280,0.27,-570,-0.07,562100,140.53
1651,多頭進場,2023-08-29 22:05,L_Add,16650,1,832500,2210,0.27,2280,0.27,-570,-0.07,562100,140.53
1652,多頭出場,2023-08-30 00:20,L_Exit_Add,16704,1,833250,1910,0.23,1980,0.24,-370,-0.04,564030,141.01
1652,多頭進場,2023-08-29 22:25,L_Add,16665,1,833250,1910,0.23,1980,0.24,-370,-0.04,564030,141.01
1653,多頭出場,2023-08-30 01:00,L_Exit_Add,16708,1,833900,1460,0.18,1580,0.19,-1020,-0.12,565490,141.37
1653,多頭進場,2023-08-29 22:35,L_G_進,16678,1,833900,1460,0.18,1580,0.19,-1020,-0.12,565490,141.37
1654,多頭出場,2023-08-30 01:05,L_Exit_G,16717,1,834650,1160,0.14,1230,0.15,-420,-0.05,566670,141.67
1654,多頭進場,2023-08-29 23:35,L_G_進,16693,1,834650,1160,0.14,1230,0.15,-420,-0.05,566670,141.67
1655,多頭出場,2023-08-30 08:45,L_Exit_Add,16749,1,835450,1960,0.23,2030,0.24,-170,-0.02,568650,142.16
1655,多頭進場,2023-08-30 01:00,L_Add,16709,1,835450,1960,0.23,2030,0.24,-170,-0.02,568650,142.16
1656,多頭出場,2023-08-30 09:45,L_Exit,16776,1,837200,1560,0.19,1630,0.19,-470,-0.06,570170,142.54
1656,多頭進場,2023-08-30 08:50,L_Cmd,16744,1,837200,1560,0.19,1630,0.19,-470,-0.06,570170,142.54
1657,多頭出場,2023-08-30 10:55,L_Exit_Add,16705,1,838000,-2790,-0.33,880,0.11,-2770,-0.33,567380,141.85
1657,多頭進場,2023-08-30 09:00,L_Add,16760,1,838000,-2790,-0.33,880,0.11,-2770,-0.33,567380,141.85
1658,多頭出場,2023-08-30 15:10,Trend Rev,16703,1,838250,-3140,-0.37,630,0.08,-3520,-0.42,564260,141.07
1658,多頭進場,2023-08-30 09:20,L_Add,16765,1,838250,-3140,-0.37,630,0.08,-3520,-0.42,564260,141.07
1659,多頭出場,2023-08-30 15:10,Trend Rev,16703,1,838800,-3690,-0.44,80,0.01,-4070,-0.49,560590,140.15
1659,多頭進場,2023-08-30 09:55,L_Add,16776,1,838800,-3690,-0.44,80,0.01,-4070,-0.49,560590,140.15
1660,多頭出場,2023-08-30 22:20,L_Exit,16711,1,837100,-1590,-0.19,230,0.03,-1570,-0.19,559000,139.75
1660,多頭進場,2023-08-30 21:55,L_Cmd,16742,1,837100,-1590,-0.19,230,0.03,-1570,-0.19,559000,139.75
1661,多頭出場,2023-08-31 03:35,Trend Rev,16715,1,836300,-590,-0.07,0,0.00,-770,-0.09,558410,139.60
1661,多頭進場,2023-08-31 03:05,L_Cmd,16726,1,836300,-590,-0.07,0,0.00,-770,-0.09,558410,139.60
1662,多頭出場,2023-08-31 23:05,L_Exit,16611,1,832150,-1640,-0.20,30,0.00,-1620,-0.19,556770,139.19
1662,多頭進場,2023-08-31 22:40,L_Cmd,16643,1,832150,-1640,-0.20,30,0.00,-1620,-0.19,556770,139.19
1663,空頭出場,2023-09-01 04:15,S_Exit,16569,1,827300,-1190,-0.14,0,0.00,-1170,-0.14,555580,138.89
1663,空頭進場,2023-09-01 04:00,S_Cmd,16546,1,827300,-1190,-0.14,0,0.00,-1170,-0.14,555580,138.89
1664,多頭出場,2023-09-01 13:35,L_Exit,16642,1,834900,-2840,-0.34,1380,0.17,-2820,-0.34,552740,138.19
1664,多頭進場,2023-09-01 09:50,L_Cmd,16698,1,834900,-2840,-0.34,1380,0.17,-2820,-0.34,552740,138.19
1665,空頭出場,2023-09-02 04:00,Trend Rev,16618,1,829500,-1440,-0.17,880,0.11,-1420,-0.17,551300,137.82
1665,空頭進場,2023-09-01 23:10,S_Cmd,16590,1,829500,-1440,-0.17,880,0.11,-1420,-0.17,551300,137.82
1666,多頭出場,2023-09-04 08:55,L_Exit,16628,1,832600,-1240,-0.15,80,0.01,-1220,-0.15,550060,137.52
1666,多頭進場,2023-09-04 08:50,L_Cmd,16652,1,832600,-1240,-0.15,80,0.01,-1220,-0.15,550060,137.52
1667,多頭出場,2023-09-04 09:35,L_Exit,16625,1,833400,-2190,-0.26,1180,0.14,-2170,-0.26,547870,136.97
1667,多頭進場,2023-09-04 09:25,L_Cmd,16668,1,833400,-2190,-0.26,1180,0.14,-2170,-0.26,547870,136.97
1668,多頭出場,2023-09-04 15:00,L_Exit_Add,16793,1,834950,4660,0.56,4730,0.57,-270,-0.03,552470,138.12
1668,多頭進場,2023-09-04 10:25,L_Cmd,16699,1,834950,4660,0.56,4730,0.57,-270,-0.03,552470,138.12
1669,多頭出場,2023-09-04 15:00,L_Exit_G,16793,1,837150,2460,0.29,2530,0.30,-720,-0.09,554950,138.74
1669,多頭進場,2023-09-04 10:50,L_Add,16743,1,837150,2460,0.29,2530,0.30,-720,-0.09,554950,138.74
1670,多頭出場,2023-09-04 22:30,Trend Rev,16751,1,838050,-540,-0.06,1630,0.19,-620,-0.07,554430,138.61
1670,多頭進場,2023-09-04 13:00,L_Add,16761,1,838050,-540,-0.06,1630,0.19,-620,-0.07,554430,138.61
1671,多頭出場,2023-09-04 22:30,Trend Rev,16751,1,839200,-1690,-0.20,480,0.06,-1720,-0.20,552760,138.19
1671,多頭進場,2023-09-04 15:00,L_G_進,16784,1,839200,-1690,-0.20,480,0.06,-1720,-0.20,552760,138.19
1672,多頭出場,2023-09-05 09:50,Trend Rev,16732,1,837850,-1290,-0.15,0,0.00,-1270,-0.15,551470,137.87
1672,多頭進場,2023-09-05 09:35,L_Cmd,16757,1,837850,-1290,-0.15,0,0.00,-1270,-0.15,551470,137.87
1673,多頭出場,2023-09-05 10:05,Trend Rev,16737,1,837200,-390,-0.05,430,0.05,-420,-0.05,551080,137.77
1673,多頭進場,2023-09-05 09:55,L_Cmd,16744,1,837200,-390,-0.05,430,0.05,-420,-0.05,551080,137.77
1674,多頭出場,2023-09-05 15:00,L_Exit,16733,1,838150,-1540,-0.18,80,0.01,-1520,-0.18,549540,137.39
1674,多頭進場,2023-09-05 13:15,L_Cmd,16763,1,838150,-1540,-0.18,80,0.01,-1520,-0.18,549540,137.39
1675,多頭出場,2023-09-05 23:05,L_Exit,16776,1,836400,2360,0.28,2430,0.29,-420,-0.05,551880,137.97
1675,多頭進場,2023-09-05 22:40,L_Cmd,16728,1,836400,2360,0.28,2430,0.29,-420,-0.05,551880,137.97
1676,多頭出場,2023-09-06 04:05,Trend Rev,16745,1,837950,-740,-0.09,1130,0.13,-920,-0.11,551160,137.79
1676,多頭進場,2023-09-05 23:05,L_Add,16759,1,837950,-740,-0.09,1130,0.13,-920,-0.11,551160,137.79
1677,多頭出場,2023-09-06 09:05,L_Exit,16754,1,838800,-1140,-0.14,1180,0.14,-1120,-0.13,550020,137.51
1677,多頭進場,2023-09-06 08:50,L_Cmd,16776,1,838800,-1140,-0.14,1180,0.14,-1120,-0.13,550020,137.51
1678,空頭出場,2023-09-07 00:45,S_Exit,16587,1,831350,1960,0.24,2030,0.24,-270,-0.03,551940,137.99
1678,空頭進場,2023-09-06 23:00,S_Cmd,16627,1,831350,1960,0.24,2030,0.24,-270,-0.03,551940,137.99
1679,空頭出場,2023-09-07 01:00,S_Exit_Add,16571,1,830100,1510,0.18,1580,0.19,-70,-0.01,553470,138.37
1679,空頭進場,2023-09-07 00:30,S_Add,16602,1,830100,1510,0.18,1580,0.19,-70,-0.01,553470,138.37
1680,空頭出場,2023-09-07 09:00,S_Exit_Add,16631,1,829300,-2290,-0.28,830,0.10,-2270,-0.27,551200,137.80
1680,空頭進場,2023-09-07 00:45,S_Add,16586,1,829300,-2290,-0.28,830,0.10,-2270,-0.27,551200,137.80
1681,空頭出場,2023-09-07 20:45,S_Exit,16517,1,828050,2160,0.26,2230,0.27,-1370,-0.17,553360,138.34
1681,空頭進場,2023-09-07 15:00,S_Cmd,16561,1,828050,2160,0.26,2230,0.27,-1370,-0.17,553360,138.34
1682,空頭出場,2023-09-08 00:15,S_Exit,16501,1,823500,-1590,-0.19,280,0.03,-1570,-0.19,551770,137.94
1682,空頭進場,2023-09-07 22:05,S_Cmd,16470,1,823500,-1590,-0.19,280,0.03,-1570,-0.19,551770,137.94
1683,空頭出場,2023-09-08 09:00,S_Exit,16510,1,824550,-990,-0.12,180,0.02,-970,-0.12,550780,137.70
1683,空頭進場,2023-09-08 08:50,S_Cmd,16491,1,824550,-990,-0.12,180,0.02,-970,-0.12,550780,137.70
1684,空頭出場,2023-09-08 10:05,S_Exit,16509,1,823500,-1990,-0.24,80,0.01,-1970,-0.24,548790,137.20
1684,空頭進場,2023-09-08 09:50,S_Cmd,16470,1,823500,-1990,-0.24,80,0.01,-1970,-0.24,548790,137.20
1685,空頭出場,2023-09-09 03:55,S_Exit,16557,1,826750,-1140,-0.14,30,0.00,-1120,-0.14,547650,136.91
1685,空頭進場,2023-09-09 03:05,S_Cmd,16535,1,826750,-1140,-0.14,30,0.00,-1120,-0.14,547650,136.91
1686,空頭出場,2023-09-11 09:25,S_Exit_Add,16456,1,826350,3510,0.42,3580,0.43,-70,-0.01,551140,137.79
1686,空頭進場,2023-09-11 09:20,S_Cmd,16527,1,826350,3510,0.42,3580,0.43,-70,-0.01,551140,137.79
1687,空頭出場,2023-09-11 09:35,S_Exit_Add,16407,1,825100,4710,0.57,4780,0.58,-120,-0.01,555830,138.96
1687,空頭進場,2023-09-11 09:25,S_Add,16502,1,825100,4710,0.57,4780,0.58,-120,-0.01,555830,138.96
1688,空頭出場,2023-09-11 10:00,S_BE,16462,1,823100,-40,0.00,2780,0.34,-520,-0.06,555810,138.95
1688,空頭進場,2023-09-11 09:30,S_Add,16462,1,823100,-40,0.00,2780,0.34,-520,-0.06,555810,138.95
1689,空頭出場,2023-09-11 20:15,Trend Rev,16460,1,821350,-1690,-0.21,3030,0.37,-2070,-0.25,554080,138.52
1689,空頭進場,2023-09-11 09:35,S_Add,16427,1,821350,-1690,-0.21,3030,0.37,-2070,-0.25,554080,138.52
1690,空頭出場,2023-09-11 20:15,Trend Rev,16460,1,820250,-2790,-0.34,1930,0.24,-2770,-0.34,551310,137.83
1690,空頭進場,2023-09-11 10:40,S_Add,16405,1,820250,-2790,-0.34,1930,0.24,-2770,-0.34,551310,137.83
1691,空頭出場,2023-09-11 20:15,Trend Rev,16460,1,819500,-3540,-0.43,1180,0.14,-3520,-0.43,547790,136.95
1691,空頭進場,2023-09-11 10:50,S_Add,16390,1,819500,-3540,-0.43,1180,0.14,-3520,-0.43,547790,136.95
1692,空頭出場,2023-09-11 20:15,Trend Rev,16460,1,819000,-4040,-0.49,680,0.08,-4020,-0.49,543770,135.94
1692,空頭進場,2023-09-11 11:10,S_G_進,16380,1,819000,-4040,-0.49,680,0.08,-4020,-0.49,543770,135.94
1693,空頭出場,2023-09-12 08:55,S_Exit,16481,1,823000,-1090,-0.13,180,0.02,-1120,-0.14,542680,135.67
1693,空頭進場,2023-09-12 08:50,S_Cmd,16460,1,823000,-1090,-0.13,180,0.02,-1120,-0.14,542680,135.67
1694,空頭出場,2023-09-12 09:25,S_Exit,16414,1,822200,1460,0.18,1530,0.19,-770,-0.09,544120,136.03
1694,空頭進場,2023-09-12 09:05,S_Cmd,16444,1,822200,1460,0.18,1530,0.19,-770,-0.09,544120,136.03
1695,空頭出場,2023-09-12 10:10,S_Exit_Add,16476,1,820750,-3090,-0.38,80,0.01,-3070,-0.37,541050,135.26
1695,空頭進場,2023-09-12 09:25,S_Add,16415,1,820750,-3090,-0.38,80,0.01,-3070,-0.37,541050,135.26
1696,空頭出場,2023-09-13 03:30,Trend Rev,16558,1,827700,-240,-0.03,30,0.00,-270,-0.03,540810,135.20
1696,空頭進場,2023-09-13 03:25,S_Cmd,16554,1,827700,-240,-0.03,30,0.00,-270,-0.03,540810,135.20
1697,空頭出場,2023-09-13 08:45,S_Exit,16569,1,827550,-940,-0.11,230,0.03,-920,-0.11,539870,134.97
1697,空頭進場,2023-09-13 04:25,S_Cmd,16551,1,827550,-940,-0.11,230,0.03,-920,-0.11,539870,134.97
1698,空頭出場,2023-09-13 12:10,S_Exit,16565,1,826300,-1990,-0.24,130,0.02,-1970,-0.24,537880,134.47
1698,空頭進場,2023-09-13 11:45,S_Cmd,16526,1,826300,-1990,-0.24,130,0.02,-1970,-0.24,537880,134.47
1699,多頭出場,2023-09-13 17:05,Trend Rev,16569,1,829700,-1290,-0.16,280,0.03,-1470,-0.18,536590,134.15
1699,多頭進場,2023-09-13 13:00,L_Cmd,16594,1,829700,-1290,-0.16,280,0.03,-1470,-0.18,536590,134.15
1700,多頭出場,2023-09-14 08:45,L_Exit,16696,1,830900,3860,0.46,3930,0.47,-1920,-0.23,540430,135.11
1700,多頭進場,2023-09-13 21:35,L_Cmd,16618,1,830900,3860,0.46,3930,0.47,-1920,-0.23,540430,135.11
1701,多頭出場,2023-09-14 08:45,L_Exit_Add,16696,1,832550,2210,0.27,2280,0.27,-1420,-0.17,542660,135.67
1701,多頭進場,2023-09-13 23:25,L_Add,16651,1,832550,2210,0.27,2280,0.27,-1420,-0.17,542660,135.67
1702,多頭出場,2023-09-14 09:10,L_Exit,16740,1,834800,2160,0.26,2230,0.27,-670,-0.08,544820,136.20
1702,多頭進場,2023-09-14 08:50,L_Cmd,16696,1,834800,2160,0.26,2230,0.27,-670,-0.08,544820,136.20
1703,多頭出場,2023-09-14 13:05,L_Exit,16830,1,837500,3960,0.47,4030,0.48,-720,-0.09,548720,137.18
1703,多頭進場,2023-09-14 09:35,L_Cmd,16750,1,837500,3960,0.47,4030,0.48,-720,-0.09,548720,137.18
1704,多頭出場,2023-09-14 13:05,L_Exit_G,16830,1,839400,2060,0.25,2130,0.25,-270,-0.03,550800,137.70
1704,多頭進場,2023-09-14 11:40,L_Add,16788,1,839400,2060,0.25,2130,0.25,-270,-0.03,550800,137.70
1705,多頭出場,2023-09-14 13:10,L_Exit_Add,16838,1,840350,1510,0.18,1580,0.19,-320,-0.04,552330,138.08
1705,多頭進場,2023-09-14 11:55,L_Add,16807,1,840350,1510,0.18,1580,0.19,-320,-0.04,552330,138.08
1706,多頭出場,2023-09-14 18:45,L_Exit_Add,16857,1,840800,2010,0.24,2080,0.25,-370,-0.04,554360,138.59
1706,多頭進場,2023-09-14 12:05,L_G_進,16816,1,840800,2010,0.24,2080,0.25,-370,-0.04,554360,138.59
1707,多頭出場,2023-09-14 21:45,L_Exit,16835,1,843350,-1640,-0.19,230,0.03,-1620,-0.19,552720,138.18
1707,多頭進場,2023-09-14 21:10,L_Cmd,16867,1,843350,-1640,-0.19,230,0.03,-1620,-0.19,552720,138.18
1708,多頭出場,2023-09-15 02:20,Trend Rev,16822,1,842750,-1690,-0.20,130,0.02,-1720,-0.20,551030,137.76
1708,多頭進場,2023-09-14 23:10,L_Cmd,16855,1,842750,-1690,-0.20,130,0.02,-1720,-0.20,551030,137.76
1709,多頭出場,2023-09-15 03:55,L_Exit,16824,1,842100,-940,-0.11,80,0.01,-920,-0.11,550090,137.52
1709,多頭進場,2023-09-15 03:10,L_Cmd,16842,1,842100,-940,-0.11,80,0.01,-920,-0.11,550090,137.52
1710,多頭出場,2023-09-15 20:00,Trend Rev,16866,1,843150,110,0.01,2680,0.32,-1770,-0.21,550160,137.54
1710,多頭進場,2023-09-15 10:00,L_Cmd,16863,1,843150,110,0.01,2680,0.32,-1770,-0.21,550160,137.54
1711,多頭出場,2023-09-15 20:00,Trend Rev,16866,1,845000,-1740,-0.21,830,0.10,-1920,-0.23,548440,137.11
1711,多頭進場,2023-09-15 12:50,L_Add,16900,1,845000,-1740,-0.21,830,0.10,-1920,-0.23,548440,137.11
1712,多頭出場,2023-09-15 20:00,Trend Rev,16866,1,845700,-2440,-0.29,130,0.02,-2620,-0.31,546020,136.51
1712,多頭進場,2023-09-15 13:30,L_Add,16914,1,845700,-2440,-0.29,130,0.02,-2620,-0.31,546020,136.51
1713,多頭出場,2023-09-18 09:55,Trend Rev,16771,1,838600,-90,-0.01,1180,0.14,-420,-0.05,545910,136.48
1713,多頭進場,2023-09-18 09:05,L_Cmd,16772,1,838600,-90,-0.01,1180,0.14,-420,-0.05,545910,136.48
1714,多頭出場,2023-09-18 09:55,Trend Rev,16771,1,839550,-1040,-0.12,230,0.03,-1270,-0.15,544890,136.22
1714,多頭進場,2023-09-18 09:30,L_Add,16791,1,839550,-1040,-0.12,230,0.03,-1270,-0.15,544890,136.22
1715,多頭出場,2023-09-19 02:55,Trend Rev,16714,1,835250,410,0.05,2080,0.25,-470,-0.06,545260,136.32
1715,多頭進場,2023-09-18 22:15,L_Cmd,16705,1,835250,410,0.05,2080,0.25,-470,-0.06,545260,136.32
1716,多頭出場,2023-09-19 02:55,Trend Rev,16714,1,836750,-1090,-0.13,580,0.07,-1170,-0.14,544190,136.05
1716,多頭進場,2023-09-18 23:35,L_Add,16735,1,836750,-1090,-0.13,580,0.07,-1170,-0.14,544190,136.05
1717,多頭出場,2023-09-19 02:55,Trend Rev,16714,1,837300,-1640,-0.20,0,0.00,-1720,-0.21,542570,135.64
1717,多頭進場,2023-09-19 00:50,L_Add,16746,1,837300,-1640,-0.20,0,0.00,-1720,-0.21,542570,135.64
1718,多頭出場,2023-09-19 09:35,L_Exit,16692,1,836400,-1840,-0.22,30,0.00,-1820,-0.22,540730,135.18
1718,多頭進場,2023-09-19 09:25,L_Cmd,16728,1,836400,-1840,-0.22,30,0.00,-1820,-0.22,540730,135.18
1719,空頭出場,2023-09-19 13:35,S_Exit,16611,1,833200,2610,0.31,2680,0.32,-1220,-0.15,543340,135.84
1719,空頭進場,2023-09-19 10:50,S_Cmd,16664,1,833200,2610,0.31,2680,0.32,-1220,-0.15,543340,135.84
1720,空頭出場,2023-09-19 15:35,S_Exit,16646,1,830600,-1740,-0.21,430,0.05,-1720,-0.21,541600,135.40
1720,空頭進場,2023-09-19 13:40,S_Cmd,16612,1,830600,-1740,-0.21,430,0.05,-1720,-0.21,541600,135.40
1721,空頭出場,2023-09-19 22:40,S_Exit,16573,1,829900,1210,0.15,1280,0.15,-370,-0.04,542790,135.70
1721,空頭進場,2023-09-19 22:05,S_Cmd,16598,1,829900,1210,0.15,1280,0.15,-370,-0.04,542790,135.70
1722,空頭出場,2023-09-20 00:40,S_Exit_Add,16553,1,828750,1060,0.13,1130,0.14,-770,-0.09,543850,135.96
1722,空頭進場,2023-09-19 22:40,S_Add,16575,1,828750,1060,0.13,1130,0.14,-770,-0.09,543850,135.96
1723,空頭出場,2023-09-20 01:00,S_Exit_Add,16586,1,827650,-1690,-0.20,130,0.02,-1670,-0.20,542180,135.55
1723,空頭進場,2023-09-20 00:40,S_Add,16553,1,827650,-1690,-0.20,130,0.02,-1670,-0.20,542180,135.55
1724,空頭出場,2023-09-20 09:00,S_Exit,16617,1,829950,-940,-0.11,30,0.00,-920,-0.11,541240,135.31
1724,空頭進場,2023-09-20 08:50,S_Cmd,16599,1,829950,-940,-0.11,30,0.00,-920,-0.11,541240,135.31
1725,空頭出場,2023-09-20 16:35,Trend Rev,16597,1,828750,-1140,-0.14,1430,0.17,-1120,-0.14,540080,135.02
1725,空頭進場,2023-09-20 12:15,S_Cmd,16575,1,828750,-1140,-0.14,1430,0.17,-1120,-0.14,540080,135.02
1726,空頭出場,2023-09-20 16:35,Trend Rev,16597,1,827400,-2490,-0.30,80,0.01,-2470,-0.30,537610,134.40
1726,空頭進場,2023-09-20 12:50,S_Add,16548,1,827400,-2490,-0.30,80,0.01,-2470,-0.30,537610,134.40
1727,空頭出場,2023-09-21 04:00,S_Exit,16506,1,828300,2960,0.36,3030,0.37,-720,-0.09,540550,135.14
1727,空頭進場,2023-09-21 03:15,S_Cmd,16566,1,828300,2960,0.36,3030,0.37,-720,-0.09,540550,135.14
1728,空頭出場,2023-09-21 08:45,S_Exit_Add,16441,1,825850,3760,0.46,3830,0.46,-20,0.00,544330,136.08
1728,空頭進場,2023-09-21 04:00,S_Add,16517,1,825850,3760,0.46,3830,0.46,-20,0.00,544330,136.08
1729,空頭出場,2023-09-21 09:00,S_Exit,16392,1,822300,2660,0.32,2730,0.33,-120,-0.01,546990,136.75
1729,空頭進場,2023-09-21 08:50,S_Cmd,16446,1,822300,2660,0.32,2730,0.33,-120,-0.01,546990,136.75
1730,空頭出場,2023-09-21 09:55,S_Exit,16321,1,819150,3060,0.37,3130,0.38,-220,-0.03,550030,137.51
1730,空頭進場,2023-09-21 09:15,S_Cmd,16383,1,819150,3060,0.37,3130,0.38,-220,-0.03,550030,137.51
1731,空頭出場,2023-09-21 17:20,S_Exit_Add,16268,1,817050,3610,0.44,3680,0.45,-1020,-0.12,553640,138.41
1731,空頭進場,2023-09-21 09:40,S_Add,16341,1,817050,3610,0.44,3680,0.45,-1020,-0.12,553640,138.41
1732,空頭出場,2023-09-21 23:50,Trend Rev,16305,1,815050,-240,-0.03,3280,0.40,-2120,-0.26,553420,138.36
1732,空頭進場,2023-09-21 10:45,S_Add,16301,1,815050,-240,-0.03,3280,0.40,-2120,-0.26,553420,138.36
1733,空頭出場,2023-09-22 04:00,S_Exit,16241,1,813850,1760,0.22,1830,0.22,-170,-0.02,555160,138.79
1733,空頭進場,2023-09-22 03:10,S_Cmd,16277,1,813850,1760,0.22,1830,0.22,-170,-0.02,555160,138.79
1734,空頭出場,2023-09-22 04:50,S_Exit_Add,16219,1,812600,1610,0.20,1680,0.21,-70,-0.01,556750,139.19
1734,空頭進場,2023-09-22 04:00,S_Add,16252,1,812600,1610,0.20,1680,0.21,-70,-0.01,556750,139.19
1735,空頭出場,2023-09-22 08:45,S_Exit_Add,16189,1,811400,1910,0.24,1980,0.24,-120,-0.01,558680,139.67
1735,空頭進場,2023-09-22 04:15,S_Add,16228,1,811400,1910,0.24,1980,0.24,-120,-0.01,558680,139.67
1736,空頭出場,2023-09-22 08:45,S_Exit_Add,16189,1,810900,1410,0.17,1480,0.18,-570,-0.07,560110,140.03
1736,空頭進場,2023-09-22 04:50,S_Add,16218,1,810900,1410,0.17,1480,0.18,-570,-0.07,560110,140.03
1737,空頭出場,2023-09-26 09:05,S_Exit,16376,1,816800,-2040,-0.25,180,0.02,-2020,-0.25,558070,139.52
1737,空頭進場,2023-09-26 08:50,S_Cmd,16336,1,816800,-2040,-0.25,180,0.02,-2020,-0.25,558070,139.52
1738,空頭出場,2023-09-26 20:10,Trend Rev,16337,1,815900,-990,-0.12,2430,0.30,-1520,-0.19,557080,139.27
1738,空頭進場,2023-09-26 09:45,S_Cmd,16318,1,815900,-990,-0.12,2430,0.30,-1520,-0.19,557080,139.27
1739,空頭出場,2023-09-28 01:10,S_Exit,16256,1,814900,2060,0.25,2130,0.26,-1020,-0.13,559120,139.78
1739,空頭進場,2023-09-27 22:55,S_Cmd,16298,1,814900,2060,0.25,2130,0.26,-1020,-0.13,559120,139.78
1740,空頭出場,2023-09-28 01:40,S_Exit_Add,16227,1,813350,1960,0.24,2030,0.25,-870,-0.11,561100,140.28
1740,空頭進場,2023-09-28 00:05,S_Add,16267,1,813350,1960,0.24,2030,0.25,-870,-0.11,561100,140.28
1741,空頭出場,2023-09-28 11:40,Trend Rev,16325,1,815350,-940,-0.12,580,0.07,-1070,-0.13,560160,140.04
1741,空頭進場,2023-09-28 11:00,S_Cmd,16307,1,815350,-940,-0.12,580,0.07,-1070,-0.13,560160,140.04
1742,多頭出場,2023-10-02 08:45,L_Exit,16520,1,821850,4110,0.50,4180,0.51,-1670,-0.20,564270,141.07
1742,多頭進場,2023-09-29 00:25,L_Cmd,16437,1,821850,4110,0.50,4180,0.51,-1670,-0.20,564270,141.07
1743,多頭出場,2023-10-02 09:35,L_Exit,16592,1,825750,3810,0.46,3880,0.47,-370,-0.04,568020,142.01
1743,多頭進場,2023-10-02 08:50,L_Cmd,16515,1,825750,3810,0.46,3880,0.47,-370,-0.04,568020,142.01
1744,多頭出場,2023-10-02 09:35,L_Exit_G,16592,1,827400,2160,0.26,2230,0.27,-670,-0.08,570200,142.55
1744,多頭進場,2023-10-02 09:10,L_Add,16548,1,827400,2160,0.26,2230,0.27,-670,-0.08,570200,142.55
1745,多頭出場,2023-10-02 18:30,Trend Rev,16528,1,828150,-1790,-0.22,2280,0.28,-1820,-0.22,568410,142.10
1745,多頭進場,2023-10-02 09:30,L_Add,16563,1,828150,-1790,-0.22,2280,0.28,-1820,-0.22,568410,142.10
1746,多頭出場,2023-10-02 18:30,Trend Rev,16528,1,828550,-2190,-0.26,1880,0.23,-2220,-0.27,566240,141.56
1746,多頭進場,2023-10-02 09:35,L_G_進,16571,1,828550,-2190,-0.26,1880,0.23,-2220,-0.27,566240,141.56
1747,多頭出場,2023-10-02 18:30,Trend Rev,16528,1,829750,-3390,-0.41,680,0.08,-3420,-0.41,562870,140.72
1747,多頭進場,2023-10-02 09:45,L_Add,16595,1,829750,-3390,-0.41,680,0.08,-3420,-0.41,562870,140.72
1748,多頭出場,2023-10-03 08:50,Trend Rev,16485,1,825100,-890,-0.11,830,0.10,-1270,-0.15,561980,140.50
1748,多頭進場,2023-10-03 03:35,L_Cmd,16502,1,825100,-890,-0.11,830,0.10,-1270,-0.15,561980,140.50
1749,多頭出場,2023-10-03 10:05,Trend Rev,16499,1,826100,-1190,-0.14,1530,0.19,-1270,-0.15,560770,140.19
1749,多頭進場,2023-10-03 09:05,L_Cmd,16522,1,826100,-1190,-0.14,1530,0.19,-1270,-0.15,560770,140.19
1750,多頭出場,2023-10-03 10:05,Trend Rev,16499,1,827350,-2440,-0.29,280,0.03,-2520,-0.30,558350,139.59
1750,多頭進場,2023-10-03 09:25,L_Add,16547,1,827350,-2440,-0.29,280,0.03,-2520,-0.30,558350,139.59
1751,多頭出場,2023-10-03 12:05,Trend Rev,16500,1,825850,-890,-0.11,130,0.02,-1270,-0.15,557460,139.37
1751,多頭進場,2023-10-03 11:15,L_Cmd,16517,1,825850,-890,-0.11,130,0.02,-1270,-0.15,557460,139.37
1752,空頭出場,2023-10-03 19:25,S_Exit,16379,1,821300,2310,0.28,2380,0.29,-920,-0.11,559770,139.94
1752,空頭進場,2023-10-03 15:00,S_Cmd,16426,1,821300,2310,0.28,2380,0.29,-920,-0.11,559770,139.94
1753,空頭出場,2023-10-04 01:45,S_Exit,16302,1,817300,2160,0.26,2230,0.27,-320,-0.04,561910,140.48
1753,空頭進場,2023-10-03 23:05,S_Cmd,16346,1,817300,2160,0.26,2230,0.27,-320,-0.04,561910,140.48
1754,空頭出場,2023-10-04 03:30,S_Exit_Add,16289,1,815800,1310,0.16,1680,0.21,-1270,-0.16,563240,140.81
1754,空頭進場,2023-10-03 23:50,S_Add,16316,1,815800,1310,0.16,1680,0.21,-1270,-0.16,563240,140.81
1755,空頭出場,2023-10-04 08:45,S_Exit_Add,16252,1,814450,1810,0.22,1880,0.23,-970,-0.12,565050,141.26
1755,空頭進場,2023-10-04 03:30,S_Add,16289,1,814450,1810,0.22,1880,0.23,-970,-0.12,565050,141.26
1756,空頭出場,2023-10-04 09:00,S_Exit,16228,1,813350,1910,0.23,1980,0.24,-970,-0.12,566960,141.74
1756,空頭進場,2023-10-04 08:50,S_Cmd,16267,1,813350,1910,0.23,1980,0.24,-970,-0.12,566960,141.74
1757,空頭出場,2023-10-04 09:55,S_Exit,16255,1,810600,-2190,-0.27,2380,0.29,-2170,-0.27,564750,141.19
1757,空頭進場,2023-10-04 09:30,S_Cmd,16212,1,810600,-2190,-0.27,2380,0.29,-2170,-0.27,564750,141.19
1758,空頭出場,2023-10-04 09:55,S_Exit_Add,16260,1,808900,-4140,-0.51,80,0.01,-4120,-0.51,560630,140.16
1758,空頭進場,2023-10-04 09:45,S_Add,16178,1,808900,-4140,-0.51,80,0.01,-4120,-0.51,560630,140.16
1759,空頭出場,2023-10-04 22:40,Trend Rev,16293,1,814250,-440,-0.05,1230,0.15,-820,-0.10,560190,140.05
1759,空頭進場,2023-10-04 22:05,S_Cmd,16285,1,814250,-440,-0.05,1230,0.15,-820,-0.10,560190,140.05
1760,空頭出場,2023-10-05 09:00,S_Exit,16335,1,815600,-1190,-0.15,430,0.05,-1170,-0.14,559000,139.75
1760,空頭進場,2023-10-05 08:50,S_Cmd,16312,1,815600,-1190,-0.15,430,0.05,-1170,-0.14,559000,139.75
1761,多頭出場,2023-10-05 10:20,L_Exit,16462,1,819300,3760,0.46,3830,0.47,-470,-0.06,562720,140.68
1761,多頭進場,2023-10-05 09:45,L_Cmd,16386,1,819300,3760,0.46,3830,0.47,-470,-0.06,562720,140.68
1762,多頭出場,2023-10-05 15:00,L_G_Cut,16443,1,821450,660,0.08,2780,0.34,-220,-0.03,563360,140.84
1762,多頭進場,2023-10-05 10:15,L_Add,16429,1,821450,660,0.08,2780,0.34,-220,-0.03,563360,140.84
1763,多頭出場,2023-10-05 21:45,Trend Rev,16429,1,822400,-990,-0.12,1830,0.22,-1370,-0.17,562390,140.60
1763,多頭進場,2023-10-05 10:20,L_Add,16448,1,822400,-990,-0.12,1830,0.22,-1370,-0.17,562390,140.60
1764,多頭出場,2023-10-05 21:45,Trend Rev,16429,1,823550,-2140,-0.26,680,0.08,-2520,-0.31,560270,140.07
1764,多頭進場,2023-10-05 11:15,L_Add,16471,1,823550,-2140,-0.26,680,0.08,-2520,-0.31,560270,140.07
1765,多頭出場,2023-10-05 21:45,Trend Rev,16429,1,824200,-2790,-0.34,30,0.00,-3170,-0.38,557500,139.38
1765,多頭進場,2023-10-05 11:55,L_G_進,16484,1,824200,-2790,-0.34,30,0.00,-3170,-0.38,557500,139.38
1766,多頭出場,2023-10-06 08:45,L_Exit,16525,1,821300,4910,0.60,4980,0.61,-970,-0.12,562390,140.60
1766,多頭進場,2023-10-06 00:30,L_Cmd,16426,1,821300,4910,0.60,4980,0.61,-970,-0.12,562390,140.60
1767,多頭出場,2023-10-06 08:45,L_Exit_Add,16525,1,823700,2510,0.30,2580,0.31,-1070,-0.13,564920,141.23
1767,多頭進場,2023-10-06 03:05,L_Add,16474,1,823700,2510,0.30,2580,0.31,-1070,-0.13,564920,141.23
1768,多頭出場,2023-10-06 09:30,L_Exit,16493,1,826250,-1640,-0.20,1130,0.14,-1620,-0.20,563280,140.82
1768,多頭進場,2023-10-06 08:50,L_Cmd,16525,1,826250,-1640,-0.20,1130,0.14,-1620,-0.20,563280,140.82
1769,多頭出場,2023-10-06 23:35,L_Exit,16621,1,826600,4410,0.53,4480,0.54,-420,-0.05,567630,141.91
1769,多頭進場,2023-10-06 22:40,L_Cmd,16532,1,826600,4410,0.53,4480,0.54,-420,-0.05,567630,141.91
1770,多頭出場,2023-10-06 23:50,L_Exit_Add,16639,1,828400,3510,0.42,3580,0.43,-220,-0.03,571140,142.79
1770,多頭進場,2023-10-06 23:25,L_Add,16568,1,828400,3510,0.42,3580,0.43,-220,-0.03,571140,142.79
1771,多頭出場,2023-10-06 23:50,L_Exit_G,16639,1,829650,2260,0.27,2330,0.28,-20,0.00,573420,143.36
1771,多頭進場,2023-10-06 23:30,L_Add,16593,1,829650,2260,0.27,2330,0.28,-20,0.00,573420,143.36
1772,多頭出場,2023-10-07 01:15,L_Exit_G,16656,1,830400,2360,0.28,2430,0.29,-270,-0.03,575800,143.95
1772,多頭進場,2023-10-06 23:35,L_G_進,16608,1,830400,2360,0.28,2430,0.29,-270,-0.03,575800,143.95
1773,多頭出場,2023-10-07 01:20,L_Exit_Add,16659,1,831550,1360,0.16,1430,0.17,-520,-0.06,577180,144.29
1773,多頭進場,2023-10-06 23:50,L_G_進,16631,1,831550,1360,0.16,1430,0.17,-520,-0.06,577180,144.29
1774,多頭出場,2023-10-11 09:00,L_Exit,16749,1,840000,-2590,-0.31,30,0.00,-2570,-0.31,574590,143.65
1774,多頭進場,2023-10-11 08:50,L_Cmd,16800,1,840000,-2590,-0.31,30,0.00,-2570,-0.31,574590,143.65
1775,多頭出場,2023-10-11 22:15,Trend Rev,16683,1,835100,-990,-0.12,1430,0.17,-1520,-0.18,573600,143.40
1775,多頭進場,2023-10-11 10:50,L_Cmd,16702,1,835100,-990,-0.12,1430,0.17,-1520,-0.18,573600,143.40
1776,多頭出場,2023-10-11 23:20,Trend Rev,16687,1,835800,-1490,-0.18,180,0.02,-1770,-0.21,572110,143.03
1776,多頭進場,2023-10-11 23:10,L_Cmd,16716,1,835800,-1490,-0.18,180,0.02,-1770,-0.21,572110,143.03
1777,多頭出場,2023-10-12 08:45,L_Exit,16772,1,835050,3510,0.42,3580,0.43,-220,-0.03,575620,143.91
1777,多頭進場,2023-10-12 03:40,L_Cmd,16701,1,835050,3510,0.42,3580,0.43,-220,-0.03,575620,143.91
1778,多頭出場,2023-10-12 21:10,Trend Rev,16807,1,840500,-190,-0.02,2480,0.30,-1870,-0.22,575410,143.85
1778,多頭進場,2023-10-12 10:35,L_Cmd,16810,1,840500,-190,-0.02,2480,0.30,-1870,-0.22,575410,143.85
1779,多頭出場,2023-10-12 21:10,Trend Rev,16807,1,842250,-1940,-0.23,730,0.09,-2070,-0.25,573490,143.37
1779,多頭進場,2023-10-12 12:50,L_Add,16845,1,842250,-1940,-0.23,730,0.09,-2070,-0.25,573490,143.37
1780,多頭出場,2023-10-13 00:35,Trend Rev,16803,1,840350,-240,-0.03,0,0.00,-370,-0.04,573250,143.31
1780,多頭進場,2023-10-13 00:25,L_Cmd,16807,1,840350,-240,-0.03,0,0.00,-370,-0.04,573250,143.31
1781,多頭出場,2023-10-13 10:55,Trend Rev,16758,1,838750,-890,-0.11,1580,0.19,-1020,-0.12,572360,143.09
1781,多頭進場,2023-10-13 09:30,L_Cmd,16775,1,838750,-890,-0.11,1580,0.19,-1020,-0.12,572360,143.09
1782,多頭出場,2023-10-13 13:05,Trend Rev,16764,1,838750,-590,-0.07,380,0.05,-570,-0.07,571770,142.94
1782,多頭進場,2023-10-13 12:40,L_Cmd,16775,1,838750,-590,-0.07,380,0.05,-570,-0.07,571770,142.94
1783,多頭出場,2023-10-13 22:10,L_Exit,16734,1,838100,-1440,-0.17,630,0.08,-1420,-0.17,570330,142.58
1783,多頭進場,2023-10-13 21:40,L_Cmd,16762,1,838100,-1440,-0.17,630,0.08,-1420,-0.17,570330,142.58
1784,多頭出場,2023-10-16 22:30,L_Exit,16742,1,834950,2110,0.25,2180,0.26,-870,-0.10,572380,143.10
1784,多頭進場,2023-10-16 21:35,L_Cmd,16699,1,834950,2110,0.25,2180,0.26,-870,-0.10,572380,143.10
1785,多頭出場,2023-10-16 22:35,L_Exit_Add,16758,1,835950,1910,0.23,1980,0.24,-170,-0.02,574310,143.58
1785,多頭進場,2023-10-16 22:15,L_Add,16719,1,835950,1910,0.23,1980,0.24,-170,-0.02,574310,143.58
1786,多頭出場,2023-10-16 22:40,L_Exit_G,16762,1,836550,1510,0.18,1580,0.19,-170,-0.02,575820,143.96
1786,多頭進場,2023-10-16 22:25,L_Add,16731,1,836550,1510,0.18,1580,0.19,-170,-0.02,575820,143.96
1787,多頭出場,2023-10-16 23:00,L_Exit_Add,16774,1,837150,1510,0.18,1580,0.19,-220,-0.03,577350,144.34
1787,多頭進場,2023-10-16 22:30,L_G_進,16743,1,837150,1510,0.18,1580,0.19,-220,-0.03,577350,144.34
1788,多頭出場,2023-10-17 03:30,L_Exit_Add,16781,1,837700,1310,0.16,1680,0.20,-520,-0.06,578620,144.66
1788,多頭進場,2023-10-16 22:40,L_Add,16754,1,837700,1310,0.16,1680,0.20,-520,-0.06,578620,144.66
1789,多頭出場,2023-10-17 04:00,L_G_Cut,16763,1,838450,-340,-0.04,930,0.11,-1270,-0.15,578300,144.58
1789,多頭進場,2023-10-16 23:10,L_Add,16769,1,838450,-340,-0.04,930,0.11,-1270,-0.15,578300,144.58
1790,多頭出場,2023-10-17 09:05,L_Exit_Add,16740,1,838950,-1990,-0.24,230,0.03,-1970,-0.23,576330,144.08
1790,多頭進場,2023-10-17 03:25,L_Add,16779,1,838950,-1990,-0.24,230,0.03,-1970,-0.23,576330,144.08
1791,多頭出場,2023-10-17 09:10,Trend Rev,16741,1,839050,-2040,-0.24,130,0.02,-2070,-0.25,574310,143.58
1791,多頭進場,2023-10-17 03:30,L_G_進,16781,1,839050,-2040,-0.24,130,0.02,-2070,-0.25,574310,143.58
1792,多頭出場,2023-10-18 01:35,Trend Rev,16670,1,833750,-290,-0.03,1980,0.24,-420,-0.05,573980,143.50
1792,多頭進場,2023-10-17 23:20,L_Cmd,16675,1,833750,-290,-0.03,1980,0.24,-420,-0.05,573980,143.50
1793,多頭出場,2023-10-18 01:35,Trend Rev,16670,1,835200,-1740,-0.21,530,0.06,-1870,-0.22,572260,143.07
1793,多頭進場,2023-10-17 23:50,L_Add,16704,1,835200,-1740,-0.21,530,0.06,-1870,-0.22,572260,143.07
1794,多頭出場,2023-10-18 01:35,Trend Rev,16670,1,835700,-2240,-0.27,30,0.00,-2370,-0.28,570040,142.51
1794,多頭進場,2023-10-18 00:30,L_Add,16714,1,835700,-2240,-0.27,30,0.00,-2370,-0.28,570040,142.51
1795,多頭出場,2023-10-18 08:45,L_Exit,16645,1,833550,-1340,-0.16,780,0.09,-1320,-0.16,568700,142.18
1795,多頭進場,2023-10-18 03:40,L_Cmd,16671,1,833550,-1340,-0.16,780,0.09,-1320,-0.16,568700,142.18
1796,空頭出場,2023-10-18 10:00,S_Exit,16567,1,826250,-2140,-0.26,30,0.00,-2120,-0.26,566560,141.64
1796,空頭進場,2023-10-18 09:55,S_Cmd,16525,1,826250,-2140,-0.26,30,0.00,-2120,-0.26,566560,141.64
1797,空頭出場,2023-10-18 13:25,S_Exit,16461,1,825900,2810,0.34,2880,0.35,-1270,-0.15,569350,142.34
1797,空頭進場,2023-10-18 10:35,S_Cmd,16518,1,825900,2810,0.34,2880,0.35,-1270,-0.15,569350,142.34
1798,空頭出場,2023-10-18 18:10,S_Exit_Add,16433,1,823700,2010,0.24,2080,0.25,-820,-0.10,571380,142.85
1798,空頭進場,2023-10-18 13:05,S_Add,16474,1,823700,2010,0.24,2080,0.25,-820,-0.10,571380,142.85
1799,空頭出場,2023-10-19 04:05,S_Exit_Add,16398,1,819500,-440,-0.05,1830,0.22,-1720,-0.21,570920,142.73
1799,空頭進場,2023-10-18 22:55,S_Cmd,16390,1,819500,-440,-0.05,1830,0.22,-1720,-0.21,570920,142.73
1800,空頭出場,2023-10-19 09:00,S_Exit,16431,1,817900,-3690,-0.45,330,0.04,-3670,-0.45,567250,141.81
1800,空頭進場,2023-10-19 03:50,S_Add,16358,1,817900,-3690,-0.45,330,0.04,-3670,-0.45,567250,141.81
1801,空頭出場,2023-10-19 12:10,Trend Rev,16432,1,820300,-1340,-0.16,480,0.06,-1370,-0.17,565910,141.48
1801,空頭進場,2023-10-19 11:25,S_Cmd,16406,1,820300,-1340,-0.16,480,0.06,-1370,-0.17,565910,141.48
1802,空頭出場,2023-10-20 00:45,Trend Rev,16508,1,824650,-790,-0.10,730,0.09,-1420,-0.17,565120,141.28
1802,空頭進場,2023-10-20 00:35,S_Cmd,16493,1,824650,-790,-0.10,730,0.09,-1420,-0.17,565120,141.28
1803,空頭出場,2023-10-20 08:45,S_Exit,16344,1,824400,7160,0.87,7230,0.88,-1170,-0.14,572280,143.07
1803,空頭進場,2023-10-20 03:45,S_Cmd,16488,1,824400,7160,0.87,7230,0.88,-1170,-0.14,572280,143.07
1804,空頭出場,2023-10-20 09:10,S_Exit,16284,1,818150,3910,0.48,3980,0.49,-720,-0.09,576170,144.04
1804,空頭進場,2023-10-20 08:50,S_Cmd,16363,1,818150,3910,0.48,3980,0.49,-720,-0.09,576170,144.04
1805,空頭出場,2023-10-20 10:55,S_Exit_Add,16373,1,815600,-3090,-0.38,2830,0.35,-3070,-0.38,573080,143.27
1805,空頭進場,2023-10-20 09:10,S_Add,16312,1,815600,-3090,-0.38,2830,0.35,-3070,-0.38,573080,143.27
1806,空頭出場,2023-10-20 11:00,S_Exit_Add,16422,1,813150,-7990,-0.98,380,0.05,-7970,-0.98,565110,141.28
1806,空頭進場,2023-10-20 09:25,S_Add,16263,1,813150,-7990,-0.98,380,0.05,-7970,-0.98,565110,141.28
1807,空頭出場,2023-10-21 02:10,S_Exit,16316,1,818150,2310,0.28,2380,0.29,-770,-0.09,567400,141.85
1807,空頭進場,2023-10-20 22:30,S_Cmd,16363,1,818150,2310,0.28,2380,0.29,-770,-0.09,567400,141.85
1808,空頭出場,2023-10-23 08:45,S_Exit_Add,16350,1,816400,-1140,-0.14,1680,0.21,-1970,-0.24,566280,141.57
1808,空頭進場,2023-10-20 23:20,S_Add,16328,1,816400,-1140,-0.14,1680,0.21,-1970,-0.24,566280,141.57
1809,空頭出場,2023-10-23 08:50,Trend Rev,16358,1,817500,-440,-0.05,730,0.09,-620,-0.08,565840,141.46
1809,空頭進場,2023-10-23 08:45,S_Add,16350,1,817500,-440,-0.05,730,0.09,-620,-0.08,565840,141.46
1810,空頭出場,2023-10-23 17:30,S_Exit,16185,1,812700,3410,0.42,3480,0.43,-2220,-0.27,569250,142.31
1810,空頭進場,2023-10-23 11:00,S_Cmd,16254,1,812700,3410,0.42,3480,0.43,-2220,-0.27,569250,142.31
1811,空頭出場,2023-10-24 04:05,Trend Rev,16283,1,813300,-890,-0.11,130,0.02,-870,-0.11,568360,142.09
1811,空頭進場,2023-10-24 03:40,S_Cmd,16266,1,813300,-890,-0.11,130,0.02,-870,-0.11,568360,142.09
1812,空頭出場,2023-10-24 09:10,S_Exit,16276,1,812200,-1640,-0.20,880,0.11,-1620,-0.20,566720,141.68
1812,空頭進場,2023-10-24 08:50,S_Cmd,16244,1,812200,-1640,-0.20,880,0.11,-1620,-0.20,566720,141.68
1813,空頭出場,2023-10-24 09:40,S_Exit,16156,1,811050,3210,0.40,3280,0.40,-470,-0.06,569930,142.48
1813,空頭進場,2023-10-24 09:30,S_Cmd,16221,1,811050,3210,0.40,3280,0.40,-470,-0.06,569930,142.48
1814,空頭出場,2023-10-24 10:15,S_Exit,16218,1,808000,-2940,-0.36,580,0.07,-2920,-0.36,566990,141.75
1814,空頭進場,2023-10-24 09:45,S_Cmd,16160,1,808000,-2940,-0.36,580,0.07,-2920,-0.36,566990,141.75
1815,空頭出場,2023-10-25 09:00,Trend Rev,16383,1,818250,-940,-0.11,180,0.02,-920,-0.11,566050,141.51
1815,空頭進場,2023-10-25 08:50,S_Cmd,16365,1,818250,-940,-0.11,180,0.02,-920,-0.11,566050,141.51
1816,多頭出場,2023-10-25 11:15,L_Exit,16412,1,822950,-2390,-0.29,1030,0.13,-2370,-0.29,563660,140.92
1816,多頭進場,2023-10-25 10:00,L_Cmd,16459,1,822950,-2390,-0.29,1030,0.13,-2370,-0.29,563660,140.92
1817,空頭出場,2023-10-25 13:10,Trend Rev,16401,1,819950,-140,-0.02,430,0.05,-1020,-0.12,563520,140.88
1817,空頭進場,2023-10-25 11:45,S_Cmd,16399,1,819950,-140,-0.02,430,0.05,-1020,-0.12,563520,140.88
1818,空頭出場,2023-10-25 15:00,S_Exit,16317,1,819150,3260,0.40,3330,0.41,-120,-0.01,566760,141.69
1818,空頭進場,2023-10-25 13:30,S_Cmd,16383,1,819150,3260,0.40,3330,0.41,-120,-0.01,566760,141.69
1819,空頭出場,2023-10-25 15:00,S_Exit_Add,16317,1,817800,1910,0.23,1980,0.24,-470,-0.06,568690,142.17
1819,空頭進場,2023-10-25 15:00,S_Add,16356,1,817800,1910,0.23,1980,0.24,-470,-0.06,568690,142.17
1820,空頭出場,2023-10-26 01:40,S_Exit,16211,1,812900,2310,0.28,2380,0.29,-370,-0.05,571000,142.75
1820,空頭進場,2023-10-26 00:45,S_Cmd,16258,1,812900,2310,0.28,2380,0.29,-370,-0.05,571000,142.75
1821,空頭出場,2023-10-26 09:35,S_Exit,16151,1,805550,-2040,-0.25,1780,0.22,-2020,-0.25,568960,142.24
1821,空頭進場,2023-10-26 08:50,S_Cmd,16111,1,805550,-2040,-0.25,1780,0.22,-2020,-0.25,568960,142.24
1822,空頭出場,2023-10-26 16:00,S_Exit,16088,1,802400,-2040,-0.25,380,0.05,-2020,-0.25,566920,141.73
1822,空頭進場,2023-10-26 13:30,S_Cmd,16048,1,802400,-2040,-0.25,380,0.05,-2020,-0.25,566920,141.73
1823,空頭出場,2023-10-27 02:15,Trend Rev,16102,1,803750,-1390,-0.17,1830,0.23,-1970,-0.25,565530,141.38
1823,空頭進場,2023-10-26 23:45,S_Cmd,16075,1,803750,-1390,-0.17,1830,0.23,-1970,-0.25,565530,141.38
1824,空頭出場,2023-10-27 23:15,S_Exit,16132,1,804550,-2090,-0.26,80,0.01,-2070,-0.26,563440,140.86
1824,空頭進場,2023-10-27 22:45,S_Cmd,16091,1,804550,-2090,-0.26,80,0.01,-2070,-0.26,563440,140.86
1825,空頭出場,2023-10-30 23:20,S_Exit,16135,1,808650,1860,0.23,1930,0.24,-320,-0.04,565280,141.32
1825,空頭進場,2023-10-30 22:20,S_Cmd,16173,1,808650,1860,0.23,1930,0.24,-320,-0.04,565280,141.32
1826,空頭出場,2023-10-31 01:55,Trend Rev,16177,1,807300,-1590,-0.20,1180,0.15,-1720,-0.21,563710,140.93
1826,空頭進場,2023-10-30 22:45,S_Add,16146,1,807300,-1590,-0.20,1180,0.15,-1720,-0.21,563710,140.93
1827,空頭出場,2023-10-31 09:00,S_Exit,16179,1,807650,-1340,-0.17,130,0.02,-1320,-0.16,562370,140.59
1827,空頭進場,2023-10-31 08:50,S_Cmd,16153,1,807650,-1340,-0.17,130,0.02,-1320,-0.16,562370,140.59
1828,空頭出場,2023-10-31 09:35,S_Exit,16175,1,806850,-1940,-0.24,130,0.02,-1920,-0.24,560430,140.11
1828,空頭進場,2023-10-31 09:25,S_Cmd,16137,1,806850,-1940,-0.24,130,0.02,-1920,-0.24,560430,140.11
1829,空頭出場,2023-10-31 11:40,S_Exit,16033,1,804950,3260,0.40,3330,0.41,-320,-0.04,563670,140.92
1829,空頭進場,2023-10-31 10:50,S_Cmd,16099,1,804950,3260,0.40,3330,0.41,-320,-0.04,563670,140.92
1830,空頭出場,2023-10-31 13:05,S_Exit_Add,15983,1,802450,3260,0.41,3330,0.41,-1370,-0.17,566930,141.73
1830,空頭進場,2023-10-31 11:20,S_Add,16049,1,802450,3260,0.41,3330,0.41,-1370,-0.17,566930,141.73
1831,空頭出場,2023-11-01 01:55,Trend Rev,16043,1,800200,-1990,-0.25,1530,0.19,-2820,-0.35,564940,141.24
1831,空頭進場,2023-10-31 13:00,S_Add,16004,1,800200,-1990,-0.25,1530,0.19,-2820,-0.35,564940,141.24
1832,空頭出場,2023-11-01 01:55,Trend Rev,16043,1,799150,-3040,-0.38,480,0.06,-3870,-0.48,561920,140.48
1832,空頭進場,2023-10-31 13:05,S_Add,15983,1,799150,-3040,-0.38,480,0.06,-3870,-0.48,561920,140.48
1833,空頭出場,2023-11-01 10:15,S_Exit,16006,1,802650,2310,0.29,2380,0.30,-220,-0.03,564230,141.06
1833,空頭進場,2023-11-01 09:50,S_Cmd,16053,1,802650,2310,0.29,2380,0.30,-220,-0.03,564230,141.06
1834,多頭出場,2023-11-02 09:40,L_Exit,16353,1,813950,3660,0.45,3730,0.46,-470,-0.06,567850,141.96
1834,多頭進場,2023-11-02 08:50,L_Cmd,16279,1,813950,3660,0.45,3730,0.46,-470,-0.06,567850,141.96
1835,多頭出場,2023-11-02 11:35,L_Exit_Add,16382,1,816450,2610,0.32,2680,0.33,-420,-0.05,570440,142.61
1835,多頭進場,2023-11-02 09:15,L_Add,16329,1,816450,2610,0.32,2680,0.33,-420,-0.05,570440,142.61
1836,多頭出場,2023-11-02 11:55,L_Exit_G,16389,1,816950,2460,0.30,2530,0.31,-870,-0.11,572920,143.23
1836,多頭進場,2023-11-02 09:20,L_Add,16339,1,816950,2460,0.30,2530,0.31,-870,-0.11,572920,143.23
1837,多頭出場,2023-11-02 13:25,L_Exit_Add,16392,1,818650,910,0.11,980,0.12,-1370,-0.17,573850,143.46
1837,多頭進場,2023-11-02 11:05,L_Add,16373,1,818650,910,0.11,980,0.12,-1370,-0.17,573850,143.46
1838,多頭出場,2023-11-02 16:20,L_Exit_Add,16440,1,818900,3060,0.37,3130,0.38,-620,-0.08,576930,144.23
1838,多頭進場,2023-11-02 11:30,L_G_進,16378,1,818900,3060,0.37,3130,0.38,-620,-0.08,576930,144.23
1839,多頭出場,2023-11-02 21:45,L_Exit,16462,1,824400,-1340,-0.16,0,0.00,-1370,-0.17,575590,143.90
1839,多頭進場,2023-11-02 21:40,L_Cmd,16488,1,824400,-1340,-0.16,0,0.00,-1370,-0.17,575590,143.90
1840,多頭出場,2023-11-03 08:45,L_Exit_Add,16480,1,823550,410,0.05,1930,0.23,-1420,-0.17,575960,143.99
1840,多頭進場,2023-11-02 23:00,L_Cmd,16471,1,823550,410,0.05,1930,0.23,-1420,-0.17,575960,143.99
1841,多頭出場,2023-11-03 08:45,L_Exit_Add,16468,1,824750,-1390,-0.17,730,0.09,-1370,-0.17,574590,143.65
1841,多頭進場,2023-11-03 03:10,L_Add,16495,1,824750,-1390,-0.17,730,0.09,-1370,-0.17,574590,143.65
1842,多頭出場,2023-11-03 08:50,Trend Rev,16448,1,825350,-2990,-0.36,130,0.02,-3120,-0.38,571620,142.91
1842,多頭進場,2023-11-03 03:50,L_Add,16507,1,825350,-2990,-0.36,130,0.02,-3120,-0.38,571620,142.91
1843,多頭出場,2023-11-03 12:05,Trend Rev,16469,1,825000,-1590,-0.19,1780,0.22,-1970,-0.24,570030,142.51
1843,多頭進場,2023-11-03 10:00,L_Cmd,16500,1,825000,-1590,-0.19,1780,0.22,-1970,-0.24,570030,142.51
1844,多頭出場,2023-11-03 17:05,Trend Rev,16483,1,825500,-1390,-0.17,430,0.05,-1420,-0.17,568640,142.16
1844,多頭進場,2023-11-03 13:10,L_Cmd,16510,1,825500,-1390,-0.17,430,0.05,-1420,-0.17,568640,142.16
1845,多頭出場,2023-11-03 23:30,L_Exit,16600,1,827400,2560,0.31,2630,0.32,-470,-0.06,571140,142.79
1845,多頭進場,2023-11-03 21:25,L_Cmd,16548,1,827400,2560,0.31,2630,0.32,-470,-0.06,571140,142.79
1846,多頭出場,2023-11-04 00:15,L_Exit_G,16607,1,828700,1610,0.19,1680,0.20,-1320,-0.16,572750,143.19
1846,多頭進場,2023-11-03 21:50,L_Add,16574,1,828700,1610,0.19,1680,0.20,-1320,-0.16,572750,143.19
1847,多頭出場,2023-11-04 01:00,L_Exit_Add,16623,1,829050,2060,0.25,2130,0.26,-120,-0.01,574810,143.70
1847,多頭進場,2023-11-03 23:20,L_Add,16581,1,829050,2060,0.25,2130,0.26,-120,-0.01,574810,143.70
1848,多頭出場,2023-11-04 01:00,L_Exit_G,16623,1,829450,1660,0.20,1730,0.21,-320,-0.04,576490,144.12
1848,多頭進場,2023-11-03 23:25,L_G_進,16589,1,829450,1660,0.20,1730,0.21,-320,-0.04,576490,144.12
1849,多頭出場,2023-11-04 01:55,L_Exit_Add,16630,1,830250,1210,0.15,1280,0.15,-770,-0.09,577720,144.43
1849,多頭進場,2023-11-03 23:45,L_G_進,16605,1,830250,1210,0.15,1280,0.15,-770,-0.09,577720,144.43
1850,多頭出場,2023-11-04 01:55,L_Exit_G,16630,1,830600,860,0.10,930,0.11,-570,-0.07,578600,144.65
1850,多頭進場,2023-11-04 00:25,L_G_進,16612,1,830600,860,0.10,930,0.11,-570,-0.07,578600,144.65
1851,多頭出場,2023-11-06 10:00,L_Exit,16702,1,832600,2460,0.30,2530,0.30,-1370,-0.16,581020,145.26
1851,多頭進場,2023-11-06 08:50,L_Cmd,16652,1,832600,2460,0.30,2530,0.30,-1370,-0.16,581020,145.26
1852,多頭出場,2023-11-06 12:00,L_Exit_G,16746,1,834200,3060,0.37,3130,0.38,-470,-0.06,584060,146.02
1852,多頭進場,2023-11-06 09:50,L_Add,16684,1,834200,3060,0.37,3130,0.38,-470,-0.06,584060,146.02
1853,多頭出場,2023-11-06 13:05,L_G_Cut,16702,1,834500,560,0.07,2930,0.35,-420,-0.05,584620,146.16
1853,多頭進場,2023-11-06 10:00,L_Add,16690,1,834500,560,0.07,2930,0.35,-420,-0.05,584620,146.16
1854,多頭出場,2023-11-06 18:50,Trend Rev,16672,1,836350,-2790,-0.33,1080,0.13,-3620,-0.43,581850,145.46
1854,多頭進場,2023-11-06 10:15,L_Add,16727,1,836350,-2790,-0.33,1080,0.13,-3620,-0.43,581850,145.46
1855,多頭出場,2023-11-06 18:50,Trend Rev,16672,1,836150,-2590,-0.31,1280,0.15,-3420,-0.41,579280,144.82
1855,多頭進場,2023-11-06 10:55,L_G_進,16723,1,836150,-2590,-0.31,1280,0.15,-3420,-0.41,579280,144.82
1856,多頭出場,2023-11-06 18:50,Trend Rev,16672,1,837300,-3740,-0.45,130,0.02,-4570,-0.55,575560,143.89
1856,多頭進場,2023-11-06 12:05,L_G_進,16746,1,837300,-3740,-0.45,130,0.02,-4570,-0.55,575560,143.89
1857,多頭出場,2023-11-06 22:45,L_Exit,16653,1,834150,-1540,-0.18,130,0.02,-1520,-0.18,574020,143.51
1857,多頭進場,2023-11-06 22:40,L_Cmd,16683,1,834150,-1540,-0.18,130,0.02,-1520,-0.18,574020,143.51
1858,多頭出場,2023-11-07 00:25,Trend Rev,16661,1,833600,-590,-0.07,230,0.03,-670,-0.08,573430,143.36
1858,多頭進場,2023-11-07 00:10,L_Cmd,16672,1,833600,-590,-0.07,230,0.03,-670,-0.08,573430,143.36
1859,多頭出場,2023-11-07 08:45,L_Exit,16630,1,833350,-1890,-0.23,1030,0.12,-1870,-0.22,571520,142.88
1859,多頭進場,2023-11-07 03:45,L_Cmd,16667,1,833350,-1890,-0.23,1030,0.12,-1870,-0.22,571520,142.88
1860,多頭出場,2023-11-07 08:45,L_Exit_Add,16630,1,834200,-2740,-0.33,180,0.02,-2720,-0.33,568800,142.20
1860,多頭進場,2023-11-07 04:00,L_Add,16684,1,834200,-2740,-0.33,180,0.02,-2720,-0.33,568800,142.20
1861,多頭出場,2023-11-07 09:55,Trend Rev,16662,1,834000,-940,-0.11,780,0.09,-970,-0.12,567860,141.97
1861,多頭進場,2023-11-07 09:45,L_Cmd,16680,1,834000,-940,-0.11,780,0.09,-970,-0.12,567860,141.97
1862,多頭出場,2023-11-07 12:40,Trend Rev,16667,1,834000,-690,-0.08,230,0.03,-1120,-0.13,567170,141.79
1862,多頭進場,2023-11-07 11:35,L_Cmd,16680,1,834000,-690,-0.08,230,0.03,-1120,-0.13,567170,141.79
1863,多頭出場,2023-11-07 19:40,Trend Rev,16689,1,834900,-490,-0.06,2230,0.27,-770,-0.09,566680,141.67
1863,多頭進場,2023-11-07 13:40,L_Cmd,16698,1,834900,-490,-0.06,2230,0.27,-770,-0.09,566680,141.67
1864,多頭出場,2023-11-08 08:50,L_G_Cut,16731,1,836150,360,0.04,2580,0.31,-770,-0.09,566980,141.75
1864,多頭進場,2023-11-07 23:05,L_Cmd,16723,1,836150,360,0.04,2580,0.31,-770,-0.09,566980,141.75
1865,多頭出場,2023-11-08 09:00,L_Exit_Add,16706,1,837800,-2540,-0.30,930,0.11,-2520,-0.30,564460,141.11
1865,多頭進場,2023-11-07 23:50,L_Add,16756,1,837800,-2540,-0.30,930,0.11,-2520,-0.30,564460,141.11
1866,多頭出場,2023-11-08 09:00,L_Exit_Add,16692,1,838500,-3940,-0.47,230,0.03,-3920,-0.47,560540,140.14
1866,多頭進場,2023-11-07 23:55,L_Add,16770,1,838500,-3940,-0.47,230,0.03,-3920,-0.47,560540,140.14
1867,多頭出場,2023-11-08 10:15,L_Exit,16795,1,838700,1010,0.12,1080,0.13,-4370,-0.52,561570,140.39
1867,多頭進場,2023-11-08 03:25,L_G_進,16774,1,838700,1010,0.12,1080,0.13,-4370,-0.52,561570,140.39
1868,多頭出場,2023-11-08 22:50,L_Exit,16794,1,838250,1410,0.17,1480,0.18,-470,-0.06,562940,140.74
1868,多頭進場,2023-11-08 21:05,L_Cmd,16765,1,838250,1410,0.17,1480,0.18,-470,-0.06,562940,140.74
1869,多頭出場,2023-11-08 23:20,L_Exit_Add,16750,1,838750,-1290,-0.15,1130,0.13,-1270,-0.15,561650,140.41
1869,多頭進場,2023-11-08 22:20,L_Add,16775,1,838750,-1290,-0.15,1130,0.13,-1270,-0.15,561650,140.41
1870,多頭出場,2023-11-08 23:25,Trend Rev,16752,1,839100,-1540,-0.18,780,0.09,-1920,-0.23,560130,140.03
1870,多頭進場,2023-11-08 22:40,L_Add,16782,1,839100,-1540,-0.18,780,0.09,-1920,-0.23,560130,140.03
1871,多頭出場,2023-11-08 23:25,Trend Rev,16752,1,839700,-2140,-0.25,180,0.02,-2520,-0.30,558010,139.50
1871,多頭進場,2023-11-08 22:55,L_Add,16794,1,839700,-2140,-0.25,180,0.02,-2520,-0.30,558010,139.50
1872,多頭出場,2023-11-09 10:15,Trend Rev,16736,1,837250,-490,-0.06,2080,0.25,-820,-0.10,557500,139.38
1872,多頭進場,2023-11-09 09:35,L_Cmd,16745,1,837250,-490,-0.06,2080,0.25,-820,-0.10,557500,139.38
1873,多頭出場,2023-11-09 10:15,Trend Rev,16736,1,838650,-1890,-0.23,680,0.08,-2220,-0.26,555630,138.91
1873,多頭進場,2023-11-09 09:45,L_Add,16773,1,838650,-1890,-0.23,680,0.08,-2220,-0.26,555630,138.91
1874,多頭出場,2023-11-09 22:15,L_Exit_Add,16804,1,836950,3210,0.38,3280,0.39,-570,-0.07,558800,139.70
1874,多頭進場,2023-11-09 11:30,L_Cmd,16739,1,836950,3210,0.38,3280,0.39,-570,-0.07,558800,139.70
1875,多頭出場,2023-11-09 22:55,L_Exit,16826,1,838900,2360,0.28,2430,0.29,-1770,-0.21,561180,140.29
1875,多頭進場,2023-11-09 13:15,L_Add,16778,1,838900,2360,0.28,2430,0.29,-1770,-0.21,561180,140.29
1876,多頭出場,2023-11-09 22:55,L_Exit_Add,16826,1,839700,1560,0.19,1630,0.19,-470,-0.06,562760,140.69
1876,多頭進場,2023-11-09 22:00,L_Add,16794,1,839700,1560,0.19,1630,0.19,-470,-0.06,562760,140.69
1877,多頭出場,2023-11-09 23:35,L_Exit,16793,1,841300,-1690,-0.20,180,0.02,-1670,-0.20,561070,140.27
1877,多頭進場,2023-11-09 23:00,L_Cmd,16826,1,841300,-1690,-0.20,180,0.02,-1670,-0.20,561070,140.27
1878,多頭出場,2023-11-10 02:00,L_Exit,16797,1,841600,-1790,-0.21,530,0.06,-1770,-0.21,559280,139.82
1878,多頭進場,2023-11-10 00:15,L_Cmd,16832,1,841600,-1790,-0.21,530,0.06,-1770,-0.21,559280,139.82
1879,多頭出場,2023-11-10 20:25,L_Exit,16817,1,837500,3310,0.40,3380,0.40,-370,-0.04,562590,140.65
1879,多頭進場,2023-11-10 15:00,L_Cmd,16750,1,837500,3310,0.40,3380,0.40,-370,-0.04,562590,140.65
1880,多頭出場,2023-11-10 23:50,L_Exit,16867,1,841450,1860,0.22,1930,0.23,-470,-0.06,564410,141.10
1880,多頭進場,2023-11-10 21:45,L_Cmd,16829,1,841450,1860,0.22,1930,0.23,-470,-0.06,564410,141.10
1881,多頭出場,2023-11-11 00:05,L_Exit_Add,16903,1,842300,2810,0.33,2880,0.34,-1320,-0.16,567200,141.80
1881,多頭進場,2023-11-10 21:55,L_Add,16846,1,842300,2810,0.33,2880,0.34,-1320,-0.16,567200,141.80
1882,多頭出場,2023-11-11 00:10,L_Exit_Add,16906,1,842700,2560,0.30,2630,0.31,-1520,-0.18,569760,142.44
1882,多頭進場,2023-11-10 22:45,L_Add,16854,1,842700,2560,0.30,2630,0.31,-1520,-0.18,569760,142.44
1883,多頭出場,2023-11-11 00:15,L_Exit_G,16913,1,844150,1460,0.17,1530,0.18,-120,-0.01,571220,142.81
1883,多頭進場,2023-11-11 00:00,L_Add,16883,1,844150,1460,0.17,1530,0.18,-120,-0.01,571220,142.81
1884,多頭出場,2023-11-11 01:00,L_Exit_G,16927,1,844500,1810,0.21,1880,0.22,-20,0.00,573030,143.26
1884,多頭進場,2023-11-11 00:05,L_G_進,16890,1,844500,1810,0.21,1880,0.22,-20,0.00,573030,143.26
1885,多頭出場,2023-11-11 01:00,L_Exit_G,16927,1,844900,1410,0.17,1480,0.18,-270,-0.03,574460,143.62
1885,多頭進場,2023-11-11 00:10,L_G_進,16898,1,844900,1410,0.17,1480,0.18,-270,-0.03,574460,143.62
1886,多頭出場,2023-11-11 01:25,L_Exit_G,16933,1,845300,1310,0.15,1380,0.16,-670,-0.08,575790,143.95
1886,多頭進場,2023-11-11 00:15,L_G_進,16906,1,845300,1310,0.15,1380,0.16,-670,-0.08,575790,143.95
1887,多頭出場,2023-11-11 01:30,L_Exit_Add,16949,1,845700,1710,0.20,1780,0.21,-320,-0.04,577520,144.38
1887,多頭進場,2023-11-11 00:55,L_G_進,16914,1,845700,1710,0.20,1780,0.21,-320,-0.04,577520,144.38
1888,多頭出場,2023-11-13 08:45,L_Exit,16965,1,851150,-2940,-0.35,880,0.10,-2920,-0.34,574580,143.65
1888,多頭進場,2023-11-11 03:10,L_Cmd,17023,1,851150,-2940,-0.35,880,0.10,-2920,-0.34,574580,143.65
1889,多頭出場,2023-11-13 21:40,Trend Rev,16892,1,845150,-590,-0.07,30,0.00,-670,-0.08,573990,143.50
1889,多頭進場,2023-11-13 21:35,L_Cmd,16903,1,845150,-590,-0.07,30,0.00,-670,-0.08,573990,143.50
1890,多頭出場,2023-11-14 00:45,L_Exit,16954,1,844600,3060,0.36,3130,0.37,-170,-0.02,576990,144.25
1890,多頭進場,2023-11-13 23:45,L_Cmd,16892,1,844600,3060,0.36,3130,0.37,-170,-0.02,576990,144.25
1891,多頭出場,2023-11-14 02:35,L_G_Cut,16918,1,845900,-40,0.00,1830,0.22,-770,-0.09,576970,144.24
1891,多頭進場,2023-11-14 00:15,L_Add,16918,1,845900,-40,0.00,1830,0.22,-770,-0.09,576970,144.24
1892,多頭出場,2023-11-14 08:45,Trend Rev,16964,1,846550,1610,0.19,1630,0.19,-1020,-0.12,578600,144.65
1892,多頭進場,2023-11-14 00:30,L_Add,16931,1,846550,1610,0.19,1630,0.19,-1020,-0.12,578600,144.65
1893,多頭出場,2023-11-14 08:45,Trend Rev,16964,1,847200,960,0.11,980,0.12,-1670,-0.20,579580,144.89
1893,多頭進場,2023-11-14 00:45,L_G_進,16944,1,847200,960,0.11,980,0.12,-1670,-0.20,579580,144.89
1894,多頭出場,2023-11-14 09:30,L_Exit,16916,1,847400,-1640,-0.19,930,0.11,-1620,-0.19,577940,144.48
1894,多頭進場,2023-11-14 08:50,L_Cmd,16948,1,847400,-1640,-0.19,930,0.11,-1620,-0.19,577940,144.48
1895,多頭出場,2023-11-14 21:30,L_Exit,17000,1,850700,-740,-0.09,430,0.05,-720,-0.08,577200,144.30
1895,多頭進場,2023-11-14 21:15,L_Cmd,17014,1,850700,-740,-0.09,430,0.05,-720,-0.08,577200,144.30
1896,多頭出場,2023-11-14 21:55,L_Exit,17129,1,853650,2760,0.32,2830,0.33,-320,-0.04,579900,144.98
1896,多頭進場,2023-11-14 21:35,L_Cmd,17073,1,853650,2760,0.32,2830,0.33,-320,-0.04,579900,144.98
1897,多頭出場,2023-11-14 22:15,L_Exit_G,17135,1,854900,1810,0.21,1880,0.22,-220,-0.03,581730,145.43
1897,多頭進場,2023-11-14 21:45,L_Add,17098,1,854900,1810,0.21,1880,0.22,-220,-0.03,581730,145.43
1898,多頭出場,2023-11-14 22:30,L_Exit_Add,17149,1,855500,1910,0.22,1980,0.23,-220,-0.03,583640,145.91
1898,多頭進場,2023-11-14 21:50,L_Add,17110,1,855500,1910,0.22,1980,0.23,-220,-0.03,583640,145.91
1899,多頭出場,2023-11-14 22:35,L_Exit_Add,17159,1,855800,2110,0.25,2180,0.25,-70,-0.01,585770,146.44
1899,多頭進場,2023-11-14 21:55,L_G_進,17116,1,855800,2110,0.25,2180,0.25,-70,-0.01,585770,146.44
1900,多頭出場,2023-11-14 23:45,L_Exit_Add,17192,1,857000,2560,0.30,2630,0.31,-520,-0.06,588310,147.08
1900,多頭進場,2023-11-14 22:25,L_Add,17140,1,857000,2560,0.30,2630,0.31,-520,-0.06,588310,147.08
1901,多頭出場,2023-11-15 08:55,L_Exit_Add,17213,1,858650,1960,0.23,2030,0.24,-1370,-0.16,590270,147.57
1901,多頭進場,2023-11-14 22:45,L_Add,17173,1,858650,1960,0.23,2030,0.24,-1370,-0.16,590270,147.57
1902,多頭出場,2023-11-15 08:55,L_Exit_Add,17213,1,859200,1410,0.16,1480,0.17,-1920,-0.22,591700,147.92
1902,多頭進場,2023-11-14 23:30,L_Add,17184,1,859200,1410,0.16,1480,0.17,-1920,-0.22,591700,147.92
1903,多頭出場,2023-11-15 09:10,L_Exit_Add,17168,1,860300,-1940,-0.23,380,0.04,-1920,-0.22,589780,147.45
1903,多頭進場,2023-11-15 08:55,L_Add,17206,1,860300,-1940,-0.23,380,0.04,-1920,-0.22,589780,147.45
1904,多頭出場,2023-11-15 16:05,L_Exit,17219,1,857400,3510,0.41,3580,0.42,-220,-0.03,593290,148.32
1904,多頭進場,2023-11-15 13:15,L_Cmd,17148,1,857400,3510,0.41,3580,0.42,-220,-0.03,593290,148.32
1905,多頭出場,2023-11-15 21:30,L_Exit,17228,1,862450,-1090,-0.13,530,0.06,-1070,-0.12,592200,148.05
1905,多頭進場,2023-11-15 21:05,L_Cmd,17249,1,862450,-1090,-0.13,530,0.06,-1070,-0.12,592200,148.05
1906,多頭出場,2023-11-16 01:15,Trend Rev,17203,1,861700,-1590,-0.18,630,0.07,-2120,-0.25,590610,147.65
1906,多頭進場,2023-11-15 23:50,L_Cmd,17234,1,861700,-1590,-0.18,630,0.07,-2120,-0.25,590610,147.65
1907,多頭出場,2023-11-16 15:40,Trend Rev,17172,1,858900,-340,-0.04,1030,0.12,-920,-0.11,590270,147.57
1907,多頭進場,2023-11-16 13:10,L_Cmd,17178,1,858900,-340,-0.04,1030,0.12,-920,-0.11,590270,147.57
1908,多頭出場,2023-11-16 22:10,Trend Rev,17188,1,860350,-990,-0.12,130,0.02,-1270,-0.15,589280,147.32
1908,多頭進場,2023-11-16 21:35,L_Cmd,17207,1,860350,-990,-0.12,130,0.02,-1270,-0.15,589280,147.32
1909,多頭出場,2023-11-17 09:20,L_Exit,17212,1,858400,2160,0.25,2230,0.26,-220,-0.03,591420,147.85
1909,多頭進場,2023-11-17 08:50,L_Cmd,17168,1,858400,2160,0.25,2230,0.26,-220,-0.03,591420,147.85
1910,多頭出場,2023-11-17 10:10,L_Exit_Add,17249,1,859550,2860,0.33,2930,0.34,-570,-0.07,594240,148.56
1910,多頭進場,2023-11-17 09:05,L_Add,17191,1,859550,2860,0.33,2930,0.34,-570,-0.07,594240,148.56
1911,多頭出場,2023-11-17 10:10,L_Exit_G,17249,1,860750,1660,0.19,1730,0.20,-470,-0.05,595920,148.98
1911,多頭進場,2023-11-17 09:35,L_Add,17215,1,860750,1660,0.19,1730,0.20,-470,-0.05,595920,148.98
1912,多頭出場,2023-11-17 21:55,Trend Rev,17217,1,861150,-340,-0.04,1380,0.16,-1670,-0.19,595580,148.90
1912,多頭進場,2023-11-17 09:40,L_Add,17223,1,861150,-340,-0.04,1380,0.16,-1670,-0.19,595580,148.90
1913,多頭出場,2023-11-17 21:55,Trend Rev,17217,1,861450,-640,-0.07,1080,0.13,-1970,-0.23,594960,148.74
1913,多頭進場,2023-11-17 09:55,L_G_進,17229,1,861450,-640,-0.07,1080,0.13,-1970,-0.23,594960,148.74
1914,多頭出場,2023-11-17 21:55,Trend Rev,17217,1,862450,-1640,-0.19,80,0.01,-2970,-0.34,593340,148.34
1914,多頭進場,2023-11-17 10:15,L_Add,17249,1,862450,-1640,-0.19,80,0.01,-2970,-0.34,593340,148.34
1915,多頭出場,2023-11-18 04:30,L_Exit,17210,1,861600,-1140,-0.13,30,0.00,-1120,-0.13,592200,148.05
1915,多頭進場,2023-11-18 03:10,L_Cmd,17232,1,861600,-1140,-0.13,30,0.00,-1120,-0.13,592200,148.05
1916,多頭出場,2023-11-20 08:55,L_Exit,17235,1,863550,-1840,-0.21,80,0.01,-2220,-0.26,590360,147.59
1916,多頭進場,2023-11-20 08:50,L_Cmd,17271,1,863550,-1840,-0.21,80,0.01,-2220,-0.26,590360,147.59
1917,多頭出場,2023-11-20 22:55,L_Exit,17246,1,860900,1360,0.16,1430,0.17,-120,-0.01,591700,147.92
1917,多頭進場,2023-11-20 21:55,L_Cmd,17218,1,860900,1360,0.16,1430,0.17,-120,-0.01,591700,147.92
1918,多頭出場,2023-11-21 00:00,L_Exit_Add,17272,1,861750,1810,0.21,1880,0.22,-570,-0.07,593470,148.37
1918,多頭進場,2023-11-20 22:35,L_Add,17235,1,861750,1810,0.21,1880,0.22,-570,-0.07,593470,148.37
1919,多頭出場,2023-11-21 00:00,L_Exit_G,17272,1,862300,1260,0.15,1330,0.15,-670,-0.08,594750,148.69
1919,多頭進場,2023-11-20 23:00,L_Add,17246,1,862300,1260,0.15,1330,0.15,-670,-0.08,594750,148.69
1920,多頭出場,2023-11-21 02:00,L_Exit_Add,17283,1,862750,1360,0.16,1430,0.17,-120,-0.01,596090,149.02
1920,多頭進場,2023-11-20 23:50,L_Add,17255,1,862750,1360,0.16,1430,0.17,-120,-0.01,596090,149.02
1921,多頭出場,2023-11-21 02:25,L_Exit_G,17285,1,863000,1210,0.14,1280,0.15,-170,-0.02,597320,149.33
1921,多頭進場,2023-11-21 00:00,L_G_進,17260,1,863000,1210,0.14,1280,0.15,-170,-0.02,597320,149.33
1922,多頭出場,2023-11-21 02:55,L_Exit_Add,17294,1,863500,1160,0.13,1230,0.14,-670,-0.08,598500,149.63
1922,多頭進場,2023-11-21 00:05,L_Add,17270,1,863500,1160,0.13,1230,0.14,-670,-0.08,598500,149.63
1923,多頭出場,2023-11-21 03:05,L_Exit_Add,17293,1,863600,1010,0.12,1180,0.14,-770,-0.09,599510,149.88
1923,多頭進場,2023-11-21 00:25,L_G_進,17272,1,863600,1010,0.12,1180,0.14,-770,-0.09,599510,149.88
1924,多頭出場,2023-11-21 08:50,L_Exit_Add,17326,1,864650,1610,0.19,1680,0.19,-1070,-0.12,601120,150.28
1924,多頭進場,2023-11-21 03:05,L_Add,17293,1,864650,1610,0.19,1680,0.19,-1070,-0.12,601120,150.28
1925,多頭出場,2023-11-21 09:00,L_Exit_Add,17336,1,865250,1510,0.17,1580,0.18,-70,-0.01,602630,150.66
1925,多頭進場,2023-11-21 08:50,L_Add,17305,1,865250,1510,0.17,1580,0.18,-70,-0.01,602630,150.66
1926,多頭出場,2023-11-21 09:15,L_Exit_Add,17375,1,866000,2710,0.31,2780,0.32,-420,-0.05,605320,151.33
1926,多頭進場,2023-11-21 08:55,L_Add,17320,1,866000,2710,0.31,2780,0.32,-420,-0.05,605320,151.33
1927,多頭出場,2023-11-21 09:25,L_Exit_Add,17393,1,867050,2560,0.30,2630,0.30,-420,-0.05,607860,151.97
1927,多頭進場,2023-11-21 09:10,L_Add,17341,1,867050,2560,0.30,2630,0.30,-420,-0.05,607860,151.97
1928,多頭出場,2023-11-21 09:25,L_Exit_G,17393,1,867750,1860,0.21,1930,0.22,-370,-0.04,609740,152.44
1928,多頭進場,2023-11-21 09:15,L_Add,17355,1,867750,1860,0.21,1930,0.22,-370,-0.04,609740,152.44
1929,多頭出場,2023-11-21 10:35,L_Exit_Add,17420,1,868500,2460,0.28,2530,0.29,-170,-0.02,612180,153.05
1929,多頭進場,2023-11-21 09:20,L_Add,17370,1,868500,2460,0.28,2530,0.29,-170,-0.02,612180,153.05
1930,多頭出場,2023-11-21 10:35,L_Exit_G,17420,1,868800,2160,0.25,2230,0.26,-470,-0.05,614360,153.59
1930,多頭進場,2023-11-21 09:25,L_G_進,17376,1,868800,2160,0.25,2230,0.26,-470,-0.05,614360,153.59
1931,多頭出場,2023-11-21 11:00,L_Exit_Add,17424,1,869600,1560,0.18,1630,0.19,-1270,-0.15,615900,153.98
1931,多頭進場,2023-11-21 09:30,L_Add,17392,1,869600,1560,0.18,1630,0.19,-1270,-0.15,615900,153.98
1932,多頭出場,2023-11-21 11:00,L_Exit_G,17424,1,869950,1210,0.14,1280,0.15,-720,-0.08,617130,154.28
1932,多頭進場,2023-11-21 10:00,L_G_進,17399,1,869950,1210,0.14,1280,0.15,-720,-0.08,617130,154.28
1933,多頭出場,2023-11-21 21:00,Trend Rev,17374,1,870750,-2090,-0.24,480,0.06,-2170,-0.25,615060,153.76
1933,多頭進場,2023-11-21 10:40,L_Add,17415,1,870750,-2090,-0.24,480,0.06,-2170,-0.25,615060,153.76
1934,多頭出場,2023-11-21 21:00,Trend Rev,17374,1,870700,-2040,-0.23,530,0.06,-2120,-0.24,613040,153.26
1934,多頭進場,2023-11-21 10:50,L_G_進,17414,1,870700,-2040,-0.23,530,0.06,-2120,-0.24,613040,153.26
1935,多頭出場,2023-11-22 22:45,L_Exit,17305,1,866600,-1390,-0.16,880,0.10,-1370,-0.16,611650,152.91
1935,多頭進場,2023-11-22 22:05,L_Cmd,17332,1,866600,-1390,-0.16,880,0.10,-1370,-0.16,611650,152.91
1936,多頭出場,2023-11-23 09:20,Trend Rev,17272,1,864900,-1340,-0.15,330,0.04,-1370,-0.16,610310,152.58
1936,多頭進場,2023-11-23 09:05,L_Cmd,17298,1,864900,-1340,-0.15,330,0.04,-1370,-0.16,610310,152.58
1937,多頭出場,2023-11-23 13:00,Trend Rev,17276,1,864200,-440,-0.05,1180,0.14,-570,-0.07,609870,152.47
1937,多頭進場,2023-11-23 12:35,L_Cmd,17284,1,864200,-440,-0.05,1180,0.14,-570,-0.07,609870,152.47
1938,多頭出場,2023-11-24 09:15,L_Exit,17316,1,866950,-1190,-0.14,430,0.05,-1170,-0.13,608680,152.17
1938,多頭進場,2023-11-24 08:50,L_Cmd,17339,1,866950,-1190,-0.14,430,0.05,-1170,-0.13,608680,152.17
1939,多頭出場,2023-11-24 23:50,L_BE,17298,1,864900,-40,0.00,930,0.11,-20,0.00,608620,152.16
1939,多頭進場,2023-11-24 23:00,L_Cmd,17298,1,864900,-40,0.00,930,0.11,-20,0.00,608620,152.16
1940,多頭出場,2023-11-25 01:10,Trend Rev,17295,1,865750,-1040,-0.12,30,0.00,-1070,-0.12,607600,151.90
1940,多頭進場,2023-11-24 23:05,L_Add,17315,1,865750,-1040,-0.12,30,0.00,-1070,-0.12,607600,151.90
1941,多頭出場,2023-11-27 09:35,L_Exit,17295,1,866550,-1840,-0.21,1430,0.17,-1820,-0.21,605760,151.44
1941,多頭進場,2023-11-27 09:05,L_Cmd,17331,1,866550,-1840,-0.21,1430,0.17,-1820,-0.21,605760,151.44
1942,空頭出場,2023-11-27 12:10,S_Exit,17163,1,860450,2260,0.26,2330,0.27,-270,-0.03,608000,152.00
1942,空頭進場,2023-11-27 11:30,S_Cmd,17209,1,860450,2260,0.26,2330,0.27,-270,-0.03,608000,152.00
1943,空頭出場,2023-11-27 21:30,Trend Rev,17211,1,858400,-2190,-0.26,1130,0.13,-2320,-0.27,605830,151.46
1943,空頭進場,2023-11-27 12:10,S_Add,17168,1,858400,-2190,-0.26,1130,0.13,-2320,-0.27,605830,151.46
1944,空頭出場,2023-11-27 23:05,S_Exit,17214,1,859700,-1040,-0.12,330,0.04,-1020,-0.12,604790,151.20
1944,空頭進場,2023-11-27 22:35,S_Cmd,17194,1,859700,-1040,-0.12,330,0.04,-1020,-0.12,604790,151.20
1945,多頭出場,2023-11-28 10:15,L_Exit,17375,1,864100,4610,0.53,4680,0.54,-320,-0.04,609360,152.34
1945,多頭進場,2023-11-28 10:00,L_Cmd,17282,1,864100,4610,0.53,4680,0.54,-320,-0.04,609360,152.34
1946,多頭出場,2023-11-28 10:20,L_Exit_Add,17393,1,865850,3760,0.43,3830,0.44,-470,-0.05,613120,153.28
1946,多頭進場,2023-11-28 10:10,L_Add,17317,1,865850,3760,0.43,3830,0.44,-470,-0.05,613120,153.28
1947,多頭出場,2023-11-28 13:20,L_G_Cut,17346,1,866700,560,0.06,3380,0.39,-270,-0.03,613660,153.42
1947,多頭進場,2023-11-28 10:15,L_Add,17334,1,866700,560,0.06,3380,0.39,-270,-0.03,613660,153.42
1948,多頭出場,2023-11-28 22:45,Trend Rev,17327,1,867700,-1390,-0.16,2380,0.27,-1620,-0.19,612290,153.07
1948,多頭進場,2023-11-28 10:20,L_Add,17354,1,867700,-1390,-0.16,2380,0.27,-1620,-0.19,612290,153.07
1949,多頭出場,2023-11-28 22:45,Trend Rev,17327,1,869350,-3040,-0.35,730,0.08,-3270,-0.38,609270,152.32
1949,多頭進場,2023-11-28 10:25,L_Add,17387,1,869350,-3040,-0.35,730,0.08,-3270,-0.38,609270,152.32
1950,多頭出場,2023-11-28 22:45,Trend Rev,17327,1,869400,-3090,-0.36,280,0.03,-3320,-0.38,606200,151.55
1950,多頭進場,2023-11-28 10:50,L_G_進,17388,1,869400,-3090,-0.36,280,0.03,-3320,-0.38,606200,151.55
1951,多頭出場,2023-11-29 02:00,L_Exit,17336,1,868450,-1690,-0.19,130,0.01,-1670,-0.19,604510,151.13
1951,多頭進場,2023-11-28 23:45,L_Cmd,17369,1,868450,-1690,-0.19,130,0.01,-1670,-0.19,604510,151.13
1952,多頭出場,2023-11-29 08:45,L_Exit,17340,1,868000,-1040,-0.12,330,0.04,-1020,-0.12,603470,150.87
1952,多頭進場,2023-11-29 03:50,L_Cmd,17360,1,868000,-1040,-0.12,330,0.04,-1020,-0.12,603470,150.87
1953,多頭出場,2023-11-29 09:45,L_Exit,17379,1,870600,-1690,-0.19,1880,0.22,-1670,-0.19,601760,150.44
1953,多頭進場,2023-11-29 09:05,L_Cmd,17412,1,870600,-1690,-0.19,1880,0.22,-1670,-0.19,601760,150.44
1954,多頭出場,2023-11-29 10:55,L_Exit_Add,17361,1,871850,-3840,-0.44,230,0.03,-3820,-0.44,597940,149.49
1954,多頭進場,2023-11-29 09:30,L_Add,17437,1,871850,-3840,-0.44,230,0.03,-3820,-0.44,597940,149.49
1955,多頭出場,2023-11-29 21:30,L_Exit,17371,1,869350,-840,-0.10,80,0.01,-820,-0.09,597100,149.28
1955,多頭進場,2023-11-29 21:25,L_Cmd,17387,1,869350,-840,-0.10,80,0.01,-820,-0.09,597100,149.28
1956,多頭出場,2023-11-29 23:00,L_Exit,17443,1,870250,1860,0.21,1930,0.22,-170,-0.02,598940,149.73
1956,多頭進場,2023-11-29 22:35,L_Cmd,17405,1,870250,1860,0.21,1930,0.22,-170,-0.02,598940,149.73
1957,多頭出場,2023-11-30 00:25,L_Exit_Add,17387,1,871750,-2440,-0.28,430,0.05,-2420,-0.28,596520,149.13
1957,多頭進場,2023-11-29 22:55,L_Add,17435,1,871750,-2440,-0.28,430,0.05,-2420,-0.28,596520,149.13
1958,多頭出場,2023-11-30 11:10,Trend Rev,17378,1,869500,-640,-0.07,580,0.07,-920,-0.11,595880,148.97
1958,多頭進場,2023-11-30 10:50,L_Cmd,17390,1,869500,-640,-0.07,580,0.07,-920,-0.11,595880,148.97
1959,多頭出場,2023-12-01 10:25,Trend Rev,17360,1,868650,-690,-0.08,1030,0.12,-870,-0.10,595190,148.80
1959,多頭進場,2023-12-01 09:40,L_Cmd,17373,1,868650,-690,-0.08,1030,0.12,-870,-0.10,595190,148.80
1960,多頭出場,2023-12-01 20:20,Trend Rev,17415,1,869750,960,0.11,3430,0.39,-420,-0.05,596150,149.04
1960,多頭進場,2023-12-01 10:35,L_Cmd,17395,1,869750,960,0.11,3430,0.39,-420,-0.05,596150,149.04
1961,多頭出場,2023-12-02 00:50,L_Exit,17480,1,870650,3310,0.38,3380,0.39,-1320,-0.15,599420,149.86
1961,多頭進場,2023-12-01 23:50,L_Cmd,17413,1,870650,3310,0.38,3380,0.39,-1320,-0.15,599420,149.86
1962,多頭出場,2023-12-02 01:50,L_Exit_Add,17498,1,872000,2860,0.33,2930,0.34,-820,-0.09,602300,150.57
1962,多頭進場,2023-12-02 00:15,L_Add,17440,1,872000,2860,0.33,2930,0.34,-820,-0.09,602300,150.57
1963,多頭出場,2023-12-02 03:10,L_Exit_Add,17492,1,872600,1960,0.22,2730,0.31,-820,-0.09,604260,151.07
1963,多頭進場,2023-12-02 00:35,L_Add,17452,1,872600,1960,0.22,2730,0.31,-820,-0.09,604260,151.07
1964,多頭出場,2023-12-04 09:10,Trend Rev,17445,1,874400,-2190,-0.25,380,0.04,-2320,-0.27,602090,150.52
1964,多頭進場,2023-12-02 03:05,L_Add,17488,1,874400,-2190,-0.25,380,0.04,-2320,-0.27,602090,150.52
1965,多頭出場,2023-12-04 13:05,Trend Rev,17424,1,871900,-740,-0.08,480,0.06,-770,-0.09,601350,150.34
1965,多頭進場,2023-12-04 12:35,L_Cmd,17438,1,871900,-740,-0.08,480,0.06,-770,-0.09,601350,150.34
1966,空頭出場,2023-12-04 23:35,S_Exit,17283,1,865900,1710,0.20,1780,0.21,-320,-0.04,603060,150.76
1966,空頭進場,2023-12-04 23:25,S_Cmd,17318,1,865900,1710,0.20,1780,0.21,-320,-0.04,603060,150.76
1967,空頭出場,2023-12-05 02:00,S_Exit,17312,1,864050,-1590,-0.18,1180,0.14,-1570,-0.18,601470,150.37
1967,空頭進場,2023-12-04 23:50,S_Cmd,17281,1,864050,-1590,-0.18,1180,0.14,-1570,-0.18,601470,150.37
1968,空頭出場,2023-12-05 09:55,S_Exit,17300,1,863300,-1740,-0.20,1580,0.18,-1720,-0.20,599730,149.93
1968,空頭進場,2023-12-05 09:10,S_Cmd,17266,1,863300,-1740,-0.20,1580,0.18,-1720,-0.20,599730,149.93
1969,多頭出場,2023-12-06 00:50,L_Exit,17312,1,867600,-2040,-0.24,330,0.04,-2020,-0.23,597690,149.42
1969,多頭進場,2023-12-06 00:05,L_Cmd,17352,1,867600,-2040,-0.24,330,0.04,-2020,-0.23,597690,149.42
1970,多頭出場,2023-12-06 12:40,L_Exit,17376,1,871350,-2590,-0.30,1230,0.14,-2570,-0.29,595100,148.77
1970,多頭進場,2023-12-06 09:50,L_Cmd,17427,1,871350,-2590,-0.30,1230,0.14,-2570,-0.29,595100,148.77
1971,多頭出場,2023-12-06 23:10,L_Exit,17423,1,869500,1610,0.19,1680,0.19,-320,-0.04,596670,149.17
1971,多頭進場,2023-12-06 21:35,L_Cmd,17390,1,869500,1610,0.19,1680,0.19,-320,-0.04,596670,149.17
1972,多頭出場,2023-12-07 01:30,Trend Rev,17378,1,870250,-1390,-0.16,1080,0.12,-1470,-0.17,595300,148.83
1972,多頭進場,2023-12-06 22:05,L_Add,17405,1,870250,-1390,-0.16,1080,0.12,-1470,-0.17,595300,148.83
1973,多頭出場,2023-12-07 01:30,Trend Rev,17378,1,870950,-2090,-0.24,380,0.04,-2170,-0.25,593230,148.31
1973,多頭進場,2023-12-06 23:10,L_Add,17419,1,870950,-2090,-0.24,380,0.04,-2170,-0.25,593230,148.31
1974,空頭出場,2023-12-07 21:00,Trend Rev,17298,1,865050,110,0.01,1930,0.22,-820,-0.09,593340,148.34
1974,空頭進場,2023-12-07 10:50,S_Cmd,17301,1,865050,110,0.01,1930,0.22,-820,-0.09,593340,148.34
1975,多頭出場,2023-12-08 09:00,L_Exit,17447,1,870200,2110,0.24,2180,0.25,-870,-0.10,595410,148.85
1975,多頭進場,2023-12-08 03:20,L_Cmd,17404,1,870200,2110,0.24,2180,0.25,-870,-0.10,595410,148.85
1976,多頭出場,2023-12-08 09:10,L_Exit_Add,17465,1,871300,1910,0.22,1980,0.23,-270,-0.03,597340,149.34
1976,多頭進場,2023-12-08 08:50,L_Add,17426,1,871300,1910,0.22,1980,0.23,-270,-0.03,597340,149.34
1977,多頭出場,2023-12-08 09:10,L_Exit_Add,17465,1,871500,1710,0.20,1780,0.20,-220,-0.03,599070,149.77
1977,多頭進場,2023-12-08 08:55,L_Add,17430,1,871500,1710,0.20,1780,0.20,-220,-0.03,599070,149.77
1978,多頭出場,2023-12-08 09:20,L_Exit,17430,1,873200,-1740,-0.20,280,0.03,-1720,-0.20,597330,149.33
1978,多頭進場,2023-12-08 09:15,L_Cmd,17464,1,873200,-1740,-0.20,280,0.03,-1720,-0.20,597330,149.33
1979,多頭出場,2023-12-08 12:55,Trend Rev,17387,1,871000,-1690,-0.19,480,0.06,-1820,-0.21,595640,148.91
1979,多頭進場,2023-12-08 11:15,L_Cmd,17420,1,871000,-1690,-0.19,480,0.06,-1820,-0.21,595640,148.91
1980,多頭出場,2023-12-08 23:35,Trend Rev,17379,1,869550,-640,-0.07,130,0.01,-670,-0.08,595000,148.75
1980,多頭進場,2023-12-08 23:25,L_Cmd,17391,1,869550,-640,-0.07,130,0.01,-670,-0.08,595000,148.75
1981,多頭出場,2023-12-09 00:20,Trend Rev,17378,1,870350,-1490,-0.17,130,0.01,-1570,-0.18,593510,148.38
1981,多頭進場,2023-12-09 00:00,L_Cmd,17407,1,870350,-1490,-0.17,130,0.01,-1570,-0.18,593510,148.38
1982,多頭出場,2023-12-11 08:45,L_Exit,17456,1,870750,2010,0.23,2080,0.24,-370,-0.04,595520,148.88
1982,多頭進場,2023-12-09 03:45,L_Cmd,17415,1,870750,2010,0.23,2080,0.24,-370,-0.04,595520,148.88
1983,多頭出場,2023-12-11 09:00,L_Exit,17408,1,871700,-1340,-0.15,130,0.01,-1320,-0.15,594180,148.54
1983,多頭進場,2023-12-11 08:50,L_Cmd,17434,1,871700,-1340,-0.15,130,0.01,-1320,-0.15,594180,148.54
1984,多頭出場,2023-12-11 13:15,Trend Rev,17392,1,870400,-840,-0.10,380,0.04,-920,-0.11,593340,148.34
1984,多頭進場,2023-12-11 11:35,L_Cmd,17408,1,870400,-840,-0.10,380,0.04,-920,-0.11,593340,148.34
1985,多頭出場,2023-12-11 23:45,L_Exit,17468,1,871700,1660,0.19,1730,0.20,-220,-0.03,594960,148.74
1985,多頭進場,2023-12-11 22:40,L_Cmd,17434,1,871700,1660,0.19,1730,0.20,-220,-0.03,594960,148.74
1986,多頭出場,2023-12-12 01:50,L_Exit_Add,17483,1,872450,1660,0.19,1730,0.20,-370,-0.04,596600,149.15
1986,多頭進場,2023-12-11 23:00,L_Add,17449,1,872450,1660,0.19,1730,0.20,-370,-0.04,596600,149.15
1987,多頭出場,2023-12-12 02:00,L_Exit_G,17488,1,872850,1510,0.17,1580,0.18,-620,-0.07,598130,149.53
1987,多頭進場,2023-12-11 23:15,L_Add,17457,1,872850,1510,0.17,1580,0.18,-620,-0.07,598130,149.53
1988,多頭出場,2023-12-12 02:05,L_Exit_Add,17492,1,873350,1210,0.14,1280,0.15,-770,-0.09,599360,149.84
1988,多頭進場,2023-12-11 23:50,L_Add,17467,1,873350,1210,0.14,1280,0.15,-770,-0.09,599360,149.84
1989,多頭出場,2023-12-12 02:25,L_Exit_Add,17501,1,873600,1410,0.16,1480,0.17,-1020,-0.12,600790,150.20
1989,多頭進場,2023-12-11 23:55,L_G_進,17472,1,873600,1410,0.16,1480,0.17,-1020,-0.12,600790,150.20
1990,多頭出場,2023-12-12 09:00,L_BE,17529,1,876450,-40,0.00,780,0.09,-170,-0.02,600730,150.18
1990,多頭進場,2023-12-12 08:50,L_Cmd,17529,1,876450,-40,0.00,780,0.09,-170,-0.02,600730,150.18
1991,多頭出場,2023-12-12 09:05,L_Exit_Add,17504,1,877150,-1990,-0.23,80,0.01,-1970,-0.22,598760,149.69
1991,多頭進場,2023-12-12 08:55,L_Add,17543,1,877150,-1990,-0.23,80,0.01,-1970,-0.22,598760,149.69
1992,多頭出場,2023-12-12 21:30,L_Exit_Add,17473,1,874350,-740,-0.08,830,0.09,-720,-0.08,598000,149.50
1992,多頭進場,2023-12-12 21:10,L_Cmd,17487,1,874350,-740,-0.08,830,0.09,-720,-0.08,598000,149.50
1993,多頭出場,2023-12-12 21:30,L_Exit,17471,1,875000,-1490,-0.17,180,0.02,-1470,-0.17,596530,149.13
1993,多頭進場,2023-12-12 21:30,L_Add,17500,1,875000,-1490,-0.17,180,0.02,-1470,-0.17,596530,149.13
1994,多頭出場,2023-12-13 00:10,Trend Rev,17455,1,872950,-240,-0.03,230,0.03,-270,-0.03,596290,149.07
1994,多頭進場,2023-12-13 00:00,L_Cmd,17459,1,872950,-240,-0.03,230,0.03,-270,-0.03,596290,149.07
1995,多頭出場,2023-12-13 08:45,L_Exit,17513,1,873550,2060,0.24,2130,0.24,-70,-0.01,598330,149.58
1995,多頭進場,2023-12-13 03:05,L_Cmd,17471,1,873550,2060,0.24,2130,0.24,-70,-0.01,598330,149.58
1996,多頭出場,2023-12-13 08:45,L_Exit_Add,17513,1,874250,1360,0.16,1430,0.16,-220,-0.03,599710,149.93
1996,多頭進場,2023-12-13 04:00,L_Add,17485,1,874250,1360,0.16,1430,0.16,-220,-0.03,599710,149.93
1997,多頭出場,2023-12-13 09:45,L_Exit,17485,1,875850,-1640,-0.19,80,0.01,-1620,-0.18,598070,149.52
1997,多頭進場,2023-12-13 09:30,L_Cmd,17517,1,875850,-1640,-0.19,80,0.01,-1620,-0.18,598070,149.52
1998,多頭出場,2023-12-14 00:05,L_Exit,17457,1,873700,-890,-0.10,430,0.05,-870,-0.10,597180,149.29
1998,多頭進場,2023-12-13 21:55,L_Cmd,17474,1,873700,-890,-0.10,430,0.05,-870,-0.10,597180,149.29
1999,多頭出場,2023-12-14 03:40,L_Exit,17544,1,873650,3510,0.40,3580,0.41,-920,-0.11,600630,150.16
1999,多頭進場,2023-12-14 03:05,L_Cmd,17473,1,873650,3510,0.40,3580,0.41,-920,-0.11,600630,150.16
2000,多頭出場,2023-12-14 03:40,L_Exit_G,17544,1,875100,2060,0.24,2130,0.24,-1220,-0.14,602710,150.68
2000,多頭進場,2023-12-14 03:20,L_Add,17502,1,875100,2060,0.24,2130,0.24,-1220,-0.14,602710,150.68
2001,多頭出場,2023-12-14 03:55,L_Exit_Add,17566,1,875600,2660,0.30,2730,0.31,-120,-0.01,605350,151.34
2001,多頭進場,2023-12-14 03:35,L_Add,17512,1,875600,2660,0.30,2730,0.31,-120,-0.01,605350,151.34
2002,多頭出場,2023-12-14 04:05,L_Exit_Add,17585,1,876050,3160,0.36,3230,0.37,-70,-0.01,608510,152.13
2002,多頭進場,2023-12-14 03:40,L_G_進,17521,1,876050,3160,0.36,3230,0.37,-70,-0.01,608510,152.13
2003,多頭出場,2023-12-14 04:05,L_Exit_G,17585,1,877250,1960,0.22,2030,0.23,-120,-0.01,610490,152.62
2003,多頭進場,2023-12-14 03:45,L_Add,17545,1,877250,1960,0.22,2030,0.23,-120,-0.01,610490,152.62
2004,多頭出場,2023-12-14 04:05,L_Exit_G,17585,1,877550,1660,0.19,1730,0.20,-320,-0.04,612170,153.04
2004,多頭進場,2023-12-14 03:50,L_G_進,17551,1,877550,1660,0.19,1730,0.20,-320,-0.04,612170,153.04
2005,多頭出場,2023-12-14 08:45,L_Exit_Add,17635,1,878200,3510,0.40,3580,0.41,-2070,-0.24,615700,153.93
2005,多頭進場,2023-12-14 04:00,L_G_進,17564,1,878200,3510,0.40,3580,0.41,-2070,-0.24,615700,153.93
2006,多頭出場,2023-12-14 23:55,L_Exit_Add,17724,1,881750,4410,0.50,4480,0.51,-2020,-0.23,620050,155.01
2006,多頭進場,2023-12-14 08:50,L_Cmd,17635,1,881750,4410,0.50,4480,0.51,-2020,-0.23,620050,155.01
2007,多頭出場,2023-12-15 00:10,L_Exit,17736,1,883850,2910,0.33,2980,0.34,-3570,-0.40,622980,155.75
2007,多頭進場,2023-12-14 09:35,L_Add,17677,1,883850,2910,0.33,2980,0.34,-3570,-0.40,622980,155.75
2008,多頭出場,2023-12-15 00:10,L_Exit_G,17736,1,885350,1410,0.16,1480,0.17,-1270,-0.14,624410,156.10
2008,多頭進場,2023-12-14 22:55,L_Add,17707,1,885350,1410,0.16,1480,0.17,-1270,-0.14,624410,156.10
2009,多頭出場,2023-12-15 08:45,L_Exit_Add,17773,1,885650,2960,0.33,3030,0.34,-1670,-0.19,627390,156.85
2009,多頭進場,2023-12-14 23:00,L_G_進,17713,1,885650,2960,0.33,3030,0.34,-1670,-0.19,627390,156.85
2010,多頭出場,2023-12-15 09:30,L_Exit,17720,1,887450,-1490,-0.17,480,0.05,-1470,-0.17,625900,156.48
2010,多頭進場,2023-12-15 08:50,L_Cmd,17749,1,887450,-1490,-0.17,480,0.05,-1470,-0.17,625900,156.48
2011,多頭出場,2023-12-15 23:20,Trend Rev,17684,1,884600,-440,-0.05,80,0.01,-470,-0.05,625460,156.37
2011,多頭進場,2023-12-15 23:15,L_Cmd,17692,1,884600,-440,-0.05,80,0.01,-470,-0.05,625460,156.37
2012,多頭出場,2023-12-16 00:10,Trend Rev,17690,1,885300,-840,-0.09,0,0.00,-970,-0.11,624620,156.16
2012,多頭進場,2023-12-15 23:55,L_Cmd,17706,1,885300,-840,-0.09,0,0.00,-970,-0.11,624620,156.16
2013,多頭出場,2023-12-18 13:35,Trend Rev,17654,1,882750,-90,-0.01,330,0.04,-370,-0.04,624530,156.13
2013,多頭進場,2023-12-18 13:05,L_Cmd,17655,1,882750,-90,-0.01,330,0.04,-370,-0.04,624530,156.13
2014,多頭出場,2023-12-19 08:45,L_Exit,17595,1,880900,-1190,-0.14,1180,0.13,-1170,-0.13,623340,155.83
2014,多頭進場,2023-12-19 03:25,L_Cmd,17618,1,880900,-1190,-0.14,1180,0.13,-1170,-0.13,623340,155.83
2015,空頭出場,2023-12-19 13:10,S_Exit,17566,1,876500,-1840,-0.21,1230,0.14,-1820,-0.21,621500,155.38
2015,空頭進場,2023-12-19 10:15,S_Cmd,17530,1,876500,-1840,-0.21,1230,0.14,-1820,-0.21,621500,155.38
2016,多頭出場,2023-12-20 00:30,L_Exit,17578,1,879850,-990,-0.11,0,0.00,-970,-0.11,620510,155.13
2016,多頭進場,2023-12-20 00:10,L_Cmd,17597,1,879850,-990,-0.11,0,0.00,-970,-0.11,620510,155.13
2017,多頭出場,2023-12-20 10:15,L_Exit,17602,1,881900,-1840,-0.21,630,0.07,-1820,-0.21,618670,154.67
2017,多頭進場,2023-12-20 09:50,L_Cmd,17638,1,881900,-1840,-0.21,630,0.07,-1820,-0.21,618670,154.67
2018,多頭出場,2023-12-20 19:00,L_Exit,17632,1,883000,-1440,-0.16,1130,0.13,-1420,-0.16,617230,154.31
2018,多頭進場,2023-12-20 13:05,L_Cmd,17660,1,883000,-1440,-0.16,1130,0.13,-1420,-0.16,617230,154.31
2019,空頭出場,2023-12-21 04:50,S_Exit,17408,1,873350,2910,0.33,2980,0.34,-1270,-0.15,620120,155.03
2019,空頭進場,2023-12-21 04:05,S_Cmd,17467,1,873350,2910,0.33,2980,0.34,-1270,-0.15,620120,155.03
2020,空頭出場,2023-12-21 04:55,S_Exit_Add,17378,1,871900,2960,0.34,3030,0.35,-570,-0.07,623100,155.78
2020,空頭進場,2023-12-21 04:50,S_Add,17438,1,871900,2960,0.34,3030,0.35,-570,-0.07,623100,155.78
2021,多頭出場,2023-12-21 23:00,L_Exit,17578,1,880150,-1290,-0.15,80,0.01,-1270,-0.14,621810,155.45
2021,多頭進場,2023-12-21 22:35,L_Cmd,17603,1,880150,-1290,-0.15,80,0.01,-1270,-0.14,621810,155.45
2022,多頭出場,2023-12-22 11:45,Trend Rev,17552,1,879200,-1640,-0.19,630,0.07,-1820,-0.21,620170,155.04
2022,多頭進場,2023-12-22 09:40,L_Cmd,17584,1,879200,-1640,-0.19,630,0.07,-1820,-0.21,620170,155.04
2023,多頭出場,2023-12-22 21:30,L_Exit,17582,1,879800,-740,-0.08,480,0.05,-720,-0.08,619430,154.86
2023,多頭進場,2023-12-22 21:25,L_Cmd,17596,1,879800,-740,-0.08,480,0.05,-720,-0.08,619430,154.86
2024,多頭出場,2023-12-23 00:00,L_Exit,17600,1,881250,-1290,-0.15,130,0.01,-1270,-0.14,618140,154.54
2024,多頭進場,2023-12-22 22:45,L_Cmd,17625,1,881250,-1290,-0.15,130,0.01,-1270,-0.14,618140,154.54
2025,多頭出場,2023-12-23 01:05,L_Exit,17589,1,880750,-1340,-0.15,230,0.03,-1320,-0.15,616800,154.20
2025,多頭進場,2023-12-23 00:30,L_Cmd,17615,1,880750,-1340,-0.15,230,0.03,-1320,-0.15,616800,154.20
2026,多頭出場,2023-12-25 23:50,L_Exit,17648,1,881800,560,0.06,630,0.07,-170,-0.02,617300,154.32
2026,多頭進場,2023-12-25 21:05,L_Cmd,17636,1,881800,560,0.06,630,0.07,-170,-0.02,617300,154.32
2027,多頭出場,2023-12-26 00:00,L_Exit_Add,17652,1,882050,510,0.06,580,0.07,-70,-0.01,617830,154.46
2027,多頭進場,2023-12-25 23:30,L_Add,17641,1,882050,510,0.06,580,0.07,-70,-0.01,617830,154.46
2028,多頭出場,2023-12-26 00:00,L_Exit_Add,17652,1,882150,410,0.05,480,0.05,-20,0.00,618260,154.57
2028,多頭進場,2023-12-25 23:40,L_Add,17643,1,882150,410,0.05,480,0.05,-20,0.00,618260,154.57
2029,多頭出場,2023-12-26 00:35,L_Exit_G,17653,1,882450,160,0.02,230,0.03,-120,-0.01,618420,154.60
2029,多頭進場,2023-12-25 23:50,L_G_進,17649,1,882450,160,0.02,230,0.03,-120,-0.01,618420,154.60
2030,多頭出場,2023-12-26 01:35,L_Exit_Add,17640,1,882700,-740,-0.08,230,0.03,-720,-0.08,617700,154.42
2030,多頭進場,2023-12-26 00:35,L_Add,17654,1,882700,-740,-0.08,230,0.03,-720,-0.08,617700,154.42
2031,多頭出場,2023-12-26 09:15,L_Exit,17684,1,882400,1760,0.20,1830,0.21,-770,-0.09,619460,154.87
2031,多頭進場,2023-12-26 08:50,L_Cmd,17648,1,882400,1760,0.20,1830,0.21,-770,-0.09,619460,154.87
2032,多頭出場,2023-12-27 00:05,Trend Rev,17713,1,886550,-940,-0.11,1080,0.12,-1220,-0.14,618520,154.63
2032,多頭進場,2023-12-26 11:15,L_Cmd,17731,1,886550,-940,-0.11,1080,0.12,-1220,-0.14,618520,154.63
2033,多頭出場,2023-12-27 09:00,L_Exit,17769,1,887000,1410,0.16,1480,0.17,-170,-0.02,619930,154.98
2033,多頭進場,2023-12-27 03:05,L_Cmd,17740,1,887000,1410,0.16,1480,0.17,-170,-0.02,619930,154.98
2034,多頭出場,2023-12-27 09:20,L_Exit,17812,1,888350,2210,0.25,2280,0.26,-320,-0.04,622100,155.53
2034,多頭進場,2023-12-27 09:05,L_Cmd,17767,1,888350,2210,0.25,2280,0.26,-320,-0.04,622100,155.53
2035,多頭出場,2023-12-27 10:05,L_Exit_Add,17836,1,889600,2160,0.24,2230,0.25,-320,-0.04,624240,156.06
2035,多頭進場,2023-12-27 09:15,L_Add,17792,1,889600,2160,0.24,2230,0.25,-320,-0.04,624240,156.06
2036,多頭出場,2023-12-27 10:05,L_Exit_Add,17836,1,889750,2010,0.23,2080,0.23,-120,-0.01,626270,156.57
2036,多頭進場,2023-12-27 09:20,L_Add,17795,1,889750,2010,0.23,2080,0.23,-120,-0.01,626270,156.57
2037,多頭出場,2023-12-27 10:05,L_Exit_G,17836,1,890900,860,0.10,930,0.10,-1270,-0.14,627150,156.79
2037,多頭進場,2023-12-27 09:30,L_Add,17818,1,890900,860,0.10,930,0.10,-1270,-0.14,627150,156.79
2038,多頭出場,2023-12-27 13:00,L_Exit_Add,17852,1,890950,1610,0.18,1680,0.19,-170,-0.02,628740,157.19
2038,多頭進場,2023-12-27 10:05,L_G_進,17819,1,890950,1610,0.18,1680,0.19,-170,-0.02,628740,157.19
2039,多頭出場,2023-12-27 13:10,L_Exit_Add,17863,1,891850,1260,0.14,1330,0.15,-620,-0.07,630020,157.51
2039,多頭進場,2023-12-27 10:10,L_Add,17837,1,891850,1260,0.14,1330,0.15,-620,-0.07,630020,157.51
2040,多頭出場,2023-12-27 22:55,L_Exit_Add,17879,1,892450,1460,0.16,1530,0.17,-1070,-0.12,631460,157.87
2040,多頭進場,2023-12-27 13:00,L_Add,17849,1,892450,1460,0.16,1530,0.17,-1070,-0.12,631460,157.87
2041,多頭出場,2023-12-27 23:10,L_Exit_Add,17845,1,893350,-1140,-0.13,680,0.08,-1120,-0.13,630340,157.59
2041,多頭進場,2023-12-27 22:50,L_Add,17867,1,893350,-1140,-0.13,680,0.08,-1120,-0.13,630340,157.59
2042,多頭出場,2023-12-27 23:10,L_Exit_Add,17833,1,893950,-2340,-0.26,80,0.01,-2320,-0.26,628020,157.01
2042,多頭進場,2023-12-27 22:55,L_Add,17879,1,893950,-2340,-0.26,80,0.01,-2320,-0.26,628020,157.01
2043,多頭出場,2023-12-28 09:10,L_Exit,17855,1,894050,-1340,-0.15,180,0.02,-1320,-0.15,626680,156.67
2043,多頭進場,2023-12-28 09:05,L_Cmd,17881,1,894050,-1340,-0.15,180,0.02,-1320,-0.15,626680,156.67
2044,多頭出場,2023-12-28 20:55,Trend Rev,17855,1,893050,-340,-0.04,480,0.05,-520,-0.06,626340,156.59
2044,多頭進場,2023-12-28 11:35,L_Cmd,17861,1,893050,-340,-0.04,480,0.05,-520,-0.06,626340,156.59
2045,多頭出場,2023-12-29 00:30,Trend Rev,17855,1,892800,-90,-0.01,680,0.08,-170,-0.02,626250,156.56
2045,多頭進場,2023-12-28 23:35,L_Cmd,17856,1,892800,-90,-0.01,680,0.08,-170,-0.02,626250,156.56
2046,多頭出場,2023-12-29 10:15,Trend Rev,17848,1,893300,-940,-0.11,1680,0.19,-1220,-0.14,625290,156.32
2046,多頭進場,2023-12-29 09:55,L_Cmd,17866,1,893300,-940,-0.11,1680,0.19,-1220,-0.14,625290,156.32
2047,多頭出場,2023-12-29 10:15,Trend Rev,17848,1,894650,-2290,-0.26,280,0.03,-2570,-0.29,623020,155.76
2047,多頭進場,2023-12-29 10:05,L_Add,17893,1,894650,-2290,-0.26,280,0.03,-2570,-0.29,623020,155.76
2048,多頭出場,2023-12-29 17:50,Trend Rev,17857,1,893950,-1140,-0.13,330,0.04,-1220,-0.14,621880,155.47
2048,多頭進場,2023-12-29 12:35,L_Cmd,17879,1,893950,-1140,-0.13,330,0.04,-1220,-0.14,621880,155.47
2049,多頭出場,2023-12-29 23:35,Trend Rev,17864,1,893650,-490,-0.05,280,0.03,-670,-0.07,621390,155.35
2049,多頭進場,2023-12-29 22:50,L_Cmd,17873,1,893650,-490,-0.05,280,0.03,-670,-0.07,621390,155.35
2050,多頭出場,2024-01-02 09:05,L_BE,17846,1,892300,-40,0.00,3680,0.41,-70,-0.01,621290,155.32
2050,多頭進場,2024-01-02 08:50,L_Cmd,17846,1,892300,-40,0.00,3680,0.41,-70,-0.01,621290,155.32
2051,多頭出場,2024-01-02 09:05,L_Exit_Add,17835,1,894450,-2740,-0.31,1530,0.17,-2720,-0.30,618570,154.64
2051,多頭進場,2024-01-02 08:55,L_Add,17889,1,894450,-2740,-0.31,1530,0.17,-2720,-0.30,618570,154.64
2052,多頭出場,2024-01-02 09:05,L_Exit_Add,17832,1,894300,-2740,-0.31,1680,0.19,-2720,-0.30,615850,153.96
2052,多頭進場,2024-01-02 09:00,L_Add,17886,1,894300,-2740,-0.31,1680,0.19,-2720,-0.30,615850,153.96
2053,多頭出場,2024-01-02 09:15,L_G_Cut,17819,1,895650,-4740,-0.53,80,0.01,-5120,-0.57,611130,152.78
2053,多頭進場,2024-01-02 09:05,L_G_進,17913,1,895650,-4740,-0.53,80,0.01,-5120,-0.57,611130,152.78
2054,空頭出場,2024-01-02 23:25,S_Exit,17683,1,885400,1210,0.14,1280,0.14,-1020,-0.12,612320,153.08
2054,空頭進場,2024-01-02 22:35,S_Cmd,17708,1,885400,1210,0.14,1280,0.14,-1020,-0.12,612320,153.08
2055,空頭出場,2024-01-03 03:50,S_Exit_Add,17659,1,884450,1460,0.17,1530,0.17,-1970,-0.22,613780,153.45
2055,空頭進場,2024-01-02 22:50,S_Add,17689,1,884450,1460,0.17,1530,0.17,-1970,-0.22,613780,153.45
2056,空頭出場,2024-01-03 08:45,S_Exit_Add,17636,1,883450,1610,0.18,1680,0.19,-870,-0.10,615410,153.85
2056,空頭進場,2024-01-03 03:05,S_Add,17669,1,883450,1610,0.18,1680,0.19,-870,-0.10,615410,153.85
2057,空頭出場,2024-01-03 09:00,S_Exit,17613,1,882200,1510,0.17,1580,0.18,-320,-0.04,616920,154.23
2057,空頭進場,2024-01-03 08:50,S_Cmd,17644,1,882200,1510,0.17,1580,0.18,-320,-0.04,616920,154.23
2058,空頭出場,2024-01-03 10:20,S_Exit,17551,1,880100,2510,0.29,2580,0.29,-820,-0.09,619410,154.85
2058,空頭進場,2024-01-03 09:25,S_Cmd,17602,1,880100,2510,0.29,2580,0.29,-820,-0.09,619410,154.85
2059,空頭出場,2024-01-03 10:50,S_Exit_Add,17522,1,878700,2560,0.29,2630,0.30,-370,-0.04,621970,155.49
2059,空頭進場,2024-01-03 10:10,S_Add,17574,1,878700,2560,0.29,2630,0.30,-370,-0.04,621970,155.49
2060,空頭出場,2024-01-03 12:35,S_Exit_Add,17576,1,876900,-1940,-0.22,1480,0.17,-1920,-0.22,620030,155.01
2060,空頭進場,2024-01-03 10:30,S_Add,17538,1,876900,-1940,-0.22,1480,0.17,-1920,-0.22,620030,155.01
2061,空頭出場,2024-01-03 20:35,S_Exit_Add,17480,1,875450,1410,0.16,1480,0.17,-3670,-0.42,621460,155.37
2061,空頭進場,2024-01-03 11:30,S_Add,17509,1,875450,1410,0.16,1480,0.17,-3670,-0.42,621460,155.37
2062,空頭出場,2024-01-04 23:15,Trend Rev,17573,1,877650,-1040,-0.12,730,0.08,-1020,-0.12,620420,155.11
2062,空頭進場,2024-01-04 22:05,S_Cmd,17553,1,877650,-1040,-0.12,730,0.08,-1020,-0.12,620420,155.11
2063,空頭出場,2024-01-05 11:20,S_Exit,17554,1,875200,-2540,-0.29,280,0.03,-2520,-0.29,617880,154.47
2063,空頭進場,2024-01-05 10:05,S_Cmd,17504,1,875200,-2540,-0.29,280,0.03,-2520,-0.29,617880,154.47
2064,空頭出場,2024-01-06 04:50,Trend Rev,17540,1,876200,-840,-0.10,530,0.06,-820,-0.09,617040,154.26
2064,空頭進場,2024-01-06 03:55,S_Cmd,17524,1,876200,-840,-0.10,530,0.06,-820,-0.09,617040,154.26
2065,多頭出場,2024-01-08 23:45,L_Exit,17702,1,882550,2510,0.28,2580,0.29,-370,-0.04,619490,154.87
2065,多頭進場,2024-01-08 23:00,L_Cmd,17651,1,882550,2510,0.28,2580,0.29,-370,-0.04,619490,154.87
2066,多頭出場,2024-01-09 00:55,L_Exit_G,17713,1,883650,1960,0.22,2030,0.23,-20,0.00,621470,155.37
2066,多頭進場,2024-01-08 23:30,L_Add,17673,1,883650,1960,0.22,2030,0.23,-20,0.00,621470,155.37
2067,多頭出場,2024-01-09 01:00,L_Exit_Add,17710,1,884300,1160,0.13,1380,0.16,-270,-0.03,622630,155.66
2067,多頭進場,2024-01-08 23:35,L_Add,17686,1,884300,1160,0.13,1380,0.16,-270,-0.03,622630,155.66
2068,多頭出場,2024-01-09 01:35,L_Exit_Add,17723,1,884600,1510,0.17,1580,0.18,-570,-0.06,624160,156.04
2068,多頭進場,2024-01-08 23:45,L_G_進,17692,1,884600,1510,0.17,1580,0.18,-570,-0.06,624160,156.04
2069,多頭出場,2024-01-09 03:05,L_Exit_Add,17740,1,885550,1410,0.16,1680,0.19,-570,-0.06,625570,156.39
2069,多頭進場,2024-01-09 01:00,L_Add,17711,1,885550,1410,0.16,1680,0.19,-570,-0.06,625570,156.39
2070,多頭出場,2024-01-09 03:50,L_Exit_Add,17769,1,887000,1410,0.16,1480,0.17,-170,-0.02,626980,156.75
2070,多頭進場,2024-01-09 03:05,L_Add,17740,1,887000,1410,0.16,1480,0.17,-170,-0.02,626980,156.75
2071,多頭出場,2024-01-09 08:50,L_Exit_Add,17725,1,888150,-1940,-0.22,930,0.10,-1920,-0.22,625060,156.27
2071,多頭進場,2024-01-09 03:45,L_Add,17763,1,888150,-1940,-0.22,930,0.10,-1920,-0.22,625060,156.27
2072,空頭出場,2024-01-09 15:00,S_Exit,17501,1,878050,2960,0.34,3030,0.35,-870,-0.10,628020,157.01
2072,空頭進場,2024-01-09 12:25,S_Cmd,17561,1,878050,2960,0.34,3030,0.35,-870,-0.10,628020,157.01
2073,空頭出場,2024-01-09 23:15,S_Exit,17478,1,872600,-1340,-0.15,980,0.11,-1320,-0.15,626680,156.67
2073,空頭進場,2024-01-09 22:40,S_Cmd,17452,1,872600,-1340,-0.15,980,0.11,-1320,-0.15,626680,156.67
2074,空頭出場,2024-01-10 09:10,S_Exit,17484,1,872200,-2040,-0.23,280,0.03,-2020,-0.23,624640,156.16
2074,空頭進場,2024-01-10 09:05,S_Cmd,17444,1,872200,-2040,-0.23,280,0.03,-2020,-0.23,624640,156.16
2075,空頭出場,2024-01-10 23:30,S_Exit,17483,1,872600,-1590,-0.18,330,0.04,-1570,-0.18,623050,155.76
2075,空頭進場,2024-01-10 23:05,S_Cmd,17452,1,872600,-1590,-0.18,330,0.04,-1570,-0.18,623050,155.76
2076,空頭出場,2024-01-11 08:45,S_Exit,17489,1,872900,-1590,-0.18,580,0.07,-1570,-0.18,621460,155.37
2076,空頭進場,2024-01-11 04:25,S_Cmd,17458,1,872900,-1590,-0.18,580,0.07,-1570,-0.18,621460,155.37
2077,空頭出場,2024-01-12 00:15,S_Exit,17401,1,873350,3260,0.37,3330,0.38,-620,-0.07,624680,156.17
2077,空頭進場,2024-01-11 23:05,S_Cmd,17467,1,873350,3260,0.37,3330,0.38,-620,-0.07,624680,156.17
2078,空頭出場,2024-01-12 03:35,S_Exit_Add,17482,1,871450,-2690,-0.31,1630,0.19,-2670,-0.31,622010,155.50
2078,空頭進場,2024-01-12 00:05,S_Add,17429,1,871450,-2690,-0.31,1630,0.19,-2670,-0.31,622010,155.50
2079,空頭出場,2024-01-12 03:50,Trend Rev,17486,1,870050,-4290,-0.49,230,0.03,-4470,-0.51,617740,154.44
2079,空頭進場,2024-01-12 00:15,S_Add,17401,1,870050,-4290,-0.49,230,0.03,-4470,-0.51,617740,154.44
2080,空頭出場,2024-01-12 15:35,S_Exit,17453,1,874550,1860,0.21,1930,0.22,-1370,-0.16,619600,154.90
2080,空頭進場,2024-01-12 12:55,S_Cmd,17491,1,874550,1860,0.21,1930,0.22,-1370,-0.16,619600,154.90
2081,空頭出場,2024-01-13 00:00,Trend Rev,17479,1,873650,-340,-0.04,530,0.06,-320,-0.04,619260,154.82
2081,空頭進場,2024-01-12 23:50,S_Cmd,17473,1,873650,-340,-0.04,530,0.06,-320,-0.04,619260,154.82
2082,多頭出場,2024-01-15 13:00,L_Exit,17579,1,881950,-3040,-0.34,380,0.04,-3020,-0.34,616220,154.06
2082,多頭進場,2024-01-15 11:20,L_Cmd,17639,1,881950,-3040,-0.34,380,0.04,-3020,-0.34,616220,154.06
2083,多頭出場,2024-01-16 04:15,L_Exit,17574,1,878000,660,0.08,730,0.08,-120,-0.01,616880,154.22
2083,多頭進場,2024-01-16 03:50,L_Cmd,17560,1,878000,660,0.08,730,0.08,-120,-0.01,616880,154.22
2084,空頭出場,2024-01-16 13:30,S_Exit,17338,1,869050,2110,0.24,2180,0.25,-770,-0.09,618990,154.75
2084,空頭進場,2024-01-16 12:50,S_Cmd,17381,1,869050,2110,0.24,2180,0.25,-770,-0.09,618990,154.75
2085,空頭出場,2024-01-16 18:05,S_Exit,17323,1,868250,2060,0.24,2130,0.25,-670,-0.08,621050,155.26
2085,空頭進場,2024-01-16 15:00,S_Cmd,17365,1,868250,2060,0.24,2130,0.25,-670,-0.08,621050,155.26
2086,空頭出場,2024-01-16 22:55,S_Exit,17359,1,866750,-1240,-0.14,230,0.03,-1220,-0.14,619810,154.95
2086,空頭進場,2024-01-16 22:45,S_Cmd,17335,1,866750,-1240,-0.14,230,0.03,-1220,-0.14,619810,154.95
2087,空頭出場,2024-01-17 04:55,S_Exit,17356,1,866750,-1090,-0.13,480,0.06,-1070,-0.12,618720,154.68
2087,空頭進場,2024-01-17 03:10,S_Cmd,17335,1,866750,-1090,-0.13,480,0.06,-1070,-0.12,618720,154.68
2088,空頭出場,2024-01-17 09:00,S_Exit,17346,1,866150,-1190,-0.14,0,0.00,-1170,-0.14,617530,154.38
2088,空頭進場,2024-01-17 08:50,S_Cmd,17323,1,866150,-1190,-0.14,0,0.00,-1170,-0.14,617530,154.38
2089,空頭出場,2024-01-17 09:20,S_Exit,17346,1,865800,-1540,-0.18,880,0.10,-1520,-0.18,615990,154.00
2089,空頭進場,2024-01-17 09:10,S_Cmd,17316,1,865800,-1540,-0.18,880,0.10,-1520,-0.18,615990,154.00
2090,空頭出場,2024-01-17 12:00,S_Exit,17234,1,864400,2660,0.31,2730,0.32,-970,-0.11,618630,154.66
2090,空頭進場,2024-01-17 10:15,S_Cmd,17288,1,864400,2660,0.31,2730,0.32,-970,-0.11,618630,154.66
2091,空頭出場,2024-01-17 15:00,S_Exit_Add,17206,1,862450,2110,0.24,2180,0.25,-370,-0.04,620760,155.19
2091,空頭進場,2024-01-17 12:00,S_Add,17249,1,862450,2110,0.24,2180,0.25,-370,-0.04,620760,155.19
2092,多頭出場,2024-01-18 21:30,L_Exit,17404,1,871200,-1040,-0.12,380,0.04,-1020,-0.12,619720,154.93
2092,多頭進場,2024-01-18 21:10,L_Cmd,17424,1,871200,-1040,-0.12,380,0.04,-1020,-0.12,619720,154.93
2093,多頭出場,2024-01-19 00:25,L_Exit,17484,1,871750,2410,0.28,2480,0.28,-620,-0.07,622070,155.52
2093,多頭進場,2024-01-18 22:15,L_Cmd,17435,1,871750,2410,0.28,2480,0.28,-620,-0.07,622070,155.52
2094,多頭出場,2024-01-19 00:30,L_Exit_G,17490,1,872850,1610,0.18,1680,0.19,-370,-0.04,623700,155.93
2094,多頭進場,2024-01-18 23:40,L_Add,17457,1,872850,1610,0.18,1680,0.19,-370,-0.04,623700,155.93
2095,多頭出場,2024-01-19 00:35,L_Exit_Add,17502,1,873600,1460,0.17,1530,0.18,-120,-0.01,625180,156.30
2095,多頭進場,2024-01-19 00:15,L_Add,17472,1,873600,1460,0.17,1530,0.18,-120,-0.01,625180,156.30
2096,多頭出場,2024-01-19 02:00,L_Exit_Add,17444,1,873700,-1540,-0.18,1430,0.16,-1520,-0.17,623640,155.91
2096,多頭進場,2024-01-19 00:20,L_G_進,17474,1,873700,-1540,-0.18,1430,0.16,-1520,-0.17,623640,155.91
2097,多頭出場,2024-01-19 04:50,L_Exit_Add,17512,1,874900,660,0.08,730,0.08,-3220,-0.37,624320,156.08
2097,多頭進場,2024-01-19 00:40,L_Add,17498,1,874900,660,0.08,730,0.08,-3220,-0.37,624320,156.08
2098,多頭出場,2024-01-19 12:15,L_Exit_Add,17682,1,878950,5110,0.58,5180,0.59,-1770,-0.20,629370,157.34
2098,多頭進場,2024-01-19 10:00,L_Cmd,17579,1,878950,5110,0.58,5180,0.59,-1770,-0.20,629370,157.34
2099,多頭出場,2024-01-19 12:15,L_Exit_G,17682,1,881300,2760,0.31,2830,0.32,-170,-0.02,632150,158.04
2099,多頭進場,2024-01-19 11:45,L_Add,17626,1,881300,2760,0.31,2830,0.32,-170,-0.02,632150,158.04
2100,多頭出場,2024-01-19 15:00,L_Exit,17688,1,882250,2110,0.24,2180,0.25,-170,-0.02,634280,158.57
2100,多頭進場,2024-01-19 12:05,L_Add,17645,1,882250,2110,0.24,2180,0.25,-170,-0.02,634280,158.57
2101,多頭出場,2024-01-19 15:15,L_Exit_Add,17711,1,883100,2410,0.27,2480,0.28,-270,-0.03,636710,159.18
2101,多頭進場,2024-01-19 12:15,L_G_進,17662,1,883100,2410,0.27,2480,0.28,-270,-0.03,636710,159.18
2102,多頭出場,2024-01-22 10:30,L_Exit,17778,1,891600,-2740,-0.31,530,0.06,-2720,-0.31,633970,158.49
2102,多頭進場,2024-01-22 09:25,L_Cmd,17832,1,891600,-2740,-0.31,530,0.06,-2720,-0.31,633970,158.49
2103,多頭出場,2024-01-22 21:45,Trend Rev,17786,1,890050,-790,-0.09,1230,0.14,-1420,-0.16,633180,158.30
2103,多頭進場,2024-01-22 12:25,L_Cmd,17801,1,890050,-790,-0.09,1230,0.14,-1420,-0.16,633180,158.30
2104,多頭出場,2024-01-22 22:40,L_Exit,17791,1,891000,-1490,-0.17,630,0.07,-1470,-0.16,631690,157.92
2104,多頭進場,2024-01-22 22:35,L_Cmd,17820,1,891000,-1490,-0.17,630,0.07,-1470,-0.16,631690,157.92
2105,多頭出場,2024-01-23 03:15,Trend Rev,17786,1,889700,-440,-0.05,0,0.00,-420,-0.05,631250,157.81
2105,多頭進場,2024-01-23 03:10,L_Cmd,17794,1,889700,-440,-0.05,0,0.00,-420,-0.05,631250,157.81
2106,多頭出場,2024-01-23 04:50,Trend Rev,17793,1,889750,-140,-0.02,530,0.06,-320,-0.04,631110,157.78
2106,多頭進場,2024-01-23 04:00,L_Cmd,17795,1,889750,-140,-0.02,530,0.06,-320,-0.04,631110,157.78
2107,多頭出場,2024-01-23 09:00,L_Exit,17867,1,890600,2710,0.30,2780,0.31,-20,0.00,633800,158.45
2107,多頭進場,2024-01-23 08:50,L_Cmd,17812,1,890600,2710,0.30,2780,0.31,-20,0.00,633800,158.45
2108,多頭出場,2024-01-23 15:00,L_Exit_Add,17893,1,892200,2410,0.27,2480,0.28,-1420,-0.16,636190,159.05
2108,多頭進場,2024-01-23 09:00,L_Add,17844,1,892200,2410,0.27,2480,0.28,-1420,-0.16,636190,159.05
2109,多頭出場,2024-01-23 15:30,L_Exit_Add,17912,1,893300,2260,0.25,2330,0.26,-2520,-0.28,638470,159.62
2109,多頭進場,2024-01-23 09:05,L_Add,17866,1,893300,2260,0.25,2330,0.26,-2520,-0.28,638470,159.62
2110,多頭出場,2024-01-23 16:00,L_Exit_Add,17913,1,893700,1910,0.21,1980,0.22,-520,-0.06,640400,160.10
2110,多頭進場,2024-01-23 13:30,L_Add,17874,1,893700,1910,0.21,1980,0.22,-520,-0.06,640400,160.10
2111,多頭出場,2024-01-23 23:50,L_Exit,17878,1,894750,-890,-0.10,1130,0.13,-870,-0.10,639470,159.87
2111,多頭進場,2024-01-23 21:05,L_Cmd,17895,1,894750,-890,-0.10,1130,0.13,-870,-0.10,639470,159.87
2112,多頭出場,2024-01-23 23:55,Trend Rev,17876,1,895500,-1740,-0.19,380,0.04,-1870,-0.21,637750,159.44
2112,多頭進場,2024-01-23 21:40,L_Add,17910,1,895500,-1740,-0.19,380,0.04,-1870,-0.21,637750,159.44
2113,多頭出場,2024-01-23 23:55,Trend Rev,17876,1,895750,-1990,-0.22,80,0.01,-2120,-0.24,635780,158.95
2113,多頭進場,2024-01-23 23:15,L_Add,17915,1,895750,-1990,-0.22,80,0.01,-2120,-0.24,635780,158.95
2114,多頭出場,2024-01-24 08:45,L_Exit,17902,1,896300,-1240,-0.14,480,0.05,-1220,-0.14,634540,158.64
2114,多頭進場,2024-01-24 03:45,L_Cmd,17926,1,896300,-1240,-0.14,480,0.05,-1220,-0.14,634540,158.64
2115,多頭出場,2024-01-24 13:05,Trend Rev,17907,1,896100,-790,-0.09,880,0.10,-1470,-0.16,633750,158.44
2115,多頭進場,2024-01-24 09:40,L_Cmd,17922,1,896100,-790,-0.09,880,0.10,-1470,-0.16,633750,158.44
2116,多頭出場,2024-01-24 23:00,L_Exit,17956,1,898650,-890,-0.10,830,0.09,-870,-0.10,632840,158.21
2116,多頭進場,2024-01-24 21:05,L_Cmd,17973,1,898650,-890,-0.10,830,0.09,-870,-0.10,632840,158.21
2117,多頭出場,2024-01-24 23:35,L_Exit_Add,18040,1,899250,2710,0.30,2780,0.31,-1570,-0.17,635510,158.88
2117,多頭進場,2024-01-24 22:30,L_Add,17985,1,899250,2710,0.30,2780,0.31,-1570,-0.17,635510,158.88
2118,多頭出場,2024-01-24 23:35,L_Exit_Add,18040,1,899950,2010,0.22,2080,0.23,-270,-0.03,637540,159.39
2118,多頭進場,2024-01-24 23:20,L_Add,17999,1,899950,2010,0.22,2080,0.23,-270,-0.03,637540,159.39
2119,多頭出場,2024-01-24 23:40,L_Exit_G,18055,1,900600,2110,0.23,2180,0.24,-270,-0.03,639650,159.91
2119,多頭進場,2024-01-24 23:30,L_Add,18012,1,900600,2110,0.23,2180,0.24,-270,-0.03,639650,159.91
2120,多頭出場,2024-01-25 01:35,L_Exit_Add,18063,1,901250,1860,0.21,1930,0.21,-570,-0.06,641510,160.38
2120,多頭進場,2024-01-24 23:35,L_G_進,18025,1,901250,1860,0.21,1930,0.21,-570,-0.06,641510,160.38
2121,多頭出場,2024-01-25 03:20,L_Exit_Add,17992,1,902050,-2490,-0.28,2380,0.26,-2470,-0.27,639040,159.76
2121,多頭進場,2024-01-24 23:40,L_Add,18041,1,902050,-2490,-0.28,2380,0.26,-2470,-0.27,639040,159.76
2122,多頭出場,2024-01-25 03:25,Trend Rev,17988,1,902800,-3440,-0.38,1630,0.18,-3620,-0.40,635620,158.91
2122,多頭進場,2024-01-24 23:45,L_Add,18056,1,902800,-3440,-0.38,1630,0.18,-3620,-0.40,635620,158.91
2123,多頭出場,2024-01-25 11:45,Trend Rev,17988,1,899700,-340,-0.04,830,0.09,-420,-0.05,635280,158.82
2123,多頭進場,2024-01-25 11:30,L_Cmd,17994,1,899700,-340,-0.04,830,0.09,-420,-0.05,635280,158.82
2124,多頭出場,2024-01-25 23:35,Trend Rev,18035,1,902950,-1240,-0.14,980,0.11,-1270,-0.14,634040,158.51
2124,多頭進場,2024-01-25 21:35,L_Cmd,18059,1,902950,-1240,-0.14,980,0.11,-1270,-0.14,634040,158.51
2125,多頭出場,2024-01-26 22:50,L_Exit,18022,1,902650,-1590,-0.18,30,0.00,-1570,-0.17,632450,158.11
2125,多頭進場,2024-01-26 21:50,L_Cmd,18053,1,902650,-1590,-0.18,30,0.00,-1570,-0.17,632450,158.11
2126,多頭出場,2024-01-27 01:40,Trend Rev,18017,1,901850,-1040,-0.12,1180,0.13,-1220,-0.14,631410,157.85
2126,多頭進場,2024-01-26 23:40,L_Cmd,18037,1,901850,-1040,-0.12,1180,0.13,-1220,-0.14,631410,157.85
2127,多頭出場,2024-01-27 04:40,Trend Rev,18021,1,901650,-640,-0.07,380,0.04,-720,-0.08,630770,157.69
2127,多頭進場,2024-01-27 03:45,L_Cmd,18033,1,901650,-640,-0.07,380,0.04,-720,-0.08,630770,157.69
2128,多頭出場,2024-01-29 10:00,L_Exit,18119,1,902300,3610,0.40,3680,0.41,-570,-0.06,634320,158.58
2128,多頭進場,2024-01-29 09:25,L_Cmd,18046,1,902300,3610,0.40,3680,0.41,-570,-0.06,634320,158.58
2129,多頭出場,2024-01-29 10:00,L_Exit_G,18119,1,903700,2210,0.24,2280,0.25,-420,-0.05,636550,159.14
2129,多頭進場,2024-01-29 09:45,L_Add,18074,1,903700,2210,0.24,2280,0.25,-420,-0.05,636550,159.14
2130,多頭出場,2024-01-29 12:40,L_Exit_Add,18122,1,904400,1660,0.18,1730,0.19,-570,-0.06,638210,159.55
2130,多頭進場,2024-01-29 09:55,L_Add,18088,1,904400,1660,0.18,1730,0.19,-570,-0.06,638210,159.55
2131,多頭出場,2024-01-29 13:25,L_Exit_Add,18129,1,905100,1310,0.14,1380,0.15,-1270,-0.14,639540,159.89
2131,多頭進場,2024-01-29 10:00,L_G_進,18102,1,905100,1310,0.14,1380,0.15,-1270,-0.14,639540,159.89
2132,多頭出場,2024-01-29 22:35,Trend Rev,18118,1,906150,-290,-0.03,1480,0.16,-920,-0.10,639270,159.82
2132,多頭進場,2024-01-29 12:40,L_Add,18123,1,906150,-290,-0.03,1480,0.16,-920,-0.10,639270,159.82
2133,多頭出場,2024-01-30 10:05,Trend Rev,18103,1,905950,-840,-0.09,430,0.05,-1170,-0.13,638430,159.61
2133,多頭進場,2024-01-30 09:40,L_Cmd,18119,1,905950,-840,-0.09,430,0.05,-1170,-0.13,638430,159.61
2134,空頭出場,2024-01-31 16:20,S_Exit,17971,1,896150,-2440,-0.27,930,0.10,-2420,-0.27,635990,159.00
2134,空頭進場,2024-01-31 10:05,S_Cmd,17923,1,896150,-2440,-0.27,930,0.10,-2420,-0.27,635990,159.00
2135,多頭出場,2024-01-31 22:30,L_Exit,18015,1,899150,1560,0.17,1630,0.18,-470,-0.05,637550,159.39
2135,多頭進場,2024-01-31 21:20,L_Cmd,17983,1,899150,1560,0.17,1630,0.18,-470,-0.05,637550,159.39
2136,多頭出場,2024-01-31 23:40,L_Exit,17983,1,900600,-1490,-0.17,130,0.01,-1470,-0.16,636060,159.01
2136,多頭進場,2024-01-31 22:35,L_Cmd,18012,1,900600,-1490,-0.17,130,0.01,-1470,-0.16,636060,159.01
2137,多頭出場,2024-02-01 04:00,L_Exit,17954,1,900400,-2740,-0.30,1730,0.19,-2720,-0.30,633320,158.33
2137,多頭進場,2024-02-01 03:40,L_Cmd,18008,1,900400,-2740,-0.30,1730,0.19,-2720,-0.30,633320,158.33
2138,多頭出場,2024-02-01 15:05,L_Exit,17952,1,899450,-1890,-0.21,0,0.00,-1870,-0.21,631430,157.86
2138,多頭進場,2024-02-01 13:45,L_Cmd,17989,1,899450,-1890,-0.21,0,0.00,-1870,-0.21,631430,157.86
2139,多頭出場,2024-02-01 23:00,L_Exit,18015,1,902100,-1390,-0.15,0,0.00,-1370,-0.15,630040,157.51
2139,多頭進場,2024-02-01 22:45,L_Cmd,18042,1,902100,-1390,-0.15,0,0.00,-1370,-0.15,630040,157.51
2140,多頭出場,2024-02-02 09:00,L_Exit,18042,1,903600,-1540,-0.17,80,0.01,-1520,-0.17,628500,157.13
2140,多頭進場,2024-02-02 08:50,L_Cmd,18072,1,903600,-1540,-0.17,80,0.01,-1520,-0.17,628500,157.13
2141,多頭出場,2024-02-02 21:20,Trend Rev,18064,1,903800,-640,-0.07,680,0.08,-1220,-0.13,627860,156.97
2141,多頭進場,2024-02-02 10:40,L_Cmd,18076,1,903800,-640,-0.07,680,0.08,-1220,-0.13,627860,156.97
2142,多頭出場,2024-02-05 08:45,L_Exit_Add,18014,1,902050,-1390,-0.15,1130,0.13,-1370,-0.15,626450,156.61
2142,多頭進場,2024-02-03 03:05,L_Cmd,18041,1,902050,-1390,-0.15,1130,0.13,-1370,-0.15,626450,156.61
2143,多頭出場,2024-02-05 08:45,L_Exit,18013,1,903000,-2390,-0.26,180,0.02,-2370,-0.26,624080,156.02
2143,多頭進場,2024-02-03 03:40,L_Add,18060,1,903000,-2390,-0.26,180,0.02,-2370,-0.26,624080,156.02
2144,多頭出場,2024-02-05 21:10,Trend Rev,18075,1,902150,1560,0.17,2930,0.32,-420,-0.05,625600,156.40
2144,多頭進場,2024-02-05 10:10,L_Cmd,18043,1,902150,1560,0.17,2930,0.32,-420,-0.05,625600,156.40
2145,多頭出場,2024-02-05 21:10,Trend Rev,18075,1,904000,-290,-0.03,1080,0.12,-1020,-0.11,625330,156.33
2145,多頭進場,2024-02-05 10:35,L_Add,18080,1,904000,-290,-0.03,1080,0.12,-1020,-0.11,625330,156.33
2146,多頭出場,2024-02-05 21:10,Trend Rev,18075,1,904850,-1140,-0.13,230,0.03,-1570,-0.17,624210,156.05
2146,多頭進場,2024-02-05 12:05,L_Add,18097,1,904850,-1140,-0.13,230,0.03,-1570,-0.17,624210,156.05
2147,多頭出場,2024-02-15 08:45,L_Exit,18584,1,904550,24610,2.72,24680,2.73,-970,-0.11,648820,162.21
2147,多頭進場,2024-02-06 03:45,L_Cmd,18091,1,904550,24610,2.72,24680,2.73,-970,-0.11,648820,162.21
2148,多頭出場,2024-02-15 16:25,L_Exit_Add,18719,1,927650,8260,0.89,8330,0.90,-120,-0.01,657040,164.26
2148,多頭進場,2024-02-15 08:50,L_Cmd,18553,1,927650,8260,0.89,8330,0.90,-120,-0.01,657040,164.26
2149,多頭出場,2024-02-16 10:05,Trend Rev,18678,1,931800,2060,0.22,4530,0.49,-4020,-0.43,659120,164.78
2149,多頭進場,2024-02-15 09:00,L_Add,18636,1,931800,2060,0.22,4530,0.49,-4020,-0.43,659120,164.78
2150,多頭出場,2024-02-16 10:05,Trend Rev,18678,1,934100,-240,-0.03,2230,0.24,-2470,-0.26,658900,164.73
2150,多頭進場,2024-02-15 11:20,L_Add,18682,1,934100,-240,-0.03,2230,0.24,-2470,-0.26,658900,164.73
2151,多頭出場,2024-02-17 00:05,Trend Rev,18660,1,933100,-140,-0.02,330,0.04,-370,-0.04,658760,164.69
2151,多頭進場,2024-02-16 23:40,L_Cmd,18662,1,933100,-140,-0.02,330,0.04,-370,-0.04,658760,164.69
2152,多頭出場,2024-02-19 09:35,Trend Rev,18657,1,933250,-440,-0.05,780,0.08,-820,-0.09,658320,164.58
2152,多頭進場,2024-02-19 09:10,L_Cmd,18665,1,933250,-440,-0.05,780,0.08,-820,-0.09,658320,164.58
2153,多頭出場,2024-02-19 10:15,Trend Rev,18651,1,933100,-590,-0.06,480,0.05,-620,-0.07,657730,164.43
2153,多頭進場,2024-02-19 10:00,L_Cmd,18662,1,933100,-590,-0.06,480,0.05,-620,-0.07,657730,164.43
2154,多頭出場,2024-02-19 15:20,Trend Rev,18662,1,933100,-40,0.00,1280,0.14,-370,-0.04,657690,164.42
2154,多頭進場,2024-02-19 11:25,L_Cmd,18662,1,933100,-40,0.00,1280,0.14,-370,-0.04,657690,164.42
2155,多頭出場,2024-02-19 22:30,L_Exit,18675,1,933150,560,0.06,630,0.07,-70,-0.01,658230,164.56
2155,多頭進場,2024-02-19 21:55,L_Cmd,18663,1,933150,560,0.06,630,0.07,-70,-0.01,658230,164.56
2156,多頭出場,2024-02-20 01:10,Trend Rev,18664,1,933550,-390,-0.04,230,0.02,-470,-0.05,657860,164.47
2156,多頭進場,2024-02-19 22:15,L_Add,18671,1,933550,-390,-0.04,230,0.02,-470,-0.05,657860,164.47
2157,多頭出場,2024-02-20 13:30,L_Exit,18752,1,933850,3710,0.40,3780,0.40,-370,-0.04,661510,165.38
2157,多頭進場,2024-02-20 09:20,L_Cmd,18677,1,933850,3710,0.40,3780,0.40,-370,-0.04,661510,165.38
2158,多頭出場,2024-02-20 13:30,L_Exit_G,18752,1,936300,1260,0.13,1330,0.14,-1970,-0.21,662790,165.70
2158,多頭進場,2024-02-20 09:40,L_Add,18726,1,936300,1260,0.13,1330,0.14,-1970,-0.21,662790,165.70
2159,多頭出場,2024-02-20 15:05,L_Exit_Add,18788,1,936450,2910,0.31,2980,0.32,-1520,-0.16,665720,166.43
2159,多頭進場,2024-02-20 11:20,L_Add,18729,1,936450,2910,0.31,2980,0.32,-1520,-0.16,665720,166.43
2160,多頭出場,2024-02-20 15:05,L_Exit_Add,18788,1,937000,2360,0.25,2430,0.26,-120,-0.01,668100,167.03
2160,多頭進場,2024-02-20 13:30,L_G_進,18740,1,937000,2360,0.25,2430,0.26,-120,-0.01,668100,167.03
2161,多頭出場,2024-02-22 00:20,Trend Rev,18699,1,934900,10,0.00,80,0.01,-270,-0.03,668110,167.03
2161,多頭進場,2024-02-22 00:15,L_Cmd,18698,1,934900,10,0.00,80,0.01,-270,-0.03,668110,167.03
2162,多頭出場,2024-02-22 15:00,L_Exit,18912,1,942250,3310,0.35,3380,0.36,-220,-0.02,671380,167.85
2162,多頭進場,2024-02-22 12:20,L_Cmd,18845,1,942250,3310,0.35,3380,0.36,-220,-0.02,671380,167.85
2163,多頭出場,2024-02-22 15:50,L_Exit_Add,18922,1,943950,2110,0.22,2180,0.23,-370,-0.04,673510,168.38
2163,多頭進場,2024-02-22 13:15,L_Add,18879,1,943950,2110,0.22,2180,0.23,-370,-0.04,673510,168.38
2164,多頭出場,2024-02-22 16:15,L_Exit_Add,18935,1,944500,2210,0.23,2280,0.24,-120,-0.01,675740,168.94
2164,多頭進場,2024-02-22 15:00,L_Add,18890,1,944500,2210,0.23,2280,0.24,-120,-0.01,675740,168.94
2165,多頭出場,2024-02-22 23:00,L_Exit,18942,1,948250,-1190,-0.13,530,0.06,-1170,-0.12,674550,168.64
2165,多頭進場,2024-02-22 22:40,L_Cmd,18965,1,948250,-1190,-0.13,530,0.06,-1170,-0.12,674550,168.64
2166,多頭出場,2024-02-23 12:25,Trend Rev,18954,1,948450,-790,-0.08,1480,0.16,-870,-0.09,673760,168.44
2166,多頭進場,2024-02-23 11:15,L_Cmd,18969,1,948450,-790,-0.08,1480,0.16,-870,-0.09,673760,168.44
2167,多頭出場,2024-02-23 22:55,Trend Rev,18919,1,946300,-390,-0.04,1030,0.11,-420,-0.04,673330,168.33
2167,多頭進場,2024-02-23 21:20,L_Cmd,18926,1,946300,-390,-0.04,1030,0.11,-420,-0.04,673330,168.33
2168,多頭出場,2024-02-23 22:55,Trend Rev,18919,1,946900,-990,-0.10,430,0.05,-1020,-0.11,672360,168.09
2168,多頭進場,2024-02-23 22:20,L_Add,18938,1,946900,-990,-0.10,430,0.05,-1020,-0.11,672360,168.09
2169,多頭出場,2024-02-23 22:55,Trend Rev,18919,1,947250,-1340,-0.14,30,0.00,-1370,-0.14,671040,167.76
2169,多頭進場,2024-02-23 22:35,L_Add,18945,1,947250,-1340,-0.14,30,0.00,-1370,-0.14,671040,167.76
2170,多頭出場,2024-02-24 01:30,Trend Rev,18918,1,946250,-390,-0.04,430,0.05,-520,-0.05,670650,167.66
2170,多頭進場,2024-02-24 01:00,L_Cmd,18925,1,946250,-390,-0.04,430,0.05,-520,-0.05,670650,167.66
2171,多頭出場,2024-02-26 10:10,Trend Rev,18916,1,946700,-940,-0.10,680,0.07,-1020,-0.11,669710,167.43
2171,多頭進場,2024-02-26 09:35,L_Cmd,18934,1,946700,-940,-0.10,680,0.07,-1020,-0.11,669710,167.43
2172,多頭出場,2024-02-26 23:00,Trend Rev,18964,1,949050,-890,-0.09,680,0.07,-1270,-0.13,668820,167.21
2172,多頭進場,2024-02-26 13:10,L_Cmd,18981,1,949050,-890,-0.09,680,0.07,-1270,-0.13,668820,167.21
2173,多頭出場,2024-02-27 08:45,Trend Rev,18955,1,948500,-790,-0.08,830,0.09,-770,-0.08,668030,167.01
2173,多頭進場,2024-02-27 03:10,L_Cmd,18970,1,948500,-790,-0.08,830,0.09,-770,-0.08,668030,167.01
2174,多頭出場,2024-02-27 09:45,L_Exit,18968,1,950000,-1640,-0.17,930,0.10,-1620,-0.17,666390,166.60
2174,多頭進場,2024-02-27 09:05,L_Cmd,19000,1,950000,-1640,-0.17,930,0.10,-1620,-0.17,666390,166.60
2175,多頭出場,2024-02-29 10:35,Trend Rev,18891,1,944900,-390,-0.04,30,0.00,-770,-0.08,666000,166.50
2175,多頭進場,2024-02-29 10:30,L_Cmd,18898,1,944900,-390,-0.04,30,0.00,-770,-0.08,666000,166.50
2176,多頭出場,2024-02-29 13:00,L_Exit,18994,1,946250,3410,0.36,3480,0.37,-70,-0.01,669390,167.35
2176,多頭進場,2024-02-29 12:35,L_Cmd,18925,1,946250,3410,0.36,3480,0.37,-70,-0.01,669390,167.35
2177,多頭出場,2024-02-29 20:20,Trend Rev,18921,1,947600,-1590,-0.17,2230,0.24,-1720,-0.18,667800,166.95
2177,多頭進場,2024-02-29 12:55,L_Add,18952,1,947600,-1590,-0.17,2230,0.24,-1720,-0.18,667800,166.95
2178,多頭出場,2024-02-29 20:20,Trend Rev,18921,1,949300,-3290,-0.35,530,0.06,-3420,-0.36,664530,166.13
2178,多頭進場,2024-02-29 13:05,L_Add,18986,1,949300,-3290,-0.35,530,0.06,-3420,-0.36,664530,166.13
2179,多頭出場,2024-03-01 00:30,Trend Rev,18938,1,948350,-1490,-0.16,1630,0.17,-1520,-0.16,663040,165.76
2179,多頭進場,2024-02-29 21:40,L_Cmd,18967,1,948350,-1490,-0.16,1630,0.17,-1520,-0.16,663040,165.76
2180,多頭出場,2024-03-01 04:10,L_Exit,18948,1,948400,-1040,-0.11,180,0.02,-1020,-0.11,662000,165.50
2180,多頭進場,2024-03-01 03:15,L_Cmd,18968,1,948400,-1040,-0.11,180,0.02,-1020,-0.11,662000,165.50
2181,多頭出場,2024-03-01 09:20,L_Exit,18955,1,949100,-1390,-0.15,1680,0.18,-1370,-0.14,660590,165.15
2181,多頭進場,2024-03-01 08:50,L_Cmd,18982,1,949100,-1390,-0.15,1680,0.18,-1370,-0.14,660590,165.15
2182,多頭出場,2024-03-01 09:20,L_Exit_Add,18949,1,950350,-2940,-0.31,130,0.01,-2920,-0.31,657670,164.42
2182,多頭進場,2024-03-01 09:05,L_Add,19007,1,950350,-2940,-0.31,130,0.01,-2920,-0.31,657670,164.42
2183,多頭出場,2024-03-01 21:25,Trend Rev,18950,1,947750,-290,-0.03,130,0.01,-270,-0.03,657380,164.35
2183,多頭進場,2024-03-01 21:15,L_Cmd,18955,1,947750,-290,-0.03,130,0.01,-270,-0.03,657380,164.35
2184,多頭出場,2024-03-01 22:35,L_Exit,18988,1,947750,1610,0.17,1680,0.18,-220,-0.02,658970,164.74
2184,多頭進場,2024-03-01 22:25,L_Cmd,18955,1,947750,1610,0.17,1680,0.18,-220,-0.02,658970,164.74
2185,多頭出場,2024-03-01 23:15,L_Exit_Add,19036,1,949400,2360,0.25,2430,0.26,-1020,-0.11,661310,165.33
2185,多頭進場,2024-03-01 22:35,L_Add,18988,1,949400,2360,0.25,2430,0.26,-1020,-0.11,661310,165.33
2186,多頭出場,2024-03-02 00:00,L_Exit_Add,19086,1,950450,3810,0.40,3880,0.41,-20,0.00,665100,166.28
2186,多頭進場,2024-03-01 23:10,L_Add,19009,1,950450,3810,0.40,3880,0.41,-20,0.00,665100,166.28
2187,多頭出場,2024-03-02 00:00,L_Exit_Add,19086,1,950850,3410,0.36,3480,0.37,-120,-0.01,668530,167.13
2187,多頭進場,2024-03-01 23:15,L_Add,19017,1,950850,3410,0.36,3480,0.37,-120,-0.01,668530,167.13
2188,多頭出場,2024-03-02 00:00,L_Exit_G,19086,1,952000,2260,0.24,2330,0.24,-1020,-0.11,670810,167.70
2188,多頭進場,2024-03-01 23:25,L_Add,19040,1,952000,2260,0.24,2330,0.24,-1020,-0.11,670810,167.70
2189,多頭出場,2024-03-02 00:15,L_Exit_Add,19095,1,951900,2810,0.30,2880,0.30,-920,-0.10,673600,168.40
2189,多頭進場,2024-03-01 23:30,L_G_進,19038,1,951900,2810,0.30,2880,0.30,-920,-0.10,673600,168.40
2190,多頭出場,2024-03-02 02:05,L_Exit_Add,19148,1,954350,3010,0.32,3080,0.32,-920,-0.10,676630,169.16
2190,多頭進場,2024-03-02 00:05,L_Add,19087,1,954350,3010,0.32,3080,0.32,-920,-0.10,676630,169.16
2191,多頭出場,2024-03-02 02:05,L_Exit_Add,19148,1,954000,3360,0.35,3430,0.36,-420,-0.04,680010,170.00
2191,多頭進場,2024-03-02 00:10,L_Add,19080,1,954000,3360,0.35,3430,0.36,-420,-0.04,680010,170.00
2192,多頭出場,2024-03-04 09:40,L_Exit,19260,1,958550,4410,0.46,4480,0.47,-1170,-0.12,684360,171.09
2192,多頭進場,2024-03-04 08:55,L_Cmd,19171,1,958550,4410,0.46,4480,0.47,-1170,-0.12,684360,171.09
2193,多頭出場,2024-03-04 09:45,L_Exit_G,19283,1,960550,3560,0.37,3630,0.38,-720,-0.07,687920,171.98
2193,多頭進場,2024-03-04 09:25,L_Add,19211,1,960550,3560,0.37,3630,0.38,-720,-0.07,687920,171.98
2194,多頭出場,2024-03-04 09:55,L_Exit_Add,19292,1,961350,3210,0.33,3280,0.34,-20,0.00,691150,172.79
2194,多頭進場,2024-03-04 09:35,L_Add,19227,1,961350,3210,0.33,3280,0.34,-20,0.00,691150,172.79
2195,多頭出場,2024-03-04 09:55,L_Exit_G,19292,1,963000,1560,0.16,1630,0.17,-570,-0.06,692730,173.18
2195,多頭進場,2024-03-04 09:40,L_G_進,19260,1,963000,1560,0.16,1630,0.17,-570,-0.06,692730,173.18
2196,多頭出場,2024-03-04 10:45,L_Exit_Add,19297,1,963450,1360,0.14,1430,0.15,-870,-0.09,694090,173.52
2196,多頭進場,2024-03-04 09:45,L_G_進,19269,1,963450,1360,0.14,1430,0.15,-870,-0.09,694090,173.52
2197,多頭出場,2024-03-04 17:50,L_Exit_Add,19372,1,964900,3660,0.38,3730,0.39,-870,-0.09,697750,174.44
2197,多頭進場,2024-03-04 10:45,L_Add,19298,1,964900,3660,0.38,3730,0.39,-870,-0.09,697750,174.44
2198,多頭出場,2024-03-04 21:05,L_Exit_Add,19356,1,966400,1360,0.14,2280,0.24,-2370,-0.25,699110,174.78
2198,多頭進場,2024-03-04 10:50,L_Add,19328,1,966400,1360,0.14,2280,0.24,-2370,-0.25,699110,174.78
2199,多頭出場,2024-03-04 22:30,L_Exit_Add,19325,1,967850,-1640,-0.17,780,0.08,-1620,-0.17,697490,174.37
2199,多頭進場,2024-03-04 21:05,L_Add,19357,1,967850,-1640,-0.17,780,0.08,-1620,-0.17,697490,174.37
2200,多頭出場,2024-03-05 02:20,L_Exit,19354,1,969600,-1940,-0.20,2230,0.23,-1920,-0.20,695530,173.88
2200,多頭進場,2024-03-04 23:25,L_Cmd,19392,1,969600,-1940,-0.20,2230,0.23,-1920,-0.20,695530,173.88
2201,多頭出場,2024-03-05 02:25,Trend Rev,19351,1,971000,-3490,-0.36,830,0.09,-3520,-0.36,692060,173.02
2201,多頭進場,2024-03-04 23:40,L_Add,19420,1,971000,-3490,-0.36,830,0.09,-3520,-0.36,692060,173.02
2202,多頭出場,2024-03-05 08:45,L_Exit_Add,19358,1,969250,-1390,-0.14,1330,0.14,-1370,-0.14,690650,172.66
2202,多頭進場,2024-03-05 03:20,L_Cmd,19385,1,969250,-1390,-0.14,1330,0.14,-1370,-0.14,690650,172.66
2203,多頭出場,2024-03-05 08:45,L_Exit,19355,1,970500,-2790,-0.29,30,0.00,-2770,-0.29,687880,171.97
2203,多頭進場,2024-03-05 03:40,L_Add,19410,1,970500,-2790,-0.29,30,0.00,-2770,-0.29,687880,171.97
2204,多頭出場,2024-03-05 10:50,Trend Rev,19365,1,969450,-1240,-0.13,1230,0.13,-1320,-0.14,686640,171.66
2204,多頭進場,2024-03-05 10:00,L_Cmd,19389,1,969450,-1240,-0.13,1230,0.13,-1320,-0.14,686640,171.66
2205,多頭出場,2024-03-06 09:50,L_Exit,19398,1,965400,4460,0.46,4530,0.47,-320,-0.03,691060,172.77
2205,多頭進場,2024-03-06 09:05,L_Cmd,19308,1,965400,4460,0.46,4530,0.47,-320,-0.03,691060,172.77
2206,多頭出場,2024-03-06 10:35,L_Exit_Add,19418,1,967300,3560,0.37,3630,0.38,-670,-0.07,694620,173.66
2206,多頭進場,2024-03-06 09:35,L_Add,19346,1,967300,3560,0.37,3630,0.38,-670,-0.07,694620,173.66
2207,多頭出場,2024-03-06 11:25,L_Exit_Add,19466,1,969250,4010,0.41,4080,0.42,-520,-0.05,698610,174.65
2207,多頭進場,2024-03-06 09:50,L_Add,19385,1,969250,4010,0.41,4080,0.42,-520,-0.05,698610,174.65
2208,多頭出場,2024-03-06 11:25,L_Exit_G,19466,1,970450,2810,0.29,2880,0.30,-1720,-0.18,701440,175.36
2208,多頭進場,2024-03-06 10:00,L_Add,19409,1,970450,2810,0.29,2880,0.30,-1720,-0.18,701440,175.36
2209,多頭出場,2024-03-06 11:55,L_Exit_Add,19468,1,971450,1910,0.20,2130,0.22,-920,-0.09,703350,175.84
2209,多頭進場,2024-03-06 10:45,L_Add,19429,1,971450,1910,0.20,2130,0.22,-920,-0.09,703350,175.84
2210,多頭出場,2024-03-06 11:55,L_Exit_Add,19493,1,972100,2510,0.26,2580,0.27,-220,-0.02,705880,176.47
2210,多頭進場,2024-03-06 11:10,L_G_進,19442,1,972100,2510,0.26,2580,0.27,-220,-0.02,705880,176.47
2211,多頭出場,2024-03-06 16:20,L_Exit_Add,19545,1,973450,3760,0.39,3830,0.39,-920,-0.09,709640,177.41
2211,多頭進場,2024-03-06 11:55,L_Add,19469,1,973450,3760,0.39,3830,0.39,-920,-0.09,709640,177.41
2212,多頭出場,2024-03-06 17:35,L_Exit_Add,19570,1,975200,3260,0.33,3330,0.34,-2670,-0.27,712920,178.23
2212,多頭進場,2024-03-06 12:05,L_Add,19504,1,975200,3260,0.33,3330,0.34,-2670,-0.27,712920,178.23
2213,多頭出場,2024-03-06 23:05,L_Exit,19584,1,980700,-1540,-0.16,1480,0.15,-1520,-0.15,711360,177.84
2213,多頭進場,2024-03-06 22:35,L_Cmd,19614,1,980700,-1540,-0.16,1480,0.15,-1520,-0.15,711360,177.84
2214,多頭出場,2024-03-07 00:30,L_Exit_Add,19704,1,982050,3110,0.32,3180,0.32,-2920,-0.30,714430,178.61
2214,多頭進場,2024-03-06 22:45,L_Add,19641,1,982050,3110,0.32,3180,0.32,-2920,-0.30,714430,178.61
2215,多頭出場,2024-03-07 00:55,L_Exit_Add,19742,1,983250,3810,0.39,3880,0.39,-320,-0.03,718240,179.56
2215,多頭進場,2024-03-06 23:55,L_Add,19665,1,983250,3810,0.39,3880,0.39,-320,-0.03,718240,179.56
2216,多頭出場,2024-03-07 00:55,L_Exit_Add,19742,1,983800,3260,0.33,3330,0.34,-170,-0.02,721520,180.38
2216,多頭進場,2024-03-07 00:10,L_Add,19676,1,983800,3260,0.33,3330,0.34,-170,-0.02,721520,180.38
2217,多頭出場,2024-03-07 00:55,L_Exit_G,19742,1,984600,2460,0.25,2530,0.26,-970,-0.10,724000,181.00
2217,多頭進場,2024-03-07 00:20,L_G_進,19692,1,984600,2460,0.25,2530,0.26,-970,-0.10,724000,181.00
2218,多頭出場,2024-03-07 01:00,L_Exit_G,19745,1,986000,1210,0.12,1280,0.13,-20,0.00,725230,181.31
2218,多頭進場,2024-03-07 00:55,L_G_進,19720,1,986000,1210,0.12,1280,0.13,-20,0.00,725230,181.31
2219,多頭出場,2024-03-07 10:05,L_Exit,19634,1,985700,-4040,-0.41,1780,0.18,-4020,-0.41,721190,180.30
2219,多頭進場,2024-03-07 09:30,L_Cmd,19714,1,985700,-4040,-0.41,1780,0.18,-4020,-0.41,721190,180.30
2220,多頭出場,2024-03-07 13:25,L_Exit,19708,1,988400,-3040,-0.31,80,0.01,-3020,-0.31,718150,179.54
2220,多頭進場,2024-03-07 13:05,L_Cmd,19768,1,988400,-3040,-0.31,80,0.01,-3020,-0.31,718150,179.54
2221,多頭出場,2024-03-08 02:50,L_Exit,19962,1,993450,4610,0.46,4680,0.47,-370,-0.04,722720,180.68
2221,多頭進場,2024-03-07 23:35,L_Cmd,19869,1,993450,4610,0.46,4680,0.47,-370,-0.04,722720,180.68
2222,多頭出場,2024-03-08 03:05,L_Exit_Add,19956,1,995450,2310,0.23,2780,0.28,-220,-0.02,725030,181.26
2222,多頭進場,2024-03-08 00:25,L_Add,19909,1,995450,2310,0.23,2780,0.28,-220,-0.02,725030,181.26
2223,多頭出場,2024-03-08 03:50,L_Exit_Add,19971,1,996350,2160,0.22,2230,0.22,-1070,-0.11,727210,181.80
2223,多頭進場,2024-03-08 00:50,L_Add,19927,1,996350,2160,0.22,2230,0.22,-1070,-0.11,727210,181.80
2224,多頭出場,2024-03-08 09:35,L_Exit_Add,20008,1,997800,2560,0.26,2630,0.26,-2420,-0.24,729790,182.45
2224,多頭進場,2024-03-08 03:05,L_Add,19956,1,997800,2560,0.26,2630,0.26,-2420,-0.24,729790,182.45
2225,多頭出場,2024-03-09 00:05,Trend Rev,19901,1,996400,-1390,-0.14,3130,0.31,-2220,-0.22,728380,182.10
2225,多頭進場,2024-03-08 21:45,L_Cmd,19928,1,996400,-1390,-0.14,3130,0.31,-2220,-0.22,728380,182.10
2226,多頭出場,2024-03-09 00:05,Trend Rev,19901,1,998650,-3640,-0.36,880,0.09,-3620,-0.36,724760,181.19
2226,多頭進場,2024-03-08 23:05,L_Add,19973,1,998650,-3640,-0.36,880,0.09,-3620,-0.36,724760,181.19
2227,多頭出場,2024-03-11 10:10,L_Exit,19720,1,990900,-4940,-0.50,280,0.03,-4920,-0.50,719820,179.96
2227,多頭進場,2024-03-11 09:35,L_Cmd,19818,1,990900,-4940,-0.50,280,0.03,-4920,-0.50,719820,179.96
2228,多頭出場,2024-03-12 10:15,L_Exit,19825,1,987150,4060,0.41,4130,0.42,-1270,-0.13,723840,180.96
2228,多頭進場,2024-03-12 09:05,L_Cmd,19743,1,987150,4060,0.41,4130,0.42,-1270,-0.13,723840,180.96
2229,多頭出場,2024-03-12 10:50,L_Exit_Add,19885,1,989350,4860,0.49,4930,0.50,-820,-0.08,728680,182.17
2229,多頭進場,2024-03-12 09:25,L_Add,19787,1,989350,4860,0.49,4930,0.50,-820,-0.08,728680,182.17
2230,多頭出場,2024-03-12 10:50,L_Exit_Add,19885,1,989900,4310,0.44,4380,0.44,-1370,-0.14,733010,183.25
2230,多頭進場,2024-03-12 09:30,L_Add,19798,1,989900,4310,0.44,4380,0.44,-1370,-0.14,733010,183.25
2231,多頭出場,2024-03-12 10:50,L_Exit_G,19885,1,991750,2460,0.25,2530,0.26,-220,-0.02,735490,183.87
2231,多頭進場,2024-03-12 10:25,L_Add,19835,1,991750,2460,0.25,2530,0.26,-220,-0.02,735490,183.87
2232,多頭出場,2024-03-12 11:20,L_Exit_Add,19929,1,992500,3910,0.39,3980,0.40,-620,-0.06,739380,184.85
2232,多頭進場,2024-03-12 10:35,L_G_進,19850,1,992500,3910,0.39,3980,0.40,-620,-0.06,739380,184.85
2233,多頭出場,2024-03-12 13:35,L_Exit_Add,19952,1,994600,2960,0.30,3030,0.30,-470,-0.05,742320,185.58
2233,多頭進場,2024-03-12 11:00,L_Add,19892,1,994600,2960,0.30,3030,0.30,-470,-0.05,742320,185.58
2234,多頭出場,2024-03-12 15:00,L_Exit_G,19970,1,995550,2910,0.29,2980,0.30,-820,-0.08,745250,186.31
2234,多頭進場,2024-03-12 11:20,L_Add,19911,1,995550,2910,0.29,2980,0.30,-820,-0.08,745250,186.31
2235,多頭出場,2024-03-12 20:30,L_Exit_Add,19978,1,997150,1710,0.17,1780,0.18,-1170,-0.12,746980,186.75
2235,多頭進場,2024-03-12 13:10,L_Add,19943,1,997150,1710,0.17,1780,0.18,-1170,-0.12,746980,186.75
2236,多頭出場,2024-03-12 21:45,Trend Rev,19886,1,997450,-3190,-0.32,2180,0.22,-3170,-0.32,743810,185.95
2236,多頭進場,2024-03-12 13:35,L_G_進,19949,1,997450,-3190,-0.32,2180,0.22,-3170,-0.32,743810,185.95
2237,多頭出場,2024-03-13 01:10,Trend Rev,19929,1,997800,-1390,-0.14,2380,0.24,-1670,-0.17,742400,185.60
2237,多頭進場,2024-03-12 22:35,L_Cmd,19956,1,997800,-1390,-0.14,2380,0.24,-1670,-0.17,742400,185.60
2238,多頭出場,2024-03-13 01:10,Trend Rev,19929,1,1000150,-3740,-0.37,30,0.00,-4020,-0.40,738680,184.67
2238,多頭進場,2024-03-12 23:35,L_Add,20003,1,1000150,-3740,-0.37,30,0.00,-4020,-0.40,738680,184.67
2239,多頭出場,2024-03-13 08:50,L_Exit,20034,1,998850,2810,0.28,2880,0.29,-220,-0.02,741470,185.37
2239,多頭進場,2024-03-13 03:20,L_Cmd,19977,1,998850,2810,0.28,2880,0.29,-220,-0.02,741470,185.37
2240,多頭出場,2024-03-13 09:00,L_Exit_Add,20059,1,1000800,2110,0.21,2180,0.22,-520,-0.05,743600,185.90
2240,多頭進場,2024-03-13 08:50,L_Add,20016,1,1000800,2110,0.21,2180,0.22,-520,-0.05,743600,185.90
2241,多頭出場,2024-03-13 09:10,L_Exit,20014,1,1002700,-2040,-0.20,480,0.05,-2020,-0.20,741560,185.39
2241,多頭進場,2024-03-13 09:05,L_Cmd,20054,1,1002700,-2040,-0.20,480,0.05,-2020,-0.20,741560,185.39
2242,多頭出場,2024-03-14 09:10,L_Exit,19896,1,996550,-1790,-0.18,880,0.09,-1770,-0.18,739770,184.94
2242,多頭進場,2024-03-14 08:50,L_Cmd,19931,1,996550,-1790,-0.18,880,0.09,-1770,-0.18,739770,184.94
2243,多頭出場,2024-03-14 12:20,Trend Rev,19891,1,996300,-1790,-0.18,2580,0.26,-1970,-0.20,737980,184.50
2243,多頭進場,2024-03-14 09:50,L_Cmd,19926,1,996300,-1790,-0.18,2580,0.26,-1970,-0.20,737980,184.50
2244,空頭出場,2024-03-15 19:50,Trend Rev,19786,1,988400,-940,-0.10,2880,0.29,-3220,-0.33,737040,184.26
2244,空頭進場,2024-03-15 10:45,S_Cmd,19768,1,988400,-940,-0.10,2880,0.29,-3220,-0.33,737040,184.26
2245,空頭出場,2024-03-16 02:00,Trend Rev,19771,1,987800,-790,-0.08,680,0.07,-770,-0.08,736250,184.06
2245,空頭進場,2024-03-16 00:20,S_Cmd,19756,1,987800,-790,-0.08,680,0.07,-770,-0.08,736250,184.06
2246,多頭出場,2024-03-18 13:30,L_Exit_Add,19913,1,990750,4860,0.49,4930,0.50,-570,-0.06,741050,185.26
2246,多頭進場,2024-03-18 10:50,L_Cmd,19815,1,990750,4860,0.49,4930,0.50,-570,-0.06,741050,185.26
2247,多頭出場,2024-03-18 15:00,L_Exit,19917,1,992900,2910,0.29,2980,0.30,-70,-0.01,743980,186.00
2247,多頭進場,2024-03-18 13:00,L_Add,19858,1,992900,2910,0.29,2980,0.30,-70,-0.01,743980,186.00
2248,多頭出場,2024-03-18 15:00,L_Exit_G,19924,1,994450,1710,0.17,1780,0.18,-470,-0.05,745710,186.43
2248,多頭進場,2024-03-18 13:05,L_Add,19889,1,994450,1710,0.17,1780,0.18,-470,-0.05,745710,186.43
2249,多頭出場,2024-03-18 17:00,L_Exit_Add,19948,1,995450,1910,0.19,1980,0.20,-770,-0.08,747640,186.91
2249,多頭進場,2024-03-18 13:25,L_G_進,19909,1,995450,1910,0.19,1980,0.20,-770,-0.08,747640,186.91
2250,多頭出場,2024-03-19 11:50,Trend Rev,19856,1,993900,-1140,-0.11,1630,0.16,-1220,-0.12,746500,186.63
2250,多頭進場,2024-03-19 10:40,L_Cmd,19878,1,993900,-1140,-0.11,1630,0.16,-1220,-0.12,746500,186.63
2251,空頭出場,2024-03-19 23:05,S_Exit,19825,1,989800,-1490,-0.15,380,0.04,-1470,-0.15,745010,186.25
2251,空頭進場,2024-03-19 22:20,S_Cmd,19796,1,989800,-1490,-0.15,380,0.04,-1470,-0.15,745010,186.25
2252,多頭出場,2024-03-20 01:00,L_Exit,19895,1,992300,2410,0.24,2480,0.25,-470,-0.05,747380,186.85
2252,多頭進場,2024-03-20 00:10,L_Cmd,19846,1,992300,2410,0.24,2480,0.25,-470,-0.05,747380,186.85
2253,多頭出場,2024-03-20 08:50,L_Exit_Add,19904,1,993300,1860,0.19,1930,0.19,-520,-0.05,749260,187.32
2253,多頭進場,2024-03-20 00:35,L_Add,19866,1,993300,1860,0.19,1930,0.19,-520,-0.05,749260,187.32
2254,多頭出場,2024-03-20 08:55,L_Exit_Add,19914,1,993850,1810,0.18,1880,0.19,-1070,-0.11,751070,187.77
2254,多頭進場,2024-03-20 00:45,L_Add,19877,1,993850,1810,0.18,1880,0.19,-1070,-0.11,751070,187.77
2255,多頭出場,2024-03-20 09:00,L_Exit_Add,19945,1,995050,2160,0.22,2230,0.22,-120,-0.01,753250,188.31
2255,多頭進場,2024-03-20 08:55,L_Add,19901,1,995050,2160,0.22,2230,0.22,-120,-0.01,753250,188.31
2256,多頭出場,2024-03-20 12:00,Trend Rev,19871,1,995600,-2090,-0.21,780,0.08,-2120,-0.21,751160,187.79
2256,多頭進場,2024-03-20 11:15,L_Cmd,19912,1,995600,-2090,-0.21,780,0.08,-2120,-0.21,751160,187.79
2257,多頭出場,2024-03-21 02:00,L_Exit,19933,1,994350,2260,0.23,2330,0.23,-1220,-0.12,753420,188.36
2257,多頭進場,2024-03-20 21:55,L_Cmd,19887,1,994350,2260,0.23,2330,0.23,-1220,-0.12,753420,188.36
2258,多頭出場,2024-03-21 08:55,L_Exit,20075,1,998600,5110,0.51,5180,0.52,-870,-0.09,758490,189.62
2258,多頭進場,2024-03-21 03:10,L_Cmd,19972,1,998600,5110,0.51,5180,0.52,-870,-0.09,758490,189.62
2259,多頭出場,2024-03-21 10:20,L_Exit_Add,20144,1,1002400,4760,0.47,4830,0.48,-620,-0.06,763230,190.81
2259,多頭進場,2024-03-21 08:50,L_Add,20048,1,1002400,4760,0.47,4830,0.48,-620,-0.06,763230,190.81
2260,多頭出場,2024-03-21 10:20,L_Exit_G,20144,1,1003450,3710,0.37,3780,0.38,-1670,-0.17,766960,191.74
2260,多頭進場,2024-03-21 08:55,L_Add,20069,1,1003450,3710,0.37,3780,0.38,-1670,-0.17,766960,191.74
2261,多頭出場,2024-03-21 10:25,L_Exit_Add,20162,1,1004900,3160,0.31,3230,0.32,-1370,-0.14,770140,192.54
2261,多頭進場,2024-03-21 09:30,L_Add,20098,1,1004900,3160,0.31,3230,0.32,-1370,-0.14,770140,192.54
2262,多頭出場,2024-03-21 10:35,L_Exit_Add,20188,1,1005850,3510,0.35,3580,0.36,-2320,-0.23,773650,193.41
2262,多頭進場,2024-03-21 09:40,L_G_進,20117,1,1005850,3510,0.35,3580,0.36,-2320,-0.23,773650,193.41
2263,多頭出場,2024-03-21 13:05,L_Exit_Add,20237,1,1007850,3960,0.39,4030,0.40,-520,-0.05,777590,194.40
2263,多頭進場,2024-03-21 10:30,L_Add,20157,1,1007850,3960,0.39,4030,0.40,-520,-0.05,777590,194.40
2264,多頭出場,2024-03-21 13:40,L_Exit_Add,20264,1,1010700,2460,0.24,2530,0.25,-1670,-0.17,780070,195.02
2264,多頭進場,2024-03-21 11:10,L_Add,20214,1,1010700,2460,0.24,2530,0.25,-1670,-0.17,780070,195.02
2265,多頭出場,2024-03-21 15:00,L_Exit_Add,20297,1,1011900,2910,0.29,2980,0.29,-520,-0.05,783000,195.75
2265,多頭進場,2024-03-21 13:05,L_Add,20238,1,1011900,2910,0.29,2980,0.29,-520,-0.05,783000,195.75
2266,多頭出場,2024-03-22 01:35,Trend Rev,20215,1,1011800,-1090,-0.11,680,0.07,-1120,-0.11,781910,195.48
2266,多頭進場,2024-03-22 00:25,L_Cmd,20236,1,1011800,-1090,-0.11,680,0.07,-1120,-0.11,781910,195.48
2267,多頭出場,2024-03-22 09:45,L_Exit,20211,1,1012350,-1840,-0.18,1830,0.18,-1820,-0.18,780050,195.01
2267,多頭進場,2024-03-22 09:00,L_Cmd,20247,1,1012350,-1840,-0.18,1830,0.18,-1820,-0.18,780050,195.01
2268,多頭出場,2024-03-22 09:50,Trend Rev,20211,1,1014100,-3590,-0.35,80,0.01,-3620,-0.36,776480,194.12
2268,多頭進場,2024-03-22 09:10,L_Add,20282,1,1014100,-3590,-0.35,80,0.01,-3620,-0.36,776480,194.12
2269,多頭出場,2024-03-22 15:30,Trend Rev,20199,1,1010700,-790,-0.08,1880,0.19,-970,-0.10,775690,193.92
2269,多頭進場,2024-03-22 12:55,L_Cmd,20214,1,1010700,-790,-0.08,1880,0.19,-970,-0.10,775690,193.92
2270,多頭出場,2024-03-22 22:25,Trend Rev,20208,1,1011100,-740,-0.07,1030,0.10,-770,-0.08,774950,193.74
2270,多頭進場,2024-03-22 21:40,L_Cmd,20222,1,1011100,-740,-0.07,1030,0.10,-770,-0.08,774950,193.74
2271,多頭出場,2024-03-23 02:45,Trend Rev,20225,1,1011450,-240,-0.02,1280,0.13,-320,-0.03,774710,193.68
2271,多頭進場,2024-03-22 23:05,L_Cmd,20229,1,1011450,-240,-0.02,1280,0.13,-320,-0.03,774710,193.68
2272,多頭出場,2024-03-25 09:00,L_Exit,20210,1,1011950,-1490,-0.15,330,0.03,-1470,-0.15,773220,193.31
2272,多頭進場,2024-03-25 08:55,L_Cmd,20239,1,1011950,-1490,-0.15,330,0.03,-1470,-0.15,773220,193.31
2273,多頭出場,2024-03-25 09:35,L_Exit,20188,1,1011850,-2490,-0.25,80,0.01,-2470,-0.24,770730,192.68
2273,多頭進場,2024-03-25 09:25,L_Cmd,20237,1,1011850,-2490,-0.25,80,0.01,-2470,-0.24,770730,192.68
2274,多頭出場,2024-03-25 13:30,Trend Rev,20241,1,1011700,310,0.03,3530,0.35,-220,-0.02,771020,192.76
2274,多頭進場,2024-03-25 10:05,L_Cmd,20234,1,1011700,310,0.03,3530,0.35,-220,-0.02,771020,192.76
2275,多頭出場,2024-03-25 13:30,Trend Rev,20241,1,1014200,-2190,-0.22,1030,0.10,-2170,-0.21,768850,192.21
2275,多頭進場,2024-03-25 11:05,L_Add,20284,1,1014200,-2190,-0.22,1030,0.10,-2170,-0.21,768850,192.21
2276,多頭出場,2024-03-26 04:05,Trend Rev,20235,1,1011850,-140,-0.01,2030,0.20,-720,-0.07,768710,192.18
2276,多頭進場,2024-03-25 23:05,L_Cmd,20237,1,1011850,-140,-0.01,2030,0.20,-720,-0.07,768710,192.18
2277,多頭出場,2024-03-26 09:00,L_Exit,20369,1,1014900,3510,0.35,3580,0.35,-620,-0.06,772220,193.06
2277,多頭進場,2024-03-26 08:50,L_Cmd,20298,1,1014900,3510,0.35,3580,0.35,-620,-0.06,772220,193.06
2278,多頭出場,2024-03-26 09:20,L_Exit,20458,1,1017750,5110,0.50,5180,0.51,-20,0.00,777290,194.32
2278,多頭進場,2024-03-26 09:05,L_Cmd,20355,1,1017750,5110,0.50,5180,0.51,-20,0.00,777290,194.32
2279,多頭出場,2024-03-26 09:40,L_Exit_Add,20319,1,1019850,-3940,-0.39,3080,0.30,-3920,-0.38,773370,193.34
2279,多頭進場,2024-03-26 09:15,L_Add,20397,1,1019850,-3940,-0.39,3080,0.30,-3920,-0.38,773370,193.34
2280,多頭出場,2024-03-26 09:40,L_Exit_Add,20300,1,1020800,-5840,-0.57,2130,0.21,-5820,-0.57,767550,191.89
2280,多頭進場,2024-03-26 09:20,L_Add,20416,1,1020800,-5840,-0.57,2130,0.21,-5820,-0.57,767550,191.89
2281,多頭出場,2024-03-26 13:05,Trend Rev,20193,1,1011300,-1690,-0.17,230,0.02,-1770,-0.18,765860,191.47
2281,多頭進場,2024-03-26 13:00,L_Cmd,20226,1,1011300,-1690,-0.17,230,0.02,-1770,-0.18,765860,191.47
2282,多頭出場,2024-03-27 09:00,L_BE,20181,1,1009050,-40,0.00,1930,0.19,-120,-0.01,765800,191.45
2282,多頭進場,2024-03-27 08:50,L_Cmd,20181,1,1009050,-40,0.00,1930,0.19,-120,-0.01,765800,191.45
2283,多頭出場,2024-03-27 09:05,Trend Rev,20163,1,1010050,-1940,-0.19,930,0.09,-2270,-0.22,763880,190.97
2283,多頭進場,2024-03-27 08:55,L_Add,20201,1,1010050,-1940,-0.19,930,0.09,-2270,-0.22,763880,190.97
2284,多頭出場,2024-03-27 21:40,Trend Rev,20244,1,1012100,60,0.01,2280,0.23,-2020,-0.20,763920,190.98
2284,多頭進場,2024-03-27 11:05,L_Cmd,20242,1,1012100,60,0.01,2280,0.23,-2020,-0.20,763920,190.98
2285,多頭出場,2024-03-27 21:40,Trend Rev,20244,1,1014100,-1940,-0.19,130,0.01,-2470,-0.24,762000,190.50
2285,多頭進場,2024-03-27 12:55,L_Add,20282,1,1014100,-1940,-0.19,130,0.01,-2470,-0.24,762000,190.50
2286,多頭出場,2024-03-28 08:45,L_Exit,20205,1,1011450,-1240,-0.12,1080,0.11,-1220,-0.12,760760,190.19
2286,多頭進場,2024-03-28 03:40,L_Cmd,20229,1,1011450,-1240,-0.12,1080,0.11,-1220,-0.12,760760,190.19
2287,多頭出場,2024-03-28 11:35,Trend Rev,20196,1,1011500,-1740,-0.17,980,0.10,-1820,-0.18,759020,189.76
2287,多頭進場,2024-03-28 10:45,L_Cmd,20230,1,1011500,-1740,-0.17,980,0.10,-1820,-0.18,759020,189.76
2288,多頭出場,2024-03-28 13:30,Trend Rev,20209,1,1011550,-1140,-0.11,0,0.00,-1370,-0.14,757880,189.47
2288,多頭進場,2024-03-28 12:55,L_Cmd,20231,1,1011550,-1140,-0.11,0,0.00,-1370,-0.14,757880,189.47
2289,多頭出場,2024-03-28 22:45,L_Exit,20238,1,1009900,1960,0.19,2030,0.20,-120,-0.01,759800,189.95
2289,多頭進場,2024-03-28 21:35,L_Cmd,20198,1,1009900,1960,0.19,2030,0.20,-120,-0.01,759800,189.95
2290,多頭出場,2024-03-28 23:30,L_Exit_Add,20268,1,1011000,2360,0.23,2430,0.24,-1220,-0.12,762160,190.54
2290,多頭進場,2024-03-28 21:50,L_Add,20220,1,1011000,2360,0.23,2430,0.24,-1220,-0.12,762160,190.54
2291,多頭出場,2024-03-29 04:00,Trend Rev,20214,1,1011700,-1040,-0.10,1730,0.17,-1320,-0.13,761140,190.29
2291,多頭進場,2024-03-28 22:45,L_Add,20234,1,1011700,-1040,-0.10,1730,0.17,-1320,-0.13,761140,190.29
2292,多頭出場,2024-03-29 04:00,Trend Rev,20214,1,1012600,-1940,-0.19,830,0.08,-2220,-0.22,759220,189.81
2292,多頭進場,2024-03-28 23:30,L_Add,20252,1,1012600,-1940,-0.19,830,0.08,-2220,-0.22,759220,189.81
2293,多頭出場,2024-03-29 09:15,L_Exit,20218,1,1012550,-1690,-0.17,530,0.05,-1670,-0.16,757530,189.38
2293,多頭進場,2024-03-29 08:55,L_Cmd,20251,1,1012550,-1690,-0.17,530,0.05,-1670,-0.16,757530,189.38
2294,多頭出場,2024-03-29 17:00,L_Exit,20366,1,1013650,4610,0.45,4680,0.46,-1820,-0.18,762140,190.54
2294,多頭進場,2024-03-29 09:45,L_Cmd,20273,1,1013650,4610,0.45,4680,0.46,-1820,-0.18,762140,190.54
2295,多頭出場,2024-03-30 04:15,Trend Rev,20336,1,1017050,-290,-0.03,80,0.01,-520,-0.05,761850,190.46
2295,多頭進場,2024-03-30 03:50,L_Cmd,20341,1,1017050,-290,-0.03,80,0.01,-520,-0.05,761850,190.46
2296,多頭出場,2024-04-01 09:00,L_Exit,20355,1,1019150,-1440,-0.14,380,0.04,-1420,-0.14,760410,190.10
2296,多頭進場,2024-04-01 08:50,L_Cmd,20383,1,1019150,-1440,-0.14,380,0.04,-1420,-0.14,760410,190.10
2297,多頭出場,2024-04-01 22:10,L_Exit_Add,20391,1,1016000,3510,0.35,3580,0.35,-20,0.00,763860,190.97
2297,多頭進場,2024-04-01 21:35,L_Cmd,20320,1,1016000,3510,0.35,3580,0.35,-20,0.00,763860,190.97
2298,多頭出場,2024-04-01 22:15,L_Exit_Add,20392,1,1017450,2110,0.21,2180,0.21,-220,-0.02,765970,191.49
2298,多頭進場,2024-04-01 21:40,L_Add,20349,1,1017450,2110,0.21,2180,0.21,-220,-0.02,765970,191.49
2299,多頭出場,2024-04-01 23:10,L_BE,20355,1,1017750,-40,0.00,2030,0.20,-270,-0.03,765930,191.48
2299,多頭進場,2024-04-01 21:45,L_Add,20355,1,1017750,-40,0.00,2030,0.20,-270,-0.03,765930,191.48
2300,多頭出場,2024-04-01 23:20,L_G_Cut,20342,1,1018800,-1740,-0.17,980,0.10,-2020,-0.20,764210,191.05
2300,多頭進場,2024-04-01 21:50,L_G_進,20376,1,1018800,-1740,-0.17,980,0.10,-2020,-0.20,764210,191.05
2301,多頭出場,2024-04-01 23:20,L_G_Cut,20342,1,1019550,-2490,-0.24,230,0.02,-2770,-0.27,761740,190.44
2301,多頭進場,2024-04-01 22:15,L_G_進,20391,1,1019550,-2490,-0.24,230,0.02,-2770,-0.27,761740,190.44
2302,多頭出場,2024-04-01 23:20,L_G_Cut,20342,1,1019750,-2690,-0.26,0,0.00,-2970,-0.29,759070,189.77
2302,多頭進場,2024-04-01 22:25,L_G_進,20395,1,1019750,-2690,-0.26,0,0.00,-2970,-0.29,759070,189.77
2303,多頭出場,2024-04-02 09:05,L_Exit,20418,1,1017850,3010,0.30,3080,0.30,-1270,-0.12,762060,190.52
2303,多頭進場,2024-04-02 00:30,L_Cmd,20357,1,1017850,3010,0.30,3080,0.30,-1270,-0.12,762060,190.52
2304,多頭出場,2024-04-02 09:05,L_Exit_Add,20418,1,1019250,1610,0.16,1680,0.16,-720,-0.07,763690,190.92
2304,多頭進場,2024-04-02 09:00,L_Add,20385,1,1019250,1610,0.16,1680,0.16,-720,-0.07,763690,190.92
2305,多頭出場,2024-04-02 20:20,Trend Rev,20477,1,1023850,-40,0.00,3780,0.37,-1470,-0.14,763630,190.91
2305,多頭進場,2024-04-02 10:35,L_Cmd,20477,1,1023850,-40,0.00,3780,0.37,-1470,-0.14,763630,190.91
2306,多頭出場,2024-04-02 20:20,Trend Rev,20477,1,1025950,-2140,-0.21,1680,0.16,-2120,-0.21,761510,190.38
2306,多頭進場,2024-04-02 13:35,L_Add,20519,1,1025950,-2140,-0.21,1680,0.16,-2120,-0.21,761510,190.38
2307,多頭出場,2024-04-03 12:55,L_Exit,20356,1,1020800,-3040,-0.30,130,0.01,-3020,-0.30,758470,189.62
2307,多頭進場,2024-04-03 11:55,L_Cmd,20416,1,1020800,-3040,-0.30,130,0.01,-3020,-0.30,758470,189.62
2308,多頭出場,2024-04-03 22:00,Trend Rev,20382,1,1019500,-440,-0.04,280,0.03,-570,-0.06,758030,189.51
2308,多頭進場,2024-04-03 21:50,L_Cmd,20390,1,1019500,-440,-0.04,280,0.03,-570,-0.06,758030,189.51
2309,多頭出場,2024-04-04 04:45,Trend Rev,20437,1,1021500,310,0.03,2730,0.27,-770,-0.08,758300,189.58
2309,多頭進場,2024-04-03 22:05,L_Cmd,20430,1,1021500,310,0.03,2730,0.27,-770,-0.08,758300,189.58
2310,多頭出場,2024-04-04 04:45,Trend Rev,20437,1,1023400,-1590,-0.16,830,0.08,-1770,-0.17,756730,189.18
2310,多頭進場,2024-04-03 23:00,L_Add,20468,1,1023400,-1590,-0.16,830,0.08,-1770,-0.17,756730,189.18
2311,多頭出場,2024-04-04 04:45,Trend Rev,20437,1,1023950,-2140,-0.21,230,0.02,-2320,-0.23,754610,188.65
2311,多頭進場,2024-04-03 23:10,L_Add,20479,1,1023950,-2140,-0.21,230,0.02,-2320,-0.23,754610,188.65
2312,多頭出場,2024-04-08 13:30,Trend Rev,20456,1,1023550,-790,-0.08,2380,0.23,-1270,-0.12,753800,188.45
2312,多頭進場,2024-04-08 09:50,L_Cmd,20471,1,1023550,-790,-0.08,2380,0.23,-1270,-0.12,753800,188.45
2313,多頭出場,2024-04-08 13:30,Trend Rev,20456,1,1025750,-2990,-0.29,180,0.02,-3470,-0.34,750830,187.71
2313,多頭進場,2024-04-08 10:45,L_Add,20515,1,1025750,-2990,-0.29,180,0.02,-3470,-0.34,750830,187.71
2314,多頭出場,2024-04-08 21:35,L_Exit,20496,1,1025850,-1090,-0.11,380,0.04,-1070,-0.10,749740,187.44
2314,多頭進場,2024-04-08 21:05,L_Cmd,20517,1,1025850,-1090,-0.11,380,0.04,-1070,-0.10,749740,187.44
2315,多頭出場,2024-04-09 00:10,L_Exit,20498,1,1026700,-1840,-0.18,1280,0.12,-1820,-0.18,747900,186.98
2315,多頭進場,2024-04-08 22:25,L_Cmd,20534,1,1026700,-1840,-0.18,1280,0.12,-1820,-0.18,747900,186.98
2316,多頭出場,2024-04-09 09:00,L_Exit,20581,1,1026550,2460,0.24,2530,0.25,-620,-0.06,750360,187.59
2316,多頭進場,2024-04-09 08:50,L_Cmd,20531,1,1026550,2460,0.24,2530,0.25,-620,-0.06,750360,187.59
2317,多頭出場,2024-04-09 09:25,L_Exit_G,20690,1,1028850,5610,0.55,5680,0.55,-320,-0.03,755910,188.98
2317,多頭進場,2024-04-09 09:05,L_Cmd,20577,1,1028850,5610,0.55,5680,0.55,-320,-0.03,755910,188.98
2318,多頭出場,2024-04-09 09:30,L_Exit_Add,20733,1,1031950,4660,0.45,4730,0.46,-670,-0.06,760590,190.15
2318,多頭進場,2024-04-09 09:10,L_Add,20639,1,1031950,4660,0.45,4730,0.46,-670,-0.06,760590,190.15
2319,多頭出場,2024-04-09 09:40,L_BE,20682,1,1034100,-40,0.00,2580,0.25,-1820,-0.18,760550,190.14
2319,多頭進場,2024-04-09 09:15,L_Add,20682,1,1034100,-40,0.00,2580,0.25,-1820,-0.18,760550,190.14
2320,多頭出場,2024-04-09 10:50,L_Exit_G,20754,1,1033200,4460,0.43,4530,0.44,-620,-0.06,764990,191.25
2320,多頭進場,2024-04-09 09:20,L_G_進,20664,1,1033200,4460,0.43,4530,0.44,-620,-0.06,764990,191.25
2321,多頭出場,2024-04-09 11:15,L_Exit_Add,20785,1,1036250,2960,0.29,3030,0.29,-3420,-0.33,767950,191.99
2321,多頭進場,2024-04-09 09:35,L_Add,20725,1,1036250,2960,0.29,3030,0.29,-3420,-0.33,767950,191.99
2322,多頭出場,2024-04-09 11:15,L_Exit_G,20785,1,1035950,3260,0.31,3330,0.32,-520,-0.05,771230,192.81
2322,多頭進場,2024-04-09 10:30,L_Add,20719,1,1035950,3260,0.31,3330,0.32,-520,-0.05,771230,192.81
2323,多頭出場,2024-04-09 11:25,L_Exit_Add,20804,1,1036400,3760,0.36,3830,0.37,-420,-0.04,774970,193.74
2323,多頭進場,2024-04-09 10:40,L_G_進,20728,1,1036400,3760,0.36,3830,0.37,-420,-0.04,774970,193.74
2324,多頭出場,2024-04-09 11:40,L_Exit_Add,20815,1,1037500,3210,0.31,3280,0.32,-720,-0.07,778180,194.55
2324,多頭進場,2024-04-09 10:55,L_G_進,20750,1,1037500,3210,0.31,3280,0.32,-720,-0.07,778180,194.55
2325,多頭出場,2024-04-09 11:40,L_Exit_G,20815,1,1039050,1660,0.16,1730,0.17,-270,-0.03,779860,194.97
2325,多頭進場,2024-04-09 11:20,L_Add,20781,1,1039050,1660,0.16,1730,0.17,-270,-0.03,779860,194.97
2326,多頭出場,2024-04-09 12:15,L_Exit_G,20829,1,1039750,1660,0.16,1730,0.17,-670,-0.06,781540,195.39
2326,多頭進場,2024-04-09 11:25,L_G_進,20795,1,1039750,1660,0.16,1730,0.17,-670,-0.06,781540,195.39
2327,多頭出場,2024-04-09 12:30,L_Exit_Add,20851,1,1040000,2510,0.24,2580,0.25,-370,-0.04,784050,196.01
2327,多頭進場,2024-04-09 11:40,L_G_進,20800,1,1040000,2510,0.24,2580,0.25,-370,-0.04,784050,196.01
2328,多頭出場,2024-04-09 18:30,L_G_Cut,20854,1,1041400,1260,0.12,2880,0.28,-520,-0.05,785270,196.32
2328,多頭進場,2024-04-09 12:20,L_Add,20828,1,1041400,1260,0.12,2880,0.28,-520,-0.05,785270,196.32
2329,多頭出場,2024-04-09 22:35,Trend Rev,20785,1,1042800,-3590,-0.34,1830,0.18,-3820,-0.37,781700,195.43
2329,多頭進場,2024-04-09 13:05,L_Add,20856,1,1042800,-3590,-0.34,1830,0.18,-3820,-0.37,781700,195.43
2330,多頭出場,2024-04-09 22:35,Trend Rev,20785,1,1043400,-4190,-0.40,1230,0.12,-4420,-0.42,777530,194.38
2330,多頭進場,2024-04-09 13:10,L_Add,20868,1,1043400,-4190,-0.40,1230,0.12,-4420,-0.42,777530,194.38
2331,多頭出場,2024-04-09 22:35,Trend Rev,20785,1,1043750,-4540,-0.43,880,0.08,-4770,-0.46,773010,193.25
2331,多頭進場,2024-04-09 13:20,L_G_進,20875,1,1043750,-4540,-0.43,880,0.08,-4770,-0.46,773010,193.25
2332,多頭出場,2024-04-10 09:15,L_Exit,20809,1,1042900,-2490,-0.24,130,0.01,-2570,-0.25,770520,192.63
2332,多頭進場,2024-04-10 09:10,L_Cmd,20858,1,1042900,-2490,-0.24,130,0.01,-2570,-0.25,770520,192.63
2333,多頭出場,2024-04-10 12:30,L_Exit,20815,1,1043650,-2940,-0.28,930,0.09,-2920,-0.28,767580,191.90
2333,多頭進場,2024-04-10 10:05,L_Cmd,20873,1,1043650,-2940,-0.28,930,0.09,-2920,-0.28,767580,191.90
2334,多頭出場,2024-04-10 18:00,Trend Rev,20841,1,1042900,-890,-0.09,780,0.07,-970,-0.09,766690,191.67
2334,多頭進場,2024-04-10 15:00,L_Cmd,20858,1,1042900,-890,-0.09,780,0.07,-970,-0.09,766690,191.67
2335,多頭出場,2024-04-11 10:30,Trend Rev,20736,1,1037750,-990,-0.10,380,0.04,-1070,-0.10,765700,191.43
2335,多頭進場,2024-04-11 10:10,L_Cmd,20755,1,1037750,-990,-0.10,380,0.04,-1070,-0.10,765700,191.43
2336,多頭出場,2024-04-11 16:25,Trend Rev,20728,1,1037100,-740,-0.07,630,0.06,-870,-0.08,764960,191.24
2336,多頭進場,2024-04-11 13:20,L_Cmd,20742,1,1037100,-740,-0.07,630,0.06,-870,-0.08,764960,191.24
2337,多頭出場,2024-04-12 08:45,L_Exit,20738,1,1038300,-1440,-0.14,530,0.05,-1420,-0.14,763520,190.88
2337,多頭進場,2024-04-12 03:35,L_Cmd,20766,1,1038300,-1440,-0.14,530,0.05,-1420,-0.14,763520,190.88
2338,多頭出場,2024-04-12 15:25,Trend Rev,20739,1,1037800,-890,-0.09,2580,0.25,-1570,-0.15,762610,190.65
2338,多頭進場,2024-04-12 10:15,L_Cmd,20756,1,1037800,-890,-0.09,2580,0.25,-1570,-0.15,762610,190.65
2339,多頭出場,2024-04-12 15:25,Trend Rev,20739,1,1040100,-3190,-0.31,280,0.03,-3220,-0.31,759440,189.86
2339,多頭進場,2024-04-12 12:15,L_Add,20802,1,1040100,-3190,-0.31,280,0.03,-3220,-0.31,759440,189.86
2340,空頭出場,2024-04-12 23:30,S_Exit,20583,1,1027050,-2140,-0.21,180,0.02,-2120,-0.21,757300,189.33
2340,空頭進場,2024-04-12 23:00,S_Cmd,20541,1,1027050,-2140,-0.21,180,0.02,-2120,-0.21,757300,189.33
2341,空頭出場,2024-04-15 08:45,S_Exit_Add,20558,1,1026700,-1240,-0.12,2230,0.22,-1370,-0.13,756040,189.01
2341,空頭進場,2024-04-13 00:50,S_Cmd,20534,1,1026700,-1240,-0.12,2230,0.22,-1370,-0.13,756040,189.01
2342,空頭出場,2024-04-15 09:00,S_Exit,20574,1,1024850,-3890,-0.38,380,0.04,-3870,-0.38,752170,188.04
2342,空頭進場,2024-04-13 03:15,S_Add,20497,1,1024850,-3890,-0.38,380,0.04,-3870,-0.38,752170,188.04
2343,空頭出場,2024-04-15 18:20,Trend Rev,20532,1,1025550,-1090,-0.11,2530,0.25,-1920,-0.19,751080,187.77
2343,空頭進場,2024-04-15 10:50,S_Cmd,20511,1,1025550,-1090,-0.11,2530,0.25,-1920,-0.19,751080,187.77
2344,空頭出場,2024-04-16 00:20,S_Exit,20466,1,1026150,2810,0.27,2880,0.28,-720,-0.07,753870,188.47
2344,空頭進場,2024-04-15 22:10,S_Cmd,20523,1,1026150,2810,0.27,2880,0.28,-720,-0.07,753870,188.47
2345,空頭出場,2024-04-16 00:35,S_Exit_Add,20435,1,1024700,2910,0.28,2980,0.29,-1420,-0.14,756780,189.20
2345,空頭進場,2024-04-15 23:00,S_Add,20494,1,1024700,2910,0.28,2980,0.29,-1420,-0.14,756780,189.20
2346,空頭出場,2024-04-16 01:20,S_Exit_Add,20400,1,1023000,2960,0.29,3030,0.30,-70,-0.01,759760,189.94
2346,空頭進場,2024-04-16 00:30,S_Add,20460,1,1023000,2960,0.29,3030,0.30,-70,-0.01,759760,189.94
2347,空頭出場,2024-04-16 09:10,S_Exit,20173,1,1013150,4460,0.44,4530,0.45,-1720,-0.17,764200,191.05
2347,空頭進場,2024-04-16 03:20,S_Cmd,20263,1,1013150,4460,0.44,4530,0.45,-1720,-0.17,764200,191.05
2348,空頭出場,2024-04-16 09:15,S_Exit_Add,20094,1,1010950,6210,0.61,6280,0.62,-370,-0.04,770410,192.60
2348,空頭進場,2024-04-16 09:10,S_Add,20219,1,1010950,6210,0.61,6280,0.62,-370,-0.04,770410,192.60
2349,空頭出場,2024-04-16 09:15,S_Exit_Add,20094,1,1008700,3960,0.39,4030,0.40,-370,-0.04,774390,193.60
2349,空頭進場,2024-04-16 09:15,S_Add,20174,1,1008700,3960,0.39,4030,0.40,-370,-0.04,774390,193.60
2350,空頭出場,2024-04-16 10:10,S_Exit,19915,1,1001900,6110,0.61,6180,0.62,-370,-0.04,780480,195.12
2350,空頭進場,2024-04-16 09:55,S_Cmd,20038,1,1001900,6110,0.61,6180,0.62,-370,-0.04,780480,195.12
2351,空頭出場,2024-04-16 12:05,S_Exit_Add,19862,1,998250,5110,0.51,5180,0.52,-2820,-0.28,785590,196.40
2351,空頭進場,2024-04-16 10:10,S_Add,19965,1,998250,5110,0.51,5180,0.52,-2820,-0.28,785590,196.40
2352,空頭出場,2024-04-16 12:30,S_Exit_Add,19798,1,994650,4710,0.47,4780,0.48,-420,-0.04,790320,197.58
2352,空頭進場,2024-04-16 12:05,S_Add,19893,1,994650,4710,0.47,4780,0.48,-420,-0.04,790320,197.58
2353,空頭出場,2024-04-16 13:00,S_Exit,19895,1,990750,-4040,-0.41,480,0.05,-4020,-0.41,786280,196.57
2353,空頭進場,2024-04-16 12:35,S_Cmd,19815,1,990750,-4040,-0.41,480,0.05,-4020,-0.41,786280,196.57
2354,空頭出場,2024-04-17 22:50,S_Exit,20021,1,1004000,2910,0.29,2980,0.30,-670,-0.07,789190,197.30
2354,空頭進場,2024-04-17 22:05,S_Cmd,20080,1,1004000,2910,0.29,2980,0.30,-670,-0.07,789190,197.30
2355,空頭出場,2024-04-18 00:35,S_Exit,19967,1,1001450,3060,0.31,3130,0.31,-2170,-0.22,792230,198.06
2355,空頭進場,2024-04-17 22:55,S_Cmd,20029,1,1001450,3060,0.31,3130,0.31,-2170,-0.22,792230,198.06
2356,空頭出場,2024-04-18 01:30,S_Exit_Add,20036,1,999050,-2790,-0.28,2430,0.24,-2770,-0.28,789440,197.36
2356,空頭進場,2024-04-18 00:25,S_Add,19981,1,999050,-2790,-0.28,2430,0.24,-2770,-0.28,789440,197.36
2357,空頭出場,2024-04-18 02:45,Trend Rev,20066,1,997000,-6340,-0.64,380,0.04,-6520,-0.65,783120,195.78
2357,空頭進場,2024-04-18 00:45,S_Add,19940,1,997000,-6340,-0.64,380,0.04,-6520,-0.65,783120,195.78
2358,空頭出場,2024-04-18 08:45,S_Exit,20068,1,998900,-4540,-0.45,280,0.03,-4520,-0.45,778580,194.65
2358,空頭進場,2024-04-18 03:05,S_Cmd,19978,1,998900,-4540,-0.45,280,0.03,-4520,-0.45,778580,194.65
2359,空頭出場,2024-04-19 08:45,S_Exit,19861,1,1000350,7260,0.73,7330,0.73,-1620,-0.16,785840,196.46
2359,空頭進場,2024-04-19 00:35,S_Cmd,20007,1,1000350,7260,0.73,7330,0.73,-1620,-0.16,785840,196.46
2360,空頭出場,2024-04-19 09:35,S_Exit,19623,1,987800,6610,0.67,6680,0.68,-1370,-0.14,792430,198.11
2360,空頭進場,2024-04-19 09:15,S_Cmd,19756,1,987800,6610,0.67,6680,0.68,-1370,-0.14,792430,198.11
2361,空頭出場,2024-04-19 09:40,S_Exit_Add,19460,1,983850,10810,1.10,10880,1.11,-770,-0.08,803260,200.82
2361,空頭進場,2024-04-19 09:35,S_Add,19677,1,983850,10810,1.10,10880,1.11,-770,-0.08,803260,200.82
2362,空頭出場,2024-04-19 11:30,S_Exit,19598,1,970950,-8990,-0.93,7480,0.77,-8970,-0.92,794270,198.57
2362,空頭進場,2024-04-19 10:45,S_Cmd,19419,1,970950,-8990,-0.93,7480,0.77,-8970,-0.92,794270,198.57
2363,空頭出場,2024-04-19 15:00,S_Exit,19619,1,975100,-5890,-0.60,0,0.00,-5870,-0.60,788380,197.10
2363,空頭進場,2024-04-19 13:35,S_Cmd,19502,1,975100,-5890,-0.60,0,0.00,-5870,-0.60,788380,197.10
2364,空頭出場,2024-04-20 01:20,Trend Rev,19676,1,983750,-90,-0.01,3730,0.38,-1220,-0.12,788270,197.07
2364,空頭進場,2024-04-19 22:15,S_Cmd,19675,1,983750,-90,-0.01,3730,0.38,-1220,-0.12,788270,197.07
2365,空頭出場,2024-04-20 01:20,Trend Rev,19676,1,981000,-2840,-0.29,930,0.09,-3970,-0.40,785450,196.36
2365,空頭進場,2024-04-19 22:40,S_Add,19620,1,981000,-2840,-0.29,930,0.09,-3970,-0.40,785450,196.36
2366,空頭出場,2024-04-22 09:05,S_Exit,19599,1,976200,-3790,-0.39,2480,0.25,-3770,-0.39,781660,195.42
2366,空頭進場,2024-04-22 09:00,S_Cmd,19524,1,976200,-3790,-0.39,2480,0.25,-3770,-0.39,781660,195.42
2367,空頭出場,2024-04-22 18:10,Trend Rev,19567,1,974350,-4040,-0.41,1980,0.20,-5870,-0.60,777620,194.41
2367,空頭進場,2024-04-22 11:20,S_Cmd,19487,1,974350,-4040,-0.41,1980,0.20,-5870,-0.60,777620,194.41
2368,空頭出場,2024-04-23 10:25,Trend Rev,19640,1,981350,-690,-0.07,3630,0.37,-1070,-0.11,776930,194.23
2368,空頭進場,2024-04-23 09:45,S_Cmd,19627,1,981350,-690,-0.07,3630,0.37,-1070,-0.11,776930,194.23
2369,多頭出場,2024-04-24 15:05,L_G_Cut,20121,1,1004700,1310,0.13,5380,0.54,-620,-0.06,778180,194.55
2369,多頭進場,2024-04-24 09:50,L_Cmd,20094,1,1004700,1310,0.13,5380,0.54,-620,-0.06,778180,194.55
2370,多頭出場,2024-04-24 15:25,L_Exit_Add,20098,1,1007600,-2740,-0.27,2480,0.25,-2720,-0.27,775460,193.87
2370,多頭進場,2024-04-24 10:40,L_Add,20152,1,1007600,-2740,-0.27,2480,0.25,-2720,-0.27,775460,193.87
2371,多頭出場,2024-04-24 17:00,L_Exit_Add,20066,1,1009200,-5940,-0.59,880,0.09,-5920,-0.59,769540,192.39
2371,多頭進場,2024-04-24 12:50,L_Add,20184,1,1009200,-5940,-0.59,880,0.09,-5920,-0.59,769540,192.39
2372,多頭出場,2024-04-24 17:55,Trend Rev,20035,1,1009900,-8190,-0.81,80,0.01,-8670,-0.86,761370,190.34
2372,多頭進場,2024-04-24 13:05,L_G_進,20198,1,1009900,-8190,-0.81,80,0.01,-8670,-0.86,761370,190.34
2373,多頭出場,2024-04-25 03:50,Trend Rev,20012,1,1001550,-990,-0.10,330,0.03,-1070,-0.11,760380,190.10
2373,多頭進場,2024-04-25 03:25,L_Cmd,20031,1,1001550,-990,-0.10,330,0.03,-1070,-0.11,760380,190.10
2374,空頭出場,2024-04-25 10:25,S_Exit,19945,1,993500,-3790,-0.38,1730,0.17,-3770,-0.38,756590,189.15
2374,空頭進場,2024-04-25 09:45,S_Cmd,19870,1,993500,-3790,-0.38,1730,0.17,-3770,-0.38,756590,189.15
2375,空頭出場,2024-04-25 15:00,S_Exit,19897,1,992150,-2740,-0.28,80,0.01,-2720,-0.27,753850,188.46
2375,空頭進場,2024-04-25 12:50,S_Cmd,19843,1,992150,-2740,-0.28,80,0.01,-2720,-0.27,753850,188.46
2376,多頭出場,2024-04-26 04:20,L_Exit,20106,1,998850,6410,0.64,6480,0.65,-1070,-0.11,760220,190.06
2376,多頭進場,2024-04-26 01:00,L_Cmd,19977,1,998850,6410,0.64,6480,0.65,-1070,-0.11,760220,190.06
2377,多頭出場,2024-04-26 04:35,L_Exit_Add,20126,1,1002300,3960,0.40,4030,0.40,-1120,-0.11,764200,191.05
2377,多頭進場,2024-04-26 03:05,L_Add,20046,1,1002300,3960,0.40,4030,0.40,-1120,-0.11,764200,191.05
2378,多頭出場,2024-04-26 09:20,L_Exit_Add,20193,1,1003850,5760,0.57,5830,0.58,-2670,-0.27,769960,192.49
2378,多頭進場,2024-04-26 03:20,L_Add,20077,1,1003850,5760,0.57,5830,0.58,-2670,-0.27,769960,192.49
2379,多頭出場,2024-04-26 10:15,L_Exit_Add,20267,1,1007800,5510,0.55,5580,0.55,-2320,-0.23,775450,193.86
2379,多頭進場,2024-04-26 09:05,L_Add,20156,1,1007800,5510,0.55,5580,0.55,-2320,-0.23,775450,193.86
2380,多頭出場,2024-04-26 10:45,L_Exit_Add,20113,1,1012400,-6790,-0.67,1080,0.11,-6770,-0.67,768680,192.17
2380,多頭進場,2024-04-26 09:55,L_Add,20248,1,1012400,-6790,-0.67,1080,0.11,-6770,-0.67,768680,192.17
2381,多頭出場,2024-04-26 10:45,L_Exit_Add,20106,1,1012750,-7490,-0.74,730,0.07,-7470,-0.74,761210,190.30
2381,多頭進場,2024-04-26 10:10,L_Add,20255,1,1012750,-7490,-0.74,730,0.07,-7470,-0.74,761210,190.30
2382,多頭出場,2024-04-29 08:45,L_Exit,20349,1,1009500,7910,0.78,7980,0.79,-3520,-0.35,769100,192.28
2382,多頭進場,2024-04-26 11:25,L_Cmd,20190,1,1009500,7910,0.78,7980,0.79,-3520,-0.35,769100,192.28
2383,多頭出場,2024-04-29 08:45,L_Exit_Add,20349,1,1012700,4710,0.47,4780,0.47,-1620,-0.16,773830,193.46
2383,多頭進場,2024-04-27 01:00,L_Add,20254,1,1012700,4710,0.47,4780,0.47,-1620,-0.16,773830,193.46
2384,多頭出場,2024-04-29 09:00,L_Exit,20441,1,1017050,4960,0.49,5030,0.49,-120,-0.01,778770,194.69
2384,多頭進場,2024-04-29 08:50,L_Cmd,20341,1,1017050,4960,0.49,5030,0.49,-120,-0.01,778770,194.69
2385,多頭出場,2024-04-29 09:00,L_Exit_Add,20441,1,1018600,3410,0.33,3480,0.34,-470,-0.05,782200,195.55
2385,多頭進場,2024-04-29 09:00,L_Add,20372,1,1018600,3410,0.33,3480,0.34,-470,-0.05,782200,195.55
2386,多頭出場,2024-04-29 21:35,Trend Rev,20465,1,1024700,-1490,-0.15,3230,0.32,-1920,-0.19,780710,195.18
2386,多頭進場,2024-04-29 09:40,L_Cmd,20494,1,1024700,-1490,-0.15,3230,0.32,-1920,-0.19,780710,195.18
2387,多頭出場,2024-04-30 03:05,Trend Rev,20477,1,1024050,-240,-0.02,2830,0.28,-620,-0.06,780470,195.12
2387,多頭進場,2024-04-30 00:10,L_Cmd,20481,1,1024050,-240,-0.02,2830,0.28,-620,-0.06,780470,195.12
2388,多頭出場,2024-04-30 09:05,L_Exit,20473,1,1025850,-2240,-0.22,1480,0.14,-2220,-0.22,778230,194.56
2388,多頭進場,2024-04-30 04:00,L_Cmd,20517,1,1025850,-2240,-0.22,1480,0.14,-2220,-0.22,778230,194.56
2389,多頭出場,2024-04-30 22:05,Trend Rev,20441,1,1022250,-240,-0.02,830,0.08,-770,-0.08,777990,194.50
2389,多頭進場,2024-04-30 22:00,L_Cmd,20445,1,1022250,-240,-0.02,830,0.08,-770,-0.08,777990,194.50
2390,多頭出場,2024-05-02 09:30,L_Exit,20290,1,1018850,-4390,-0.43,130,0.01,-4370,-0.43,773600,193.40
2390,多頭進場,2024-05-02 09:20,L_Cmd,20377,1,1018850,-4390,-0.43,130,0.01,-4370,-0.43,773600,193.40
2391,多頭出場,2024-05-03 02:25,L_Exit,20456,1,1016350,6410,0.63,6480,0.64,-320,-0.03,780010,195.00
2391,多頭進場,2024-05-02 23:45,L_Cmd,20327,1,1016350,6410,0.63,6480,0.64,-320,-0.03,780010,195.00
2392,多頭出場,2024-05-03 09:55,L_Exit,20498,1,1027950,-3090,-0.30,880,0.09,-3070,-0.30,776920,194.23
2392,多頭進場,2024-05-03 08:50,L_Cmd,20559,1,1027950,-3090,-0.30,880,0.09,-3070,-0.30,776920,194.23
2393,多頭出場,2024-05-04 03:05,L_Exit_Add,20667,1,1028000,5310,0.52,5980,0.58,-3270,-0.32,782190,195.55
2393,多頭進場,2024-05-03 21:50,L_Cmd,20560,1,1028000,5310,0.52,5980,0.58,-3270,-0.32,782190,195.55
2394,多頭出場,2024-05-04 03:55,L_Exit,20682,1,1030650,3410,0.33,3480,0.34,-870,-0.08,785620,196.41
2394,多頭進場,2024-05-03 23:55,L_Add,20613,1,1030650,3410,0.33,3480,0.34,-870,-0.08,785620,196.41
2395,多頭出場,2024-05-06 09:00,L_Exit_Add,20607,1,1033300,-2990,-0.29,1380,0.13,-2970,-0.29,782650,195.66
2395,多頭進場,2024-05-04 03:05,L_Add,20666,1,1033300,-2990,-0.29,1380,0.13,-2970,-0.29,782650,195.66
2396,多頭出場,2024-05-06 10:45,L_Exit,20628,1,1035000,-3640,-0.35,680,0.07,-3620,-0.35,779010,194.75
2396,多頭進場,2024-05-06 10:05,L_Cmd,20700,1,1035000,-3640,-0.35,680,0.07,-3620,-0.35,779010,194.75
2397,多頭出場,2024-05-06 22:10,L_Exit,20683,1,1036100,-1990,-0.19,180,0.02,-1970,-0.19,777020,194.26
2397,多頭進場,2024-05-06 21:50,L_Cmd,20722,1,1036100,-1990,-0.19,180,0.02,-1970,-0.19,777020,194.26
2398,多頭出場,2024-05-07 08:45,L_Exit,20728,1,1037900,-1540,-0.15,30,0.00,-1520,-0.15,775480,193.87
2398,多頭進場,2024-05-07 04:00,L_Cmd,20758,1,1037900,-1540,-0.15,30,0.00,-1520,-0.15,775480,193.87
2399,多頭出場,2024-05-07 23:35,Trend Rev,20650,1,1033000,-540,-0.05,480,0.05,-620,-0.06,774940,193.74
2399,多頭進場,2024-05-07 23:05,L_Cmd,20660,1,1033000,-540,-0.05,480,0.05,-620,-0.06,774940,193.74
2400,多頭出場,2024-05-08 10:10,Trend Rev,20620,1,1032550,-1590,-0.15,530,0.05,-1670,-0.16,773350,193.34
2400,多頭進場,2024-05-08 09:50,L_Cmd,20651,1,1032550,-1590,-0.15,530,0.05,-1670,-0.16,773350,193.34
2401,多頭出場,2024-05-08 19:10,Trend Rev,20687,1,1032600,1710,0.17,5230,0.51,-820,-0.08,775020,193.76
2401,多頭進場,2024-05-08 10:35,L_Cmd,20652,1,1032600,1710,0.17,5230,0.51,-820,-0.08,775020,193.76
2402,多頭出場,2024-05-08 19:10,Trend Rev,20687,1,1034900,-590,-0.06,2930,0.28,-820,-0.08,774450,193.61
2402,多頭進場,2024-05-08 11:20,L_Add,20698,1,1034900,-590,-0.06,2930,0.28,-820,-0.08,774450,193.61
2403,多頭出場,2024-05-08 19:10,Trend Rev,20687,1,1036200,-1890,-0.18,1630,0.16,-2120,-0.20,772580,193.15
2403,多頭進場,2024-05-08 12:10,L_Add,20724,1,1036200,-1890,-0.18,1630,0.16,-2120,-0.20,772580,193.15
2404,多頭出場,2024-05-08 23:15,Trend Rev,20686,1,1034600,-340,-0.03,2530,0.24,-420,-0.04,772220,193.06
2404,多頭進場,2024-05-08 21:50,L_Cmd,20692,1,1034600,-340,-0.03,2530,0.24,-420,-0.04,772220,193.06
2405,多頭出場,2024-05-08 23:15,Trend Rev,20686,1,1036000,-1740,-0.17,1130,0.11,-1770,-0.17,770500,192.63
2405,多頭進場,2024-05-08 22:30,L_Add,20720,1,1036000,-1740,-0.17,1130,0.11,-1770,-0.17,770500,192.63
2406,多頭出場,2024-05-09 10:20,L_Exit,20686,1,1036500,-2240,-0.22,1630,0.16,-2220,-0.21,768260,192.07
2406,多頭進場,2024-05-09 09:20,L_Cmd,20730,1,1036500,-2240,-0.22,1630,0.16,-2220,-0.21,768260,192.07
2407,多頭出場,2024-05-10 00:00,Trend Rev,20642,1,1032500,-440,-0.04,1580,0.15,-570,-0.06,767820,191.96
2407,多頭進場,2024-05-09 22:40,L_Cmd,20650,1,1032500,-440,-0.04,1580,0.15,-570,-0.06,767820,191.96
2408,多頭出場,2024-05-10 09:10,L_Exit,20694,1,1036400,-1740,-0.17,480,0.05,-1720,-0.17,766080,191.52
2408,多頭進場,2024-05-10 08:50,L_Cmd,20728,1,1036400,-1740,-0.17,480,0.05,-1720,-0.17,766080,191.52
2409,多頭出場,2024-05-10 13:00,L_Exit,20827,1,1035150,6160,0.60,6230,0.60,-1270,-0.12,772180,193.05
2409,多頭進場,2024-05-10 11:05,L_Cmd,20703,1,1035150,6160,0.60,6230,0.60,-1270,-0.12,772180,193.05
2410,多頭出場,2024-05-10 13:00,L_Exit_Add,20827,1,1037550,3760,0.36,3830,0.37,-20,0.00,775960,193.99
2410,多頭進場,2024-05-10 12:45,L_Add,20751,1,1037550,3760,0.36,3830,0.37,-20,0.00,775960,193.99
2411,多頭出場,2024-05-10 13:00,L_Exit_G,20827,1,1038900,2410,0.23,2480,0.24,-370,-0.04,778390,194.60
2411,多頭進場,2024-05-10 12:50,L_Add,20778,1,1038900,2410,0.23,2480,0.24,-370,-0.04,778390,194.60
2412,多頭出場,2024-05-10 15:00,L_Exit_Add,20860,1,1039600,3360,0.32,3430,0.33,-1120,-0.11,781770,195.44
2412,多頭進場,2024-05-10 13:00,L_G_進,20792,1,1039600,3360,0.32,3430,0.33,-1120,-0.11,781770,195.44
2413,多頭出場,2024-05-10 21:30,L_Exit,20978,1,1046200,2660,0.25,2730,0.26,-70,-0.01,784410,196.10
2413,多頭進場,2024-05-10 21:10,L_Cmd,20924,1,1046200,2660,0.25,2730,0.26,-70,-0.01,784410,196.10
2414,多頭出場,2024-05-10 22:30,L_Exit_Add,20909,1,1047300,-1890,-0.18,1880,0.18,-1870,-0.18,782520,195.63
2414,多頭進場,2024-05-10 21:25,L_Add,20946,1,1047300,-1890,-0.18,1880,0.18,-1870,-0.18,782520,195.63
2415,多頭出場,2024-05-13 09:10,Trend Rev,20890,1,1048900,-4440,-0.42,280,0.03,-4520,-0.43,778100,194.53
2415,多頭進場,2024-05-10 21:35,L_Add,20978,1,1048900,-4440,-0.42,280,0.03,-4520,-0.43,778100,194.53
2416,多頭出場,2024-05-14 01:05,L_Exit,20885,1,1045500,-1290,-0.12,330,0.03,-1270,-0.12,776810,194.20
2416,多頭進場,2024-05-14 00:40,L_Cmd,20910,1,1045500,-1290,-0.12,330,0.03,-1270,-0.12,776810,194.20
2417,多頭出場,2024-05-14 09:15,L_Exit,20888,1,1046000,-1640,-0.16,1780,0.17,-1620,-0.15,775170,193.79
2417,多頭進場,2024-05-14 09:05,L_Cmd,20920,1,1046000,-1640,-0.16,1780,0.17,-1620,-0.15,775170,193.79
2418,多頭出場,2024-05-14 20:35,Trend Rev,20977,1,1049050,-240,-0.02,2430,0.23,-1470,-0.14,774930,193.73
2418,多頭進場,2024-05-14 12:10,L_Cmd,20981,1,1049050,-240,-0.02,2430,0.23,-1470,-0.14,774930,193.73
2419,多頭出場,2024-05-14 23:25,L_Exit,21075,1,1050700,3010,0.29,3080,0.29,-520,-0.05,777880,194.47
2419,多頭進場,2024-05-14 21:55,L_Cmd,21014,1,1050700,3010,0.29,3080,0.29,-520,-0.05,777880,194.47
2420,多頭出場,2024-05-15 00:10,L_Exit_G,21084,1,1052250,1910,0.18,1980,0.19,-1320,-0.13,779790,194.95
2420,多頭進場,2024-05-14 22:25,L_Add,21045,1,1052250,1910,0.18,1980,0.19,-1320,-0.13,779790,194.95
2421,多頭出場,2024-05-15 02:10,L_Exit_G,21099,1,1052700,2210,0.21,2280,0.22,-170,-0.02,782020,195.51
2421,多頭進場,2024-05-14 23:00,L_Add,21054,1,1052700,2210,0.21,2280,0.22,-170,-0.02,782020,195.51
2422,多頭出場,2024-05-15 02:15,L_Exit_Add,21107,1,1053100,2210,0.21,2280,0.22,-270,-0.03,784250,196.06
2422,多頭進場,2024-05-14 23:10,L_G_進,21062,1,1053100,2210,0.21,2280,0.22,-270,-0.03,784250,196.06
2423,多頭出場,2024-05-15 02:30,L_Exit_Add,21111,1,1053900,1610,0.15,1680,0.16,-520,-0.05,785880,196.47
2423,多頭進場,2024-05-15 00:10,L_G_進,21078,1,1053900,1610,0.15,1680,0.16,-520,-0.05,785880,196.47
2424,多頭出場,2024-05-15 08:45,L_Exit,21191,1,1057450,2060,0.19,2130,0.20,-120,-0.01,787920,196.98
2424,多頭進場,2024-05-15 03:20,L_Cmd,21149,1,1057450,2060,0.19,2130,0.20,-120,-0.01,787920,196.98
2425,多頭出場,2024-05-15 08:45,L_Exit_Add,21125,1,1058400,-2190,-0.21,1180,0.11,-2170,-0.21,785750,196.44
2425,多頭進場,2024-05-15 03:45,L_Add,21168,1,1058400,-2190,-0.21,1180,0.11,-2170,-0.21,785750,196.44
2426,多頭出場,2024-05-15 10:05,L_Exit,21314,1,1060900,4760,0.45,4830,0.46,-470,-0.04,790470,197.62
2426,多頭進場,2024-05-15 09:40,L_Cmd,21218,1,1060900,4760,0.45,4830,0.46,-470,-0.04,790470,197.62
2427,多頭出場,2024-05-15 10:20,L_Exit_Add,21366,1,1064200,4060,0.38,4130,0.39,-570,-0.05,794550,198.64
2427,多頭進場,2024-05-15 09:55,L_Add,21284,1,1064200,4060,0.38,4130,0.39,-570,-0.05,794550,198.64
2428,多頭出場,2024-05-15 11:50,L_Exit_Add,21247,1,1064850,-2540,-0.24,4130,0.39,-2520,-0.24,791990,198.00
2428,多頭進場,2024-05-15 10:05,L_Add,21297,1,1064850,-2540,-0.24,4130,0.39,-2520,-0.24,791990,198.00
2429,多頭出場,2024-05-15 12:35,L_Exit_Add,21239,1,1068250,-6340,-0.59,730,0.07,-6320,-0.59,785670,196.42
2429,多頭進場,2024-05-15 10:25,L_Add,21365,1,1068250,-6340,-0.59,730,0.07,-6320,-0.59,785670,196.42
2430,多頭出場,2024-05-15 21:10,L_Exit_Add,21397,1,1068650,1160,0.11,1230,0.12,-8870,-0.83,786850,196.71
2430,多頭進場,2024-05-15 10:35,L_Add,21373,1,1068650,1160,0.11,1230,0.12,-8870,-0.83,786850,196.71
2431,多頭出場,2024-05-15 21:45,L_Exit,21340,1,1069700,-2740,-0.26,80,0.01,-2720,-0.25,784110,196.03
2431,多頭進場,2024-05-15 21:15,L_Cmd,21394,1,1069700,-2740,-0.26,80,0.01,-2720,-0.25,784110,196.03
2432,多頭出場,2024-05-16 03:35,L_G_Cut,21461,1,1069950,3060,0.29,4230,0.40,-370,-0.03,787110,196.78
2432,多頭進場,2024-05-15 22:50,L_Cmd,21399,1,1069950,3060,0.29,4230,0.40,-370,-0.03,787110,196.78
2433,多頭出場,2024-05-16 08:50,L_Exit,21487,1,1072100,2210,0.21,2280,0.21,-1020,-0.10,789340,197.33
2433,多頭進場,2024-05-15 23:10,L_Add,21442,1,1072100,2210,0.21,2280,0.21,-1020,-0.10,789340,197.33
2434,多頭出場,2024-05-16 09:20,L_Exit_Add,21521,1,1072900,3110,0.29,3180,0.30,-1820,-0.17,792470,198.12
2434,多頭進場,2024-05-15 23:15,L_Add,21458,1,1072900,3110,0.29,3180,0.30,-1820,-0.17,792470,198.12
2435,多頭出場,2024-05-16 09:30,L_Exit_Add,21531,1,1073550,2960,0.28,3030,0.28,-2320,-0.22,795430,198.86
2435,多頭進場,2024-05-16 00:55,L_G_進,21471,1,1073550,2960,0.28,3030,0.28,-2320,-0.22,795430,198.86
2436,多頭出場,2024-05-16 10:00,L_Exit_Add,21445,1,1075800,-3590,-0.33,2030,0.19,-3570,-0.33,791840,197.96
2436,多頭進場,2024-05-16 09:25,L_Add,21516,1,1075800,-3590,-0.33,2030,0.19,-3570,-0.33,791840,197.96
2437,多頭出場,2024-05-16 10:05,L_Exit_Add,21408,1,1077650,-7290,-0.68,180,0.02,-7270,-0.67,784570,196.14
2437,多頭進場,2024-05-16 09:45,L_Add,21553,1,1077650,-7290,-0.68,180,0.02,-7270,-0.67,784570,196.14
2438,多頭出場,2024-05-17 00:05,Trend Rev,21382,1,1069150,-90,-0.01,2830,0.26,-1270,-0.12,784440,196.11
2438,多頭進場,2024-05-16 22:05,L_Cmd,21383,1,1069150,-90,-0.01,2830,0.26,-1270,-0.12,784440,196.11
2439,多頭出場,2024-05-17 00:05,Trend Rev,21382,1,1070700,-1640,-0.15,1280,0.12,-1920,-0.18,782820,195.71
2439,多頭進場,2024-05-16 22:50,L_Add,21414,1,1070700,-1640,-0.15,1280,0.12,-1920,-0.18,782820,195.71
2440,多頭出場,2024-05-17 00:05,Trend Rev,21382,1,1071450,-2390,-0.22,530,0.05,-2670,-0.25,780450,195.11
2440,多頭進場,2024-05-16 22:55,L_Add,21429,1,1071450,-2390,-0.22,530,0.05,-2670,-0.25,780450,195.11
2441,多頭出場,2024-05-17 09:15,Trend Rev,21326,1,1068350,-2090,-0.20,530,0.05,-2170,-0.20,778360,194.59
2441,多頭進場,2024-05-17 09:00,L_Cmd,21367,1,1068350,-2090,-0.20,530,0.05,-2170,-0.20,778360,194.59
2442,多頭出場,2024-05-17 10:35,Trend Rev,21339,1,1070100,-3190,-0.30,180,0.02,-3270,-0.31,775170,193.79
2442,多頭進場,2024-05-17 10:00,L_Cmd,21402,1,1070100,-3190,-0.30,180,0.02,-3270,-0.31,775170,193.79
2443,多頭出場,2024-05-17 13:25,Trend Rev,21343,1,1067800,-690,-0.06,230,0.02,-820,-0.08,774480,193.62
2443,多頭進場,2024-05-17 13:15,L_Cmd,21356,1,1067800,-690,-0.06,230,0.02,-820,-0.08,774480,193.62
2444,多頭出場,2024-05-17 22:20,L_Exit,21429,1,1069100,2310,0.22,2380,0.22,-670,-0.06,776770,194.19
2444,多頭進場,2024-05-17 21:10,L_Cmd,21382,1,1069100,2310,0.22,2380,0.22,-670,-0.06,776770,194.19
2445,多頭出場,2024-05-17 23:30,L_G_Cut,21397,1,1070450,-640,-0.06,2530,0.24,-1220,-0.11,776090,194.02
2445,多頭進場,2024-05-17 22:15,L_Add,21409,1,1070450,-640,-0.06,2530,0.24,-1220,-0.11,776090,194.02
2446,多頭出場,2024-05-17 23:35,L_Exit_Add,21375,1,1071450,-2740,-0.26,1530,0.14,-2720,-0.25,773370,193.34
2446,多頭進場,2024-05-17 22:25,L_Add,21429,1,1071450,-2740,-0.26,1530,0.14,-2720,-0.25,773370,193.34
2447,多頭出場,2024-05-18 02:05,Trend Rev,21370,1,1072250,-3790,-0.35,730,0.07,-4120,-0.38,769600,192.40
2447,多頭進場,2024-05-17 22:35,L_Add,21445,1,1072250,-3790,-0.35,730,0.07,-4120,-0.38,769600,192.40
2448,多頭出場,2024-05-18 02:05,Trend Rev,21370,1,1072900,-4440,-0.41,80,0.01,-4770,-0.44,765180,191.30
2448,多頭進場,2024-05-17 22:45,L_G_進,21458,1,1072900,-4440,-0.41,80,0.01,-4770,-0.44,765180,191.30
2449,多頭出場,2024-05-20 08:45,L_Exit,21484,1,1069750,4410,0.41,4480,0.42,-520,-0.05,769590,192.40
2449,多頭進場,2024-05-18 03:20,L_Cmd,21395,1,1069750,4410,0.41,4480,0.42,-520,-0.05,769590,192.40
2450,多頭出場,2024-05-20 09:00,L_Exit,21379,1,1071050,-2140,-0.20,380,0.04,-2120,-0.20,767450,191.86
2450,多頭進場,2024-05-20 08:50,L_Cmd,21421,1,1071050,-2140,-0.20,380,0.04,-2120,-0.20,767450,191.86
2451,多頭出場,2024-05-20 10:55,Trend Rev,21371,1,1069750,-1240,-0.12,80,0.01,-1420,-0.13,766210,191.55
2451,多頭進場,2024-05-20 10:50,L_Cmd,21395,1,1069750,-1240,-0.12,80,0.01,-1420,-0.13,766210,191.55
2452,多頭出場,2024-05-21 02:10,Trend Rev,21334,1,1066000,660,0.06,3330,0.31,-720,-0.07,766830,191.71
2452,多頭進場,2024-05-20 21:45,L_Cmd,21320,1,1066000,660,0.06,3330,0.31,-720,-0.07,766830,191.71
2453,多頭出場,2024-05-21 02:10,Trend Rev,21334,1,1068050,-1390,-0.13,1280,0.12,-2020,-0.19,765460,191.37
2453,多頭進場,2024-05-20 22:50,L_Add,21361,1,1068050,-1390,-0.13,1280,0.12,-2020,-0.19,765460,191.37
2454,多頭出場,2024-05-21 02:10,Trend Rev,21334,1,1068900,-2240,-0.21,430,0.04,-2870,-0.27,763240,190.81
2454,多頭進場,2024-05-21 00:40,L_Add,21378,1,1068900,-2240,-0.21,430,0.04,-2870,-0.27,763240,190.81
2455,多頭出場,2024-05-21 08:45,L_Exit,21330,1,1068250,-1790,-0.17,580,0.05,-1770,-0.17,761450,190.36
2455,多頭進場,2024-05-21 03:10,L_Cmd,21365,1,1068250,-1790,-0.17,580,0.05,-1770,-0.17,761450,190.36
2456,多頭出場,2024-05-21 23:40,Trend Rev,21300,1,1065500,-540,-0.05,780,0.07,-620,-0.06,760910,190.23
2456,多頭進場,2024-05-21 22:30,L_Cmd,21310,1,1065500,-540,-0.05,780,0.07,-620,-0.06,760910,190.23
2457,多頭出場,2024-05-22 09:05,L_Exit,21392,1,1066950,2610,0.24,2680,0.25,-570,-0.05,763500,190.88
2457,多頭進場,2024-05-22 08:55,L_Cmd,21339,1,1066950,2610,0.24,2680,0.25,-570,-0.05,763500,190.88
2458,多頭出場,2024-05-22 10:05,L_Exit_Add,21487,1,1069650,4660,0.44,4730,0.44,-2020,-0.19,768120,192.03
2458,多頭進場,2024-05-22 09:05,L_Add,21393,1,1069650,4660,0.44,4730,0.44,-2020,-0.19,768120,192.03
2459,多頭出場,2024-05-22 10:05,L_Exit_Add,21487,1,1070650,3660,0.34,3730,0.35,-3020,-0.28,771800,192.95
2459,多頭進場,2024-05-22 09:10,L_Add,21413,1,1070650,3660,0.34,3730,0.35,-3020,-0.28,771800,192.95
2460,多頭出場,2024-05-22 10:05,L_Exit_G,21487,1,1071350,2960,0.28,3030,0.28,-3720,-0.35,774780,193.70
2460,多頭進場,2024-05-22 09:20,L_Add,21427,1,1071350,2960,0.28,3030,0.28,-3720,-0.35,774780,193.70
2461,多頭出場,2024-05-22 10:05,L_Exit_Add,21503,1,1072050,3060,0.29,3130,0.29,-520,-0.05,777860,194.47
2461,多頭進場,2024-05-22 09:50,L_G_進,21441,1,1072050,3060,0.29,3130,0.29,-520,-0.05,777860,194.47
2462,多頭出場,2024-05-22 15:05,L_G_Cut,21555,1,1075300,2410,0.22,5380,0.50,-1070,-0.10,780210,195.05
2462,多頭進場,2024-05-22 10:20,L_Cmd,21506,1,1075300,2410,0.22,5380,0.50,-1070,-0.10,780210,195.05
2463,多頭出場,2024-05-22 22:10,Trend Rev,21533,1,1078700,-2090,-0.19,1980,0.18,-2470,-0.23,778140,194.54
2463,多頭進場,2024-05-22 11:25,L_Add,21574,1,1078700,-2090,-0.19,1980,0.18,-2470,-0.23,778140,194.54
2464,多頭出場,2024-05-22 22:10,Trend Rev,21533,1,1079700,-3090,-0.29,980,0.09,-3470,-0.32,775070,193.77
2464,多頭進場,2024-05-22 12:15,L_Add,21594,1,1079700,-3090,-0.29,980,0.09,-3470,-0.32,775070,193.77
2465,多頭出場,2024-05-22 22:10,Trend Rev,21533,1,1080500,-3890,-0.36,180,0.02,-4270,-0.40,771200,192.80
2465,多頭進場,2024-05-22 12:40,L_G_進,21610,1,1080500,-3890,-0.36,180,0.02,-4270,-0.40,771200,192.80
2466,多頭出場,2024-05-23 01:40,Trend Rev,21524,1,1077550,-1390,-0.13,180,0.02,-1870,-0.17,769810,192.45
2466,多頭進場,2024-05-23 00:05,L_Cmd,21551,1,1077550,-1390,-0.13,180,0.02,-1870,-0.17,769810,192.45
2467,多頭出場,2024-05-23 09:15,L_Exit,21531,1,1080600,-4090,-0.38,1130,0.10,-4070,-0.38,765720,191.43
2467,多頭進場,2024-05-23 08:50,L_Cmd,21612,1,1080600,-4090,-0.38,1130,0.10,-4070,-0.38,765720,191.43
2468,多頭出場,2024-05-23 17:00,L_Exit,21579,1,1081000,-2090,-0.19,480,0.04,-2070,-0.19,763630,190.91
2468,多頭進場,2024-05-23 13:25,L_Cmd,21620,1,1081000,-2090,-0.19,480,0.04,-2070,-0.19,763630,190.91
2469,多頭出場,2024-05-24 09:25,Trend Rev,21510,1,1075950,-490,-0.05,530,0.05,-970,-0.09,763140,190.79
2469,多頭進場,2024-05-24 09:20,L_Cmd,21519,1,1075950,-490,-0.05,530,0.05,-970,-0.09,763140,190.79
2470,多頭出場,2024-05-24 10:20,Trend Rev,21508,1,1077000,-1640,-0.15,1480,0.14,-1770,-0.16,761500,190.38
2470,多頭進場,2024-05-24 09:50,L_Cmd,21540,1,1077000,-1640,-0.15,1480,0.14,-1770,-0.16,761500,190.38
2471,多頭出場,2024-05-24 21:40,Trend Rev,21574,1,1079450,-790,-0.07,1880,0.17,-2270,-0.21,760710,190.18
2471,多頭進場,2024-05-24 11:35,L_Cmd,21589,1,1079450,-790,-0.07,1880,0.17,-2270,-0.21,760710,190.18
2472,多頭出場,2024-05-24 23:10,L_Exit,21694,1,1080750,3910,0.36,3980,0.37,-170,-0.02,764560,191.14
2472,多頭進場,2024-05-24 22:05,L_Cmd,21615,1,1080750,3910,0.36,3980,0.37,-170,-0.02,764560,191.14
2473,多頭出場,2024-05-25 01:00,L_G_Cut,21645,1,1082450,-240,-0.02,2430,0.22,-1170,-0.11,764320,191.08
2473,多頭進場,2024-05-24 22:25,L_Add,21649,1,1082450,-240,-0.02,2430,0.22,-1170,-0.11,764320,191.08
2474,多頭出場,2024-05-25 01:00,L_G_Cut,21645,1,1083250,-1040,-0.10,1630,0.15,-1770,-0.16,763300,190.83
2474,多頭進場,2024-05-24 22:55,L_Add,21665,1,1083250,-1040,-0.10,1630,0.15,-1770,-0.16,763300,190.83
2475,多頭出場,2024-05-27 08:50,L_Exit_Add,21716,1,1083850,1910,0.18,1980,0.18,-2370,-0.22,765230,191.31
2475,多頭進場,2024-05-24 23:05,L_G_進,21677,1,1083850,1910,0.18,1980,0.18,-2370,-0.22,765230,191.31
2476,多頭出場,2024-05-27 09:00,L_Exit_Add,21766,1,1084850,3410,0.31,3480,0.32,-3370,-0.31,768660,192.17
2476,多頭進場,2024-05-24 23:20,L_G_進,21697,1,1084850,3410,0.31,3480,0.32,-3370,-0.31,768660,192.17
2477,多頭出場,2024-05-27 09:25,L_Exit,21863,1,1088000,5110,0.47,5180,0.48,-370,-0.03,773730,193.43
2477,多頭進場,2024-05-27 09:05,L_Cmd,21760,1,1088000,5110,0.47,5180,0.48,-370,-0.03,773730,193.43
2478,多頭出場,2024-05-27 10:00,L_Exit_Add,21914,1,1090450,5210,0.48,5280,0.48,-370,-0.03,778920,194.73
2478,多頭進場,2024-05-27 09:20,L_Add,21809,1,1090450,5210,0.48,5280,0.48,-370,-0.03,778920,194.73
2479,多頭出場,2024-05-27 12:05,L_G_Cut,21835,1,1092450,-740,-0.07,3380,0.31,-2370,-0.22,778200,194.55
2479,多頭進場,2024-05-27 09:25,L_Add,21849,1,1092450,-740,-0.07,3380,0.31,-2370,-0.22,778200,194.55
2480,多頭出場,2024-05-28 04:35,Trend Rev,21892,1,1093500,1060,0.10,2930,0.27,-4020,-0.37,779280,194.82
2480,多頭進場,2024-05-27 09:45,L_Add,21870,1,1093500,1060,0.10,2930,0.27,-4020,-0.37,779280,194.82
2481,多頭出場,2024-05-28 04:35,Trend Rev,21892,1,1095300,-740,-0.07,1130,0.10,-5820,-0.53,778560,194.64
2481,多頭進場,2024-05-27 10:00,L_G_進,21906,1,1095300,-740,-0.07,1130,0.10,-5820,-0.53,778560,194.64
2482,多頭出場,2024-05-28 18:25,Trend Rev,21930,1,1095600,860,0.08,4130,0.38,-1220,-0.11,779380,194.85
2482,多頭進場,2024-05-28 09:50,L_Cmd,21912,1,1095600,860,0.08,4130,0.38,-1220,-0.11,779380,194.85
2483,多頭出場,2024-05-28 18:25,Trend Rev,21930,1,1098250,-1790,-0.16,1480,0.13,-1970,-0.18,777610,194.40
2483,多頭進場,2024-05-28 11:45,L_Add,21965,1,1098250,-1790,-0.16,1480,0.13,-1970,-0.18,777610,194.40
2484,多頭出場,2024-05-28 18:25,Trend Rev,21930,1,1099650,-3190,-0.29,30,0.00,-3370,-0.31,774440,193.61
2484,多頭進場,2024-05-28 13:20,L_Add,21993,1,1099650,-3190,-0.29,30,0.00,-3370,-0.31,774440,193.61
2485,多頭出場,2024-05-28 23:10,Trend Rev,21926,1,1097850,-1590,-0.14,80,0.01,-1670,-0.15,772850,193.21
2485,多頭進場,2024-05-28 23:00,L_Cmd,21957,1,1097850,-1590,-0.14,80,0.01,-1670,-0.15,772850,193.21
2486,空頭出場,2024-05-30 00:50,S_Exit,21599,1,1077550,-2440,-0.23,130,0.01,-2420,-0.22,770410,192.60
2486,空頭進場,2024-05-29 23:10,S_Cmd,21551,1,1077550,-2440,-0.23,130,0.01,-2420,-0.22,770410,192.60
2487,空頭出場,2024-05-30 08:45,S_Exit,21509,1,1078450,2960,0.27,3030,0.28,-370,-0.03,773370,193.34
2487,空頭進場,2024-05-30 04:30,S_Cmd,21569,1,1078450,2960,0.27,3030,0.28,-370,-0.03,773370,193.34
2488,空頭出場,2024-05-30 09:35,S_Exit,21512,1,1073600,-2040,-0.19,2280,0.21,-2020,-0.19,771330,192.83
2488,空頭進場,2024-05-30 08:50,S_Cmd,21472,1,1073600,-2040,-0.19,2280,0.21,-2020,-0.19,771330,192.83
2489,空頭出場,2024-05-30 12:45,S_Exit,21369,1,1071750,3260,0.30,3330,0.31,-420,-0.04,774570,193.64
2489,空頭進場,2024-05-30 12:20,S_Cmd,21435,1,1071750,3260,0.30,3330,0.31,-420,-0.04,774570,193.64
2490,空頭出場,2024-05-30 16:30,S_Exit_Add,21483,1,1069550,-4640,-0.43,1180,0.11,-4620,-0.43,769950,192.49
2490,空頭進場,2024-05-30 12:45,S_Add,21391,1,1069550,-4640,-0.43,1180,0.11,-4620,-0.43,769950,192.49
2491,空頭出場,2024-05-30 22:50,Trend Rev,21529,1,1075600,-890,-0.08,1080,0.10,-970,-0.09,769060,192.27
2491,空頭進場,2024-05-30 22:40,S_Cmd,21512,1,1075600,-890,-0.08,1080,0.10,-970,-0.09,769060,192.27
2492,空頭出場,2024-05-31 03:55,Trend Rev,21562,1,1077850,-290,-0.03,1780,0.17,-1370,-0.13,768750,192.19
2492,空頭進場,2024-05-31 03:25,S_Cmd,21557,1,1077850,-290,-0.03,1780,0.17,-1370,-0.13,768750,192.19
2493,空頭出場,2024-05-31 03:55,Trend Rev,21562,1,1076350,-1790,-0.17,280,0.03,-1970,-0.18,766980,191.75
2493,空頭進場,2024-05-31 03:50,S_Add,21527,1,1076350,-1790,-0.17,280,0.03,-1970,-0.18,766980,191.75
2494,空頭出場,2024-05-31 09:00,S_Exit,21529,1,1074050,-2440,-0.23,730,0.07,-2420,-0.23,764540,191.14
2494,空頭進場,2024-05-31 08:50,S_Cmd,21481,1,1074050,-2440,-0.23,730,0.07,-2420,-0.23,764540,191.14
2495,空頭出場,2024-05-31 11:15,S_Exit,21309,1,1071800,6310,0.59,6380,0.60,-1070,-0.10,770850,192.71
2495,空頭進場,2024-05-31 10:45,S_Cmd,21436,1,1071800,6310,0.59,6380,0.60,-1070,-0.10,770850,192.71
2496,空頭出場,2024-05-31 20:30,S_Exit,21391,1,1065900,-3690,-0.35,3130,0.29,-3670,-0.34,767160,191.79
2496,空頭進場,2024-05-31 13:25,S_Cmd,21318,1,1065900,-3690,-0.35,3130,0.29,-3670,-0.34,767160,191.79
2497,空頭出場,2024-05-31 22:40,S_Exit,21245,1,1066500,4210,0.39,4280,0.40,-420,-0.04,771350,192.84
2497,空頭進場,2024-05-31 22:20,S_Cmd,21330,1,1066500,4210,0.39,4280,0.40,-420,-0.04,771350,192.84
2498,空頭出場,2024-05-31 23:05,S_Exit_Add,21196,1,1064100,4260,0.40,4330,0.41,-420,-0.04,775610,193.90
2498,空頭進場,2024-05-31 22:35,S_Add,21282,1,1064100,4260,0.40,4330,0.41,-420,-0.04,775610,193.90
2499,空頭出場,2024-06-01 00:15,S_Exit_Add,21149,1,1061150,3660,0.34,3730,0.35,-1870,-0.18,779270,194.82
2499,空頭進場,2024-05-31 22:55,S_Add,21223,1,1061150,3660,0.34,3730,0.35,-1870,-0.18,779270,194.82
2500,空頭出場,2024-06-01 03:40,S_Exit_Add,21283,1,1058550,-5640,-0.53,2030,0.19,-5620,-0.53,773650,193.41
2500,空頭進場,2024-06-01 00:15,S_Add,21171,1,1058550,-5640,-0.53,2030,0.19,-5620,-0.53,773650,193.41
2501,多頭出場,2024-06-03 22:00,Trend Rev,21574,1,1080050,-1390,-0.13,4830,0.45,-2070,-0.19,772240,193.06
2501,多頭進場,2024-06-03 10:05,L_Cmd,21601,1,1080050,-1390,-0.13,4830,0.45,-2070,-0.19,772240,193.06
2502,多頭出場,2024-06-03 22:00,Trend Rev,21574,1,1084250,-5590,-0.52,630,0.06,-6270,-0.58,766670,191.67
2502,多頭進場,2024-06-03 10:50,L_Add,21685,1,1084250,-5590,-0.52,630,0.06,-6270,-0.58,766670,191.67
2503,空頭出場,2024-06-04 00:20,S_Exit,21407,1,1074050,3660,0.34,3730,0.35,-2470,-0.23,770310,192.58
2503,空頭進場,2024-06-03 23:05,S_Cmd,21481,1,1074050,3660,0.34,3730,0.35,-2470,-0.23,770310,192.58
2504,空頭出場,2024-06-04 03:35,Trend Rev,21527,1,1071350,-5040,-0.47,1030,0.10,-5270,-0.49,765290,191.32
2504,空頭進場,2024-06-04 00:15,S_Add,21427,1,1071350,-5040,-0.47,1030,0.10,-5270,-0.49,765290,191.32
2505,空頭出場,2024-06-04 11:00,S_Exit,21285,1,1069450,5160,0.48,5230,0.49,-270,-0.03,770430,192.61
2505,空頭進場,2024-06-04 10:30,S_Cmd,21389,1,1069450,5160,0.48,5230,0.49,-270,-0.03,770430,192.61
2506,空頭出場,2024-06-04 15:00,S_Exit_Add,21189,1,1065400,5910,0.55,5980,0.56,-5220,-0.49,776360,194.09
2506,空頭進場,2024-06-04 11:00,S_Add,21308,1,1065400,5910,0.55,5980,0.56,-5220,-0.49,776360,194.09
2507,空頭出場,2024-06-05 02:15,Trend Rev,21261,1,1060800,-2290,-0.22,2180,0.21,-2370,-0.22,774070,193.52
2507,空頭進場,2024-06-04 23:30,S_Cmd,21216,1,1060800,-2290,-0.22,2180,0.21,-2370,-0.22,774070,193.52
2508,空頭出場,2024-06-05 09:30,Trend Rev,21295,1,1064050,-740,-0.07,2680,0.25,-770,-0.07,773330,193.33
2508,空頭進場,2024-06-05 09:20,S_Cmd,21281,1,1064050,-740,-0.07,2680,0.25,-770,-0.07,773330,193.33
2509,多頭出場,2024-06-05 22:20,L_Exit,21678,1,1079200,4660,0.43,4730,0.44,-170,-0.02,777930,194.48
2509,多頭進場,2024-06-05 21:25,L_Cmd,21584,1,1079200,4660,0.43,4730,0.44,-170,-0.02,777930,194.48
2510,多頭出場,2024-06-05 22:20,L_Exit_G,21678,1,1080900,2960,0.27,3030,0.28,-1170,-0.11,780910,195.23
2510,多頭進場,2024-06-05 21:40,L_Add,21618,1,1080900,2960,0.27,3030,0.28,-1170,-0.11,780910,195.23
2511,多頭出場,2024-06-05 22:35,L_Exit_Add,21706,1,1082100,3160,0.29,3230,0.30,-2370,-0.22,784050,196.01
2511,多頭進場,2024-06-05 21:45,L_Add,21642,1,1082100,3160,0.29,3230,0.30,-2370,-0.22,784050,196.01
2512,多頭出場,2024-06-05 23:00,L_Exit_G,21727,1,1082250,4060,0.38,4130,0.38,-2520,-0.23,788110,197.03
2512,多頭進場,2024-06-05 22:00,L_G_進,21645,1,1082250,4060,0.38,4130,0.38,-2520,-0.23,788110,197.03
2513,多頭出場,2024-06-05 23:10,L_Exit_Add,21747,1,1083900,3410,0.31,3480,0.32,-520,-0.05,791520,197.88
2513,多頭進場,2024-06-05 22:25,L_Add,21678,1,1083900,3410,0.31,3480,0.32,-520,-0.05,791520,197.88
2514,多頭出場,2024-06-05 23:10,L_Exit_G,21747,1,1084650,2660,0.25,2730,0.25,-570,-0.05,794200,198.55
2514,多頭進場,2024-06-05 22:35,L_G_進,21693,1,1084650,2660,0.25,2730,0.25,-570,-0.05,794200,198.55
2515,多頭出場,2024-06-05 23:15,L_Exit_G,21768,1,1085150,3210,0.30,3280,0.30,-1070,-0.10,797410,199.35
2515,多頭進場,2024-06-05 22:50,L_G_進,21703,1,1085150,3210,0.30,3280,0.30,-1070,-0.10,797410,199.35
2516,多頭出場,2024-06-05 23:15,L_Exit_Add,21768,1,1086200,2160,0.20,2230,0.21,-670,-0.06,799590,199.90
2516,多頭進場,2024-06-05 23:05,L_G_進,21724,1,1086200,2160,0.20,2230,0.21,-670,-0.06,799590,199.90
2517,多頭出場,2024-06-06 03:55,L_Exit_Add,21796,1,1087300,2460,0.23,2530,0.23,-1220,-0.11,802030,200.51
2517,多頭進場,2024-06-05 23:15,L_Add,21746,1,1087300,2460,0.23,2530,0.23,-1220,-0.11,802030,200.51
2518,多頭出場,2024-06-06 08:45,L_Exit_Add,21865,1,1088750,4460,0.41,4530,0.42,-2670,-0.25,806510,201.63
2518,多頭進場,2024-06-05 23:35,L_Add,21775,1,1088750,4460,0.41,4530,0.42,-2670,-0.25,806510,201.63
2519,多頭出場,2024-06-06 08:45,L_Exit_Add,21865,1,1089600,3610,0.33,3680,0.34,-1070,-0.10,810140,202.54
2519,多頭進場,2024-06-06 03:55,L_Add,21792,1,1089600,3610,0.33,3680,0.34,-1070,-0.10,810140,202.54
2520,多頭出場,2024-06-06 09:40,L_Exit,21817,1,1094650,-3840,-0.35,930,0.08,-3820,-0.35,806300,201.58
2520,多頭進場,2024-06-06 09:25,L_Cmd,21893,1,1094650,-3840,-0.35,930,0.08,-3820,-0.35,806300,201.58
2521,多頭出場,2024-06-06 13:25,L_Exit,21855,1,1096850,-4140,-0.38,1180,0.11,-4120,-0.38,802160,200.54
2521,多頭進場,2024-06-06 11:10,L_Cmd,21937,1,1096850,-4140,-0.38,1180,0.11,-4120,-0.38,802160,200.54
2522,多頭出場,2024-06-07 13:30,Trend Rev,21837,1,1092400,-590,-0.05,1280,0.12,-1120,-0.10,801570,200.39
2522,多頭進場,2024-06-07 11:35,L_Cmd,21848,1,1092400,-590,-0.05,1280,0.12,-1120,-0.10,801570,200.39
2523,多頭出場,2024-06-07 22:15,Trend Rev,21844,1,1093600,-1440,-0.13,630,0.06,-1720,-0.16,800130,200.03
2523,多頭進場,2024-06-07 22:00,L_Cmd,21872,1,1093600,-1440,-0.13,630,0.06,-1720,-0.16,800130,200.03
2524,多頭出場,2024-06-07 23:05,Trend Rev,21848,1,1094650,-2290,-0.21,680,0.06,-2570,-0.23,797840,199.46
2524,多頭進場,2024-06-07 22:45,L_Cmd,21893,1,1094650,-2290,-0.21,680,0.06,-2570,-0.23,797840,199.46
2525,多頭出場,2024-06-11 10:05,L_Exit,21969,1,1092950,5460,0.50,5530,0.51,-1370,-0.13,803260,200.82
2525,多頭進場,2024-06-11 08:50,L_Cmd,21859,1,1092950,5460,0.50,5530,0.51,-1370,-0.13,803260,200.82
2526,多頭出場,2024-06-11 10:45,Trend Rev,21837,1,1095150,-3340,-0.30,3330,0.30,-3370,-0.31,799940,199.99
2526,多頭進場,2024-06-11 09:40,L_Add,21903,1,1095150,-3340,-0.30,3330,0.30,-3370,-0.31,799940,199.99
2527,多頭出場,2024-06-11 10:45,Trend Rev,21837,1,1096650,-4840,-0.44,1830,0.17,-4870,-0.44,795120,198.78
2527,多頭進場,2024-06-11 10:05,L_Add,21933,1,1096650,-4840,-0.44,1830,0.17,-4870,-0.44,795120,198.78
2528,多頭出場,2024-06-11 12:40,Trend Rev,21832,1,1092250,-690,-0.06,380,0.03,-1170,-0.11,794430,198.61
2528,多頭進場,2024-06-11 12:30,L_Cmd,21845,1,1092250,-690,-0.06,380,0.03,-1170,-0.11,794430,198.61
2529,多頭出場,2024-06-12 08:50,L_Exit,21803,1,1092700,-2590,-0.24,180,0.02,-2570,-0.24,791840,197.96
2529,多頭進場,2024-06-12 03:05,L_Cmd,21854,1,1092700,-2590,-0.24,180,0.02,-2570,-0.24,791840,197.96
2530,多頭出場,2024-06-12 09:45,L_Exit,21949,1,1093350,4060,0.37,4130,0.38,-720,-0.07,795880,198.97
2530,多頭進場,2024-06-12 09:10,L_Cmd,21867,1,1093350,4060,0.37,4130,0.38,-720,-0.07,795880,198.97
2531,多頭出場,2024-06-12 12:35,L_Exit_Add,22023,1,1096950,4160,0.38,4230,0.39,-4720,-0.43,800020,200.01
2531,多頭進場,2024-06-12 09:35,L_Add,21939,1,1096950,4160,0.38,4230,0.39,-4720,-0.43,800020,200.01
2532,多頭出場,2024-06-12 13:20,L_Exit_Add,22060,1,1099350,3610,0.33,3680,0.33,-770,-0.07,803610,200.90
2532,多頭進場,2024-06-12 11:35,L_Add,21987,1,1099350,3610,0.33,3680,0.33,-770,-0.07,803610,200.90
2533,多頭出場,2024-06-12 13:20,L_Exit_G,22060,1,1099950,3010,0.27,3080,0.28,-470,-0.04,806640,201.66
2533,多頭進場,2024-06-12 12:25,L_Add,21999,1,1099950,3010,0.27,3080,0.28,-470,-0.04,806640,201.66
2534,多頭出場,2024-06-12 15:50,L_Exit_Add,22073,1,1101500,2110,0.19,2180,0.20,-520,-0.05,808770,202.19
2534,多頭進場,2024-06-12 13:15,L_Add,22030,1,1101500,2110,0.19,2180,0.20,-520,-0.05,808770,202.19
2535,多頭出場,2024-06-12 20:25,L_Exit_Add,22117,1,1102250,3560,0.32,3630,0.33,-1270,-0.12,812350,203.09
2535,多頭進場,2024-06-12 13:20,L_G_進,22045,1,1102250,3560,0.32,3630,0.33,-1270,-0.12,812350,203.09
2536,多頭出場,2024-06-13 02:05,L_G_Cut,22268,1,1111950,1410,0.13,5030,0.45,-1570,-0.14,813700,203.43
2536,多頭進場,2024-06-12 21:10,L_Cmd,22239,1,1111950,1410,0.13,5030,0.45,-1570,-0.14,813700,203.43
2537,多頭出場,2024-06-13 03:30,L_Exit_Add,22201,1,1114050,-4040,-0.36,2930,0.26,-4020,-0.36,809680,202.42
2537,多頭進場,2024-06-12 22:20,L_Add,22281,1,1114050,-4040,-0.36,2930,0.26,-4020,-0.36,809680,202.42
2538,多頭出場,2024-06-13 09:05,L_Exit,22351,1,1115100,2410,0.22,2480,0.22,-5470,-0.49,812110,203.03
2538,多頭進場,2024-06-12 22:30,L_Add,22302,1,1115100,2410,0.22,2480,0.22,-5470,-0.49,812110,203.03
2539,多頭出場,2024-06-13 09:10,L_Exit_Add,22376,1,1116150,2610,0.23,2680,0.24,-6520,-0.58,814740,203.68
2539,多頭進場,2024-06-13 01:00,L_G_進,22323,1,1116150,2610,0.23,2680,0.24,-6520,-0.58,814740,203.68
2540,多頭出場,2024-06-13 10:10,L_Exit_Add,22325,1,1119700,-3490,-0.31,3930,0.35,-3470,-0.31,811230,202.81
2540,多頭進場,2024-06-13 09:25,L_Cmd,22394,1,1119700,-3490,-0.31,3930,0.35,-3470,-0.31,811230,202.81
2541,多頭出場,2024-06-13 10:15,L_Exit,22315,1,1123350,-7640,-0.68,230,0.02,-7620,-0.68,803610,200.90
2541,多頭進場,2024-06-13 09:45,L_Add,22467,1,1123350,-7640,-0.68,230,0.02,-7620,-0.68,803610,200.90
2542,多頭出場,2024-06-13 18:20,Trend Rev,22291,1,1116650,-2140,-0.19,2780,0.25,-2820,-0.25,801470,200.37
2542,多頭進場,2024-06-13 12:45,L_Cmd,22333,1,1116650,-2140,-0.19,2780,0.25,-2820,-0.25,801470,200.37
2543,多頭出場,2024-06-13 21:45,Trend Rev,22293,1,1116400,-1790,-0.16,330,0.03,-1770,-0.16,799680,199.92
2543,多頭進場,2024-06-13 21:25,L_Cmd,22328,1,1116400,-1790,-0.16,330,0.03,-1770,-0.16,799680,199.92
2544,多頭出場,2024-06-14 04:00,Trend Rev,22273,1,1114700,-1090,-0.10,280,0.03,-1070,-0.10,798590,199.65
2544,多頭進場,2024-06-14 03:05,L_Cmd,22294,1,1114700,-1090,-0.10,280,0.03,-1070,-0.10,798590,199.65
2545,多頭出場,2024-06-14 09:25,L_Exit,22287,1,1116600,-2290,-0.21,1080,0.10,-2270,-0.20,796300,199.08
2545,多頭進場,2024-06-14 09:05,L_Cmd,22332,1,1116600,-2290,-0.21,1080,0.10,-2270,-0.20,796300,199.08
2546,多頭出場,2024-06-14 13:35,L_Exit_G,22504,1,1119000,6160,0.55,6230,0.56,-420,-0.04,802400,200.60
2546,多頭進場,2024-06-14 10:35,L_Cmd,22380,1,1119000,6160,0.55,6230,0.56,-420,-0.04,802400,200.60
2547,多頭出場,2024-06-14 13:40,L_Exit,22512,1,1121800,3760,0.34,3830,0.34,-1120,-0.10,806180,201.55
2547,多頭進場,2024-06-14 11:50,L_Add,22436,1,1121800,3760,0.34,3830,0.34,-1120,-0.10,806180,201.55
2548,多頭出場,2024-06-14 13:40,L_Exit_Add,22512,1,1123200,2360,0.21,2430,0.22,-870,-0.08,808560,202.14
2548,多頭進場,2024-06-14 12:55,L_Add,22464,1,1123200,2360,0.21,2430,0.22,-870,-0.08,808560,202.14
2549,多頭出場,2024-06-14 18:05,Trend Rev,22381,1,1124150,-5140,-0.46,1480,0.13,-5170,-0.46,803440,200.86
2549,多頭進場,2024-06-14 13:35,L_G_進,22483,1,1124150,-5140,-0.46,1480,0.13,-5170,-0.46,803440,200.86
2550,多頭出場,2024-06-14 22:40,Trend Rev,22390,1,1121350,-1890,-0.17,230,0.02,-1970,-0.18,801550,200.39
2550,多頭進場,2024-06-14 22:25,L_Cmd,22427,1,1121350,-1890,-0.17,230,0.02,-1970,-0.18,801550,200.39
2551,多頭出場,2024-06-14 23:50,Trend Rev,22406,1,1121350,-1090,-0.10,980,0.09,-1220,-0.11,800460,200.12
2551,多頭進場,2024-06-14 22:55,L_Cmd,22427,1,1121350,-1090,-0.10,980,0.09,-1220,-0.11,800460,200.12
2552,多頭出場,2024-06-17 12:55,Trend Rev,22466,1,1124450,-1190,-0.11,3280,0.29,-1370,-0.12,799250,199.81
2552,多頭進場,2024-06-17 09:35,L_Cmd,22489,1,1124450,-1190,-0.11,3280,0.29,-1370,-0.12,799250,199.81
2553,多頭出場,2024-06-17 12:55,Trend Rev,22466,1,1126850,-3590,-0.32,880,0.08,-3770,-0.33,795680,198.92
2553,多頭進場,2024-06-17 10:00,L_Add,22537,1,1126850,-3590,-0.32,880,0.08,-3770,-0.33,795680,198.92
2554,多頭出場,2024-06-17 21:35,L_Exit,22563,1,1130000,-1890,-0.17,80,0.01,-1870,-0.17,793790,198.45
2554,多頭進場,2024-06-17 21:15,L_Cmd,22600,1,1130000,-1890,-0.17,80,0.01,-1870,-0.17,793790,198.45
2555,多頭出場,2024-06-18 01:15,L_Exit,22682,1,1129800,4260,0.38,4330,0.38,-920,-0.08,798010,199.50
2555,多頭進場,2024-06-17 23:20,L_Cmd,22596,1,1129800,4260,0.38,4330,0.38,-920,-0.08,798010,199.50
2556,多頭出場,2024-06-18 01:30,L_Exit_Add,22692,1,1131450,3110,0.27,3180,0.28,-120,-0.01,801140,200.29
2556,多頭進場,2024-06-18 00:25,L_Add,22629,1,1131450,3110,0.27,3180,0.28,-120,-0.01,801140,200.29
2557,多頭出場,2024-06-18 01:50,L_Exit_Add,22717,1,1132600,3210,0.28,3280,0.29,-770,-0.07,804370,201.09
2557,多頭進場,2024-06-18 00:30,L_Add,22652,1,1132600,3210,0.28,3280,0.29,-770,-0.07,804370,201.09
2558,多頭出場,2024-06-18 08:45,L_Exit,22715,1,1138050,-2340,-0.21,280,0.02,-2320,-0.20,802030,200.51
2558,多頭進場,2024-06-18 03:20,L_Cmd,22761,1,1138050,-2340,-0.21,280,0.02,-2320,-0.20,802030,200.51
2559,多頭出場,2024-06-18 09:30,L_Exit,22705,1,1138750,-3540,-0.31,530,0.05,-3520,-0.31,798490,199.62
2559,多頭進場,2024-06-18 09:15,L_Cmd,22775,1,1138750,-3540,-0.31,530,0.05,-3520,-0.31,798490,199.62
2560,多頭出場,2024-06-18 15:00,L_Exit,22665,1,1137750,-4540,-0.40,2830,0.25,-4520,-0.40,793950,198.49
2560,多頭進場,2024-06-18 10:30,L_Cmd,22755,1,1137750,-4540,-0.40,2830,0.25,-4520,-0.40,793950,198.49
2561,多頭出場,2024-06-18 22:30,L_Exit,22908,1,1140800,4560,0.40,4630,0.41,-320,-0.03,798450,199.61
2561,多頭進場,2024-06-18 21:40,L_Cmd,22816,1,1140800,4560,0.40,4630,0.41,-320,-0.03,798450,199.61
2562,多頭出場,2024-06-18 22:40,L_Exit_G,22916,1,1142700,3060,0.27,3130,0.27,-170,-0.01,801510,200.38
2562,多頭進場,2024-06-18 22:00,L_Add,22854,1,1142700,3060,0.27,3130,0.27,-170,-0.01,801510,200.38
2563,多頭出場,2024-06-19 00:20,L_G_Cut,22863,1,1143700,-590,-0.05,2130,0.19,-1570,-0.14,800940,200.24
2563,多頭進場,2024-06-18 22:05,L_Add,22874,1,1143700,-590,-0.05,2130,0.19,-1570,-0.14,800940,200.24
2564,多頭出場,2024-06-19 09:20,L_Exit_Add,22932,1,1144200,2360,0.21,2430,0.21,-2070,-0.18,803320,200.83
2564,多頭進場,2024-06-18 22:15,L_G_進,22884,1,1144200,2360,0.21,2430,0.21,-2070,-0.18,803320,200.83
2565,多頭出場,2024-06-19 09:30,L_Exit_Add,22959,1,1145800,2110,0.18,2180,0.19,-3670,-0.32,805450,201.36
2565,多頭進場,2024-06-18 22:40,L_G_進,22916,1,1145800,2110,0.18,2180,0.19,-3670,-0.32,805450,201.36
2566,多頭出場,2024-06-19 11:05,L_Exit,23165,1,1150550,7660,0.67,7730,0.67,-920,-0.08,813070,203.27
2566,多頭進場,2024-06-19 10:15,L_Cmd,23011,1,1150550,7660,0.67,7730,0.67,-920,-0.08,813070,203.27
2567,多頭出場,2024-06-19 15:00,L_Exit_Add,23197,1,1153850,5960,0.52,6030,0.52,-2570,-0.22,819050,204.76
2567,多頭進場,2024-06-19 10:35,L_Add,23077,1,1153850,5960,0.52,6030,0.52,-2570,-0.22,819050,204.76
2568,多頭出場,2024-06-19 22:35,Trend Rev,23095,1,1156500,-1790,-0.15,4880,0.42,-5220,-0.45,817280,204.32
2568,多頭進場,2024-06-19 11:05,L_Add,23130,1,1156500,-1790,-0.15,4880,0.42,-5220,-0.45,817280,204.32
2569,多頭出場,2024-06-19 23:55,L_Exit,23116,1,1158000,-2240,-0.19,30,0.00,-2220,-0.19,815040,203.76
2569,多頭進場,2024-06-19 23:15,L_Cmd,23160,1,1158000,-2240,-0.19,30,0.00,-2220,-0.19,815040,203.76
2570,多頭出場,2024-06-20 10:35,L_Exit,23231,1,1157350,4160,0.36,4230,0.37,-970,-0.08,819140,204.79
2570,多頭進場,2024-06-20 09:05,L_Cmd,23147,1,1157350,4160,0.36,4230,0.37,-970,-0.08,819140,204.79
2571,多頭出場,2024-06-20 11:35,L_G_Cut,23186,1,1159200,60,0.01,2380,0.21,-1870,-0.16,819220,204.81
2571,多頭進場,2024-06-20 09:20,L_Add,23184,1,1159200,60,0.01,2380,0.21,-1870,-0.16,819220,204.81
2572,多頭出場,2024-06-20 12:10,L_Exit_Add,23266,1,1160400,2860,0.25,2930,0.25,-1370,-0.12,822080,205.52
2572,多頭進場,2024-06-20 10:30,L_Add,23208,1,1160400,2860,0.25,2930,0.25,-1370,-0.12,822080,205.52
2573,多頭出場,2024-06-20 12:15,L_Exit_Add,23286,1,1161000,3260,0.28,3330,0.29,-1970,-0.17,825360,206.34
2573,多頭進場,2024-06-20 10:35,L_G_進,23220,1,1161000,3260,0.28,3330,0.29,-1970,-0.17,825360,206.34
2574,多頭出場,2024-06-20 12:45,L_Exit_Add,23339,1,1162400,4510,0.39,4580,0.39,-120,-0.01,829870,207.47
2574,多頭進場,2024-06-20 12:10,L_Add,23248,1,1162400,4510,0.39,4580,0.39,-120,-0.01,829870,207.47
2575,多頭出場,2024-06-20 15:25,L_Exit_Add,23399,1,1165350,4560,0.39,4630,0.40,-70,-0.01,834390,208.60
2575,多頭進場,2024-06-20 12:40,L_Add,23307,1,1165350,4560,0.39,4630,0.40,-70,-0.01,834390,208.60
2576,多頭出場,2024-06-20 19:25,L_G_Cut,23369,1,1167150,1260,0.11,2830,0.24,-1270,-0.11,835670,208.92
2576,多頭進場,2024-06-20 13:05,L_Add,23343,1,1167150,1260,0.11,2830,0.24,-1270,-0.11,835670,208.92
2577,多頭出場,2024-06-20 20:45,Trend Rev,23305,1,1168450,-3240,-0.28,1530,0.13,-4220,-0.36,832450,208.11
2577,多頭進場,2024-06-20 13:35,L_Add,23369,1,1168450,-3240,-0.28,1530,0.13,-4220,-0.36,832450,208.11
2578,多頭出場,2024-06-20 20:45,Trend Rev,23305,1,1168750,-3540,-0.30,1230,0.11,-4520,-0.39,828930,207.23
2578,多頭進場,2024-06-20 13:40,L_G_進,23375,1,1168750,-3540,-0.30,1230,0.11,-4520,-0.39,828930,207.23
2579,多頭出場,2024-06-21 10:50,L_Exit,23287,1,1157650,6660,0.58,6730,0.58,-3470,-0.30,835530,208.88
2579,多頭進場,2024-06-21 09:05,L_Cmd,23153,1,1157650,6660,0.58,6730,0.58,-3470,-0.30,835530,208.88
2580,多頭出場,2024-06-21 10:55,L_Exit_G,23290,1,1160400,4060,0.35,4130,0.36,-1870,-0.16,839610,209.90
2580,多頭進場,2024-06-21 10:05,L_Add,23208,1,1160400,4060,0.35,4130,0.36,-1870,-0.16,839610,209.90
2581,多頭出場,2024-06-21 15:05,Trend Rev,23135,1,1161800,-5090,-0.44,2730,0.23,-5220,-0.45,834540,208.64
2581,多頭進場,2024-06-21 10:10,L_Add,23236,1,1161800,-5090,-0.44,2730,0.23,-5220,-0.45,834540,208.64
2582,多頭出場,2024-06-21 15:05,Trend Rev,23135,1,1163100,-6390,-0.55,1430,0.12,-6520,-0.56,828170,207.04
2582,多頭進場,2024-06-21 10:50,L_G_進,23262,1,1163100,-6390,-0.55,1430,0.12,-6520,-0.56,828170,207.04
2583,多頭出場,2024-06-21 23:35,Trend Rev,23012,1,1153000,-2440,-0.21,780,0.07,-2470,-0.21,825730,206.43
2583,多頭進場,2024-06-21 23:05,L_Cmd,23060,1,1153000,-2440,-0.21,780,0.07,-2470,-0.21,825730,206.43
2584,多頭出場,2024-06-22 01:25,Trend Rev,23032,1,1154800,-3240,-0.28,1880,0.16,-3270,-0.28,822490,205.62
2584,多頭進場,2024-06-21 23:55,L_Cmd,23096,1,1154800,-3240,-0.28,1880,0.16,-3270,-0.28,822490,205.62
2585,多頭出場,2024-06-22 03:35,Trend Rev,23031,1,1152550,-1040,-0.09,230,0.02,-1320,-0.11,821450,205.36
2585,多頭進場,2024-06-22 03:15,L_Cmd,23051,1,1152550,-1040,-0.09,230,0.02,-1320,-0.11,821450,205.36
2586,空頭出場,2024-06-24 22:00,Trend Rev,22806,1,1137500,-2840,-0.25,3430,0.30,-5770,-0.51,818610,204.65
2586,空頭進場,2024-06-24 10:20,S_Cmd,22750,1,1137500,-2840,-0.25,3430,0.30,-5770,-0.51,818610,204.65
2587,空頭出場,2024-06-25 01:05,S_Exit,22653,1,1136500,3810,0.34,3880,0.34,-870,-0.08,822420,205.61
2587,空頭進場,2024-06-25 00:35,S_Cmd,22730,1,1136500,3810,0.34,3880,0.34,-870,-0.08,822420,205.61
2588,空頭出場,2024-06-25 09:10,S_Exit,22463,1,1127700,4510,0.40,4580,0.41,-1020,-0.09,826930,206.73
2588,空頭進場,2024-06-25 09:05,S_Cmd,22554,1,1127700,4510,0.40,4580,0.41,-1020,-0.09,826930,206.73
2589,多頭出場,2024-06-26 09:05,L_Exit,22942,1,1141350,5710,0.50,5780,0.51,-1770,-0.16,832620,208.16
2589,多頭進場,2024-06-26 08:50,L_Cmd,22827,1,1141350,5710,0.50,5780,0.51,-1770,-0.16,832620,208.16
2590,多頭出場,2024-06-26 10:50,L_Exit_G,23003,1,1144950,5160,0.45,5230,0.46,-1770,-0.15,837740,209.44
2590,多頭進場,2024-06-26 09:05,L_Add,22899,1,1144950,5160,0.45,5230,0.46,-1770,-0.15,837740,209.44
2591,多頭出場,2024-06-26 11:25,L_Exit_Add,22797,1,1147500,-7690,-0.67,2680,0.23,-7670,-0.67,830070,207.52
2591,多頭進場,2024-06-26 09:25,L_Add,22950,1,1147500,-7690,-0.67,2680,0.23,-7670,-0.67,830070,207.52
2592,多頭出場,2024-06-26 11:25,L_Exit_Add,22790,1,1147850,-8390,-0.73,2330,0.20,-8370,-0.73,821700,205.43
2592,多頭進場,2024-06-26 09:55,L_Add,22957,1,1147850,-8390,-0.73,2330,0.20,-8370,-0.73,821700,205.43
2593,多頭出場,2024-06-26 11:35,Trend Rev,22809,1,1148900,-8490,-0.74,1280,0.11,-9620,-0.84,813230,203.31
2593,多頭進場,2024-06-26 10:00,L_G_進,22978,1,1148900,-8490,-0.74,1280,0.11,-9620,-0.84,813230,203.31
2594,多頭出場,2024-06-26 17:40,Trend Rev,22839,1,1143850,-1940,-0.17,2980,0.26,-2020,-0.18,811290,202.82
2594,多頭進場,2024-06-26 13:20,L_Cmd,22877,1,1143850,-1940,-0.17,2980,0.26,-2020,-0.18,811290,202.82
2595,空頭出場,2024-06-26 23:35,S_Exit,22687,1,1130950,-3440,-0.30,80,0.01,-3420,-0.30,807850,201.96
2595,空頭進場,2024-06-26 23:15,S_Cmd,22619,1,1130950,-3440,-0.30,80,0.01,-3420,-0.30,807850,201.96
2596,多頭出場,2024-06-28 01:20,Trend Rev,22842,1,1143700,-1640,-0.14,80,0.01,-1620,-0.14,806210,201.55
2596,多頭進場,2024-06-28 00:40,L_Cmd,22874,1,1143700,-1640,-0.14,80,0.01,-1620,-0.14,806210,201.55
2597,多頭出場,2024-06-28 03:50,Trend Rev,22842,1,1143750,-1690,-0.15,130,0.01,-1670,-0.15,804520,201.13
2597,多頭進場,2024-06-28 03:15,L_Cmd,22875,1,1143750,-1690,-0.15,130,0.01,-1670,-0.15,804520,201.13
2598,多頭出場,2024-06-28 10:20,L_Exit,23114,1,1147700,7960,0.69,8030,0.70,-70,-0.01,812420,203.11
2598,多頭進場,2024-06-28 09:50,L_Cmd,22954,1,1147700,7960,0.69,8030,0.70,-70,-0.01,812420,203.11
2599,多頭出場,2024-06-28 10:20,L_Exit_G,23114,1,1151400,4260,0.37,4330,0.38,-420,-0.04,816700,204.18
2599,多頭進場,2024-06-28 10:00,L_Add,23028,1,1151400,4260,0.37,4330,0.38,-420,-0.04,816700,204.18
2600,多頭出場,2024-06-28 20:55,Trend Rev,22991,1,1153700,-4190,-0.36,2030,0.18,-6020,-0.52,812530,203.13
2600,多頭進場,2024-06-28 10:15,L_Add,23074,1,1153700,-4190,-0.36,2030,0.18,-6020,-0.52,812530,203.13
2601,多頭出場,2024-06-28 20:55,Trend Rev,22991,1,1154350,-4840,-0.42,1380,0.12,-6670,-0.58,807710,201.93
2601,多頭進場,2024-06-28 10:20,L_G_進,23087,1,1154350,-4840,-0.42,1380,0.12,-6670,-0.58,807710,201.93
2602,多頭出場,2024-06-29 00:20,Trend Rev,23012,1,1151700,-1140,-0.10,3480,0.30,-1820,-0.16,806550,201.64
2602,多頭進場,2024-06-28 22:00,L_Cmd,23034,1,1151700,-1140,-0.10,3480,0.30,-1820,-0.16,806550,201.64
2603,多頭出場,2024-06-29 00:20,Trend Rev,23012,1,1155100,-4540,-0.39,80,0.01,-5220,-0.45,802030,200.51
2603,多頭進場,2024-06-28 22:15,L_Add,23102,1,1155100,-4540,-0.39,80,0.01,-5220,-0.45,802030,200.51
2604,多頭出場,2024-07-01 09:45,L_Exit,23133,1,1151000,5610,0.49,5680,0.49,-2620,-0.23,807620,201.91
2604,多頭進場,2024-07-01 08:50,L_Cmd,23020,1,1151000,5610,0.49,5680,0.49,-2620,-0.23,807620,201.91
2605,多頭出場,2024-07-01 12:30,Trend Rev,23027,1,1154350,-3040,-0.26,4030,0.35,-3870,-0.34,804580,201.15
2605,多頭進場,2024-07-01 09:40,L_Add,23087,1,1154350,-3040,-0.26,4030,0.35,-3870,-0.34,804580,201.15
2606,多頭出場,2024-07-01 12:30,Trend Rev,23027,1,1157250,-5940,-0.51,1130,0.10,-6770,-0.58,798660,199.67
2606,多頭進場,2024-07-01 10:15,L_Add,23145,1,1157250,-5940,-0.51,1130,0.10,-6770,-0.58,798660,199.67
2607,多頭出場,2024-07-01 21:35,Trend Rev,22963,1,1149100,-990,-0.09,880,0.08,-1420,-0.12,797670,199.42
2607,多頭進場,2024-07-01 21:05,L_Cmd,22982,1,1149100,-990,-0.09,880,0.08,-1420,-0.12,797670,199.42
2608,多頭出場,2024-07-02 10:35,Trend Rev,22905,1,1146900,-1690,-0.15,2680,0.23,-1920,-0.17,795980,199.00
2608,多頭進場,2024-07-02 09:50,L_Cmd,22938,1,1146900,-1690,-0.15,2680,0.23,-1920,-0.17,795980,199.00
2609,空頭出場,2024-07-02 21:05,Trend Rev,22847,1,1138300,-4090,-0.36,630,0.06,-4320,-0.38,791890,197.97
2609,空頭進場,2024-07-02 11:20,S_Cmd,22766,1,1138300,-4090,-0.36,630,0.06,-4320,-0.38,791890,197.97
2610,多頭出場,2024-07-03 02:10,L_Exit,23069,1,1146900,6510,0.57,6580,0.57,-670,-0.06,798400,199.60
2610,多頭進場,2024-07-02 23:00,L_Cmd,22938,1,1146900,6510,0.57,6580,0.57,-670,-0.06,798400,199.60
2611,多頭出場,2024-07-03 04:55,L_Exit,23050,1,1154400,-1940,-0.17,430,0.04,-1920,-0.17,796460,199.12
2611,多頭進場,2024-07-03 03:25,L_Cmd,23088,1,1154400,-1940,-0.17,430,0.04,-1920,-0.17,796460,199.12
2612,多頭出場,2024-07-03 09:20,L_Exit,22996,1,1153650,-3890,-0.34,180,0.02,-3870,-0.34,792570,198.14
2612,多頭進場,2024-07-03 09:10,L_Cmd,23073,1,1153650,-3890,-0.34,180,0.02,-3870,-0.34,792570,198.14
2613,多頭出場,2024-07-03 15:15,L_Exit_Add,23218,1,1154600,6260,0.54,6330,0.55,-2120,-0.18,798810,199.70
2613,多頭進場,2024-07-03 10:20,L_Cmd,23092,1,1154600,6260,0.54,6330,0.55,-2120,-0.18,798810,199.70
2614,多頭出場,2024-07-03 15:40,L_Exit,23251,1,1157750,4760,0.41,4830,0.42,-170,-0.01,803590,200.90
2614,多頭進場,2024-07-03 13:35,L_Add,23155,1,1157750,4760,0.41,4830,0.42,-170,-0.01,803590,200.90
2615,多頭出場,2024-07-03 23:15,L_Exit,23436,1,1167200,4560,0.39,4630,0.40,-1670,-0.14,808090,202.02
2615,多頭進場,2024-07-03 21:35,L_Cmd,23344,1,1167200,4560,0.39,4630,0.40,-1670,-0.14,808090,202.02
2616,多頭出場,2024-07-03 23:20,L_Exit_G,23454,1,1168950,3710,0.32,3780,0.32,-1470,-0.13,811820,202.96
2616,多頭進場,2024-07-03 22:15,L_Add,23379,1,1168950,3710,0.32,3780,0.32,-1470,-0.13,811820,202.96
2617,多頭出場,2024-07-03 23:25,L_Exit_Add,23457,1,1170150,2660,0.23,2730,0.23,-170,-0.01,814480,203.62
2617,多頭進場,2024-07-03 23:10,L_Add,23403,1,1170150,2660,0.23,2730,0.23,-170,-0.01,814480,203.62
2618,多頭出場,2024-07-04 00:00,L_Exit_Add,23472,1,1171150,2410,0.21,2730,0.23,-220,-0.02,816890,204.22
2618,多頭進場,2024-07-03 23:15,L_G_進,23423,1,1171150,2410,0.21,2730,0.23,-220,-0.02,816890,204.22
2619,多頭出場,2024-07-04 08:55,L_Exit_Add,23509,1,1172600,2810,0.24,3280,0.28,-720,-0.06,819700,204.93
2619,多頭進場,2024-07-03 23:25,L_Add,23452,1,1172600,2810,0.24,3280,0.28,-720,-0.06,819700,204.93
2620,多頭出場,2024-07-04 09:00,L_Exit_Add,23523,1,1173600,2510,0.21,2580,0.22,-1720,-0.15,822230,205.56
2620,多頭進場,2024-07-04 00:00,L_Add,23472,1,1173600,2510,0.21,2580,0.22,-1720,-0.15,822230,205.56
2621,多頭出場,2024-07-04 09:50,L_Exit_Add,23563,1,1175450,2660,0.23,2730,0.23,-2470,-0.21,824910,206.23
2621,多頭進場,2024-07-04 08:55,L_Add,23509,1,1175450,2660,0.23,2730,0.23,-2470,-0.21,824910,206.23
2622,多頭出場,2024-07-04 11:45,L_Exit_Add,23508,1,1178050,-2690,-0.23,2930,0.25,-2670,-0.23,822200,205.55
2622,多頭進場,2024-07-04 09:55,L_Cmd,23561,1,1178050,-2690,-0.23,2930,0.25,-2670,-0.23,822200,205.55
2623,多頭出場,2024-07-04 16:30,L_Exit,23696,1,1180900,3860,0.33,3930,0.33,-6420,-0.54,826080,206.52
2623,多頭進場,2024-07-04 11:10,L_Add,23618,1,1180900,3860,0.33,3930,0.33,-6420,-0.54,826080,206.52
2624,多頭出場,2024-07-05 00:05,Trend Rev,23606,1,1181600,-1340,-0.11,30,0.00,-1520,-0.13,824740,206.19
2624,多頭進場,2024-07-04 23:40,L_Cmd,23632,1,1181600,-1340,-0.11,30,0.00,-1520,-0.13,824740,206.19
2625,多頭出場,2024-07-05 08:55,L_Exit,23631,1,1183100,-1590,-0.13,580,0.05,-1570,-0.13,823150,205.79
2625,多頭進場,2024-07-05 08:50,L_Cmd,23662,1,1183100,-1590,-0.13,580,0.05,-1570,-0.13,823150,205.79
2626,多頭出場,2024-07-08 09:25,L_Exit_Add,23797,1,1180550,9260,0.78,9330,0.79,-20,0.00,832370,208.09
2626,多頭進場,2024-07-08 09:15,L_Cmd,23611,1,1180550,9260,0.78,9330,0.79,-20,0.00,832370,208.09
2627,多頭出場,2024-07-08 09:40,L_Exit_G,23814,1,1185050,5610,0.47,5680,0.48,-870,-0.07,837960,209.49
2627,多頭進場,2024-07-08 09:20,L_Add,23701,1,1185050,5610,0.47,5680,0.48,-870,-0.07,837960,209.49
2628,多頭出場,2024-07-08 09:50,L_Exit_Add,23833,1,1184900,6710,0.57,6780,0.57,-70,-0.01,844670,211.17
2628,多頭進場,2024-07-08 09:25,L_Add,23698,1,1184900,6710,0.57,6780,0.57,-70,-0.01,844670,211.17
2629,多頭出場,2024-07-08 09:50,L_Exit_G,23833,1,1188650,2960,0.25,3030,0.25,-2870,-0.24,847650,211.91
2629,多頭進場,2024-07-08 09:30,L_Add,23773,1,1188650,2960,0.25,3030,0.25,-2870,-0.24,847650,211.91
2630,多頭出場,2024-07-08 10:40,L_Exit_Add,23921,1,1189200,6810,0.57,6880,0.58,-1520,-0.13,854440,213.61
2630,多頭進場,2024-07-08 09:40,L_G_進,23784,1,1189200,6810,0.57,6880,0.58,-1520,-0.13,854440,213.61
2631,多頭出場,2024-07-08 10:40,L_Exit_G,23921,1,1189900,6110,0.51,6180,0.52,-1870,-0.16,860570,215.14
2631,多頭進場,2024-07-08 09:45,L_G_進,23798,1,1189900,6110,0.51,6180,0.52,-1870,-0.16,860570,215.14
2632,多頭出場,2024-07-08 11:00,L_Exit_Add,23976,1,1192050,6710,0.56,6780,0.57,-1020,-0.09,867260,216.81
2632,多頭進場,2024-07-08 10:20,L_Add,23841,1,1192050,6710,0.56,6780,0.57,-1020,-0.09,867260,216.81
2633,多頭出場,2024-07-08 11:00,L_Exit_G,23976,1,1194100,4660,0.39,4730,0.40,-470,-0.04,871940,217.99
2633,多頭進場,2024-07-08 10:30,L_G_進,23882,1,1194100,4660,0.39,4730,0.40,-470,-0.04,871940,217.99
2634,多頭出場,2024-07-08 12:40,L_BE,23907,1,1195350,-40,0.00,4330,0.36,-20,0.00,871880,217.97
2634,多頭進場,2024-07-08 10:45,L_Add,23907,1,1195350,-40,0.00,4330,0.36,-20,0.00,871880,217.97
2635,多頭出場,2024-07-08 13:30,L_G_Cut,23907,1,1197200,-1890,-0.16,2480,0.21,-2420,-0.20,870010,217.50
2635,多頭進場,2024-07-08 10:50,L_G_進,23944,1,1197200,-1890,-0.16,2480,0.21,-2420,-0.20,870010,217.50
2636,多頭出場,2024-07-08 21:50,L_Exit_Add,24044,1,1198750,3410,0.28,3480,0.29,-5170,-0.43,873420,218.36
2636,多頭進場,2024-07-08 11:05,L_Add,23975,1,1198750,3410,0.28,3480,0.29,-5170,-0.43,873420,218.36
2637,多頭出場,2024-07-08 21:50,L_Exit_Add,24044,1,1199300,2860,0.24,2930,0.24,-5720,-0.48,876300,219.08
2637,多頭進場,2024-07-08 11:20,L_G_進,23986,1,1199300,2860,0.24,2930,0.24,-5720,-0.48,876300,219.08
2638,多頭出場,2024-07-08 22:35,L_Exit_Add,23943,1,1201650,-4540,-0.38,980,0.08,-4520,-0.38,871780,217.95
2638,多頭進場,2024-07-08 21:50,L_Add,24033,1,1201650,-4540,-0.38,980,0.08,-4520,-0.38,871780,217.95
2639,多頭出場,2024-07-09 09:20,L_Exit,24021,1,1195650,5360,0.45,5430,0.45,-1870,-0.16,877120,219.28
2639,多頭進場,2024-07-09 08:50,L_Cmd,23913,1,1195650,5360,0.45,5430,0.45,-1870,-0.16,877120,219.28
2640,多頭出場,2024-07-09 09:40,L_Exit_Add,23925,1,1199200,-2990,-0.25,5380,0.45,-2970,-0.25,874090,218.52
2640,多頭進場,2024-07-09 09:15,L_Add,23984,1,1199200,-2990,-0.25,5380,0.45,-2970,-0.25,874090,218.52
2641,多頭出場,2024-07-09 09:40,L_Exit_Add,23903,1,1202450,-7340,-0.61,2130,0.18,-7320,-0.61,866770,216.69
2641,多頭進場,2024-07-09 09:30,L_Add,24049,1,1202450,-7340,-0.61,2130,0.18,-7320,-0.61,866770,216.69
2642,多頭出場,2024-07-09 09:45,L_G_Cut,23901,1,1203550,-8540,-0.71,1030,0.09,-8720,-0.72,858250,214.56
2642,多頭進場,2024-07-09 09:35,L_Add,24071,1,1203550,-8540,-0.71,1030,0.09,-8720,-0.72,858250,214.56
2643,多頭出場,2024-07-09 09:50,L_Exit_Add,23838,1,1204300,-12440,-1.03,230,0.02,-12470,-1.04,845830,211.46
2643,多頭進場,2024-07-09 09:40,L_G_進,24086,1,1204300,-12440,-1.03,230,0.02,-12470,-1.04,845830,211.46
2644,多頭出場,2024-07-09 21:40,L_Exit,23813,1,1192900,-2290,-0.19,180,0.02,-2270,-0.19,843540,210.89
2644,多頭進場,2024-07-09 21:35,L_Cmd,23858,1,1192900,-2290,-0.19,180,0.02,-2270,-0.19,843540,210.89
2645,多頭出場,2024-07-10 09:50,L_Exit,23764,1,1190650,-2490,-0.21,2080,0.17,-2470,-0.21,841050,210.26
2645,多頭進場,2024-07-10 08:50,L_Cmd,23813,1,1190650,-2490,-0.21,2080,0.17,-2470,-0.21,841050,210.26
2646,多頭出場,2024-07-10 18:05,L_Exit_Add,24087,1,1194000,10310,0.86,10380,0.87,-770,-0.06,851340,212.84
2646,多頭進場,2024-07-10 10:20,L_Cmd,23880,1,1194000,10310,0.86,10380,0.87,-770,-0.06,851340,212.84
2647,多頭出場,2024-07-10 18:10,L_Exit,24097,1,1199650,5160,0.43,5230,0.44,-1320,-0.11,856520,214.13
2647,多頭進場,2024-07-10 13:00,L_Add,23993,1,1199650,5160,0.43,5230,0.44,-1320,-0.11,856520,214.13
2648,多頭出場,2024-07-10 23:00,L_Exit,24114,1,1209500,-3840,-0.32,80,0.01,-3820,-0.32,852680,213.17
2648,多頭進場,2024-07-10 22:10,L_Cmd,24190,1,1209500,-3840,-0.32,80,0.01,-3820,-0.32,852680,213.17
2649,多頭出場,2024-07-11 08:45,L_Exit_Add,24264,1,1208200,4960,0.41,5030,0.42,-920,-0.08,857580,214.40
2649,多頭進場,2024-07-10 23:35,L_Cmd,24164,1,1208200,4960,0.41,5030,0.42,-920,-0.08,857580,214.40
2650,多頭出場,2024-07-11 08:45,L_Exit_G,24264,1,1211000,2160,0.18,2230,0.18,-420,-0.03,859760,214.94
2650,多頭進場,2024-07-11 03:05,L_Add,24220,1,1211000,2160,0.18,2230,0.18,-420,-0.03,859760,214.94
2651,多頭出場,2024-07-11 09:15,L_Exit_Add,24181,1,1211850,-2840,-0.23,1380,0.11,-2820,-0.23,856940,214.24
2651,多頭進場,2024-07-11 03:40,L_Add,24237,1,1211850,-2840,-0.23,1380,0.11,-2820,-0.23,856940,214.24
2652,多頭出場,2024-07-11 09:20,Trend Rev,24164,1,1212350,-4190,-0.35,880,0.07,-4320,-0.36,852770,213.19
2652,多頭進場,2024-07-11 03:55,L_G_進,24247,1,1212350,-4190,-0.35,880,0.07,-4320,-0.36,852770,213.19
2653,多頭出場,2024-07-11 17:40,Trend Rev,24284,1,1215250,-1090,-0.09,4980,0.41,-1820,-0.15,851660,212.92
2653,多頭進場,2024-07-11 09:45,L_Cmd,24305,1,1215250,-1090,-0.09,4980,0.41,-1820,-0.15,851660,212.92
2654,多頭出場,2024-07-11 17:40,Trend Rev,24284,1,1218550,-4390,-0.36,1680,0.14,-5120,-0.42,847290,211.82
2654,多頭進場,2024-07-11 10:25,L_Add,24371,1,1218550,-4390,-0.36,1680,0.14,-5120,-0.42,847290,211.82
2655,多頭出場,2024-07-12 22:05,L_Exit,24114,1,1198000,7660,0.64,7730,0.65,-120,-0.01,854890,213.72
2655,多頭進場,2024-07-12 21:35,L_Cmd,23960,1,1198000,7660,0.64,7730,0.65,-120,-0.01,854890,213.72
2656,多頭出場,2024-07-12 22:10,L_Exit_Add,24134,1,1201000,5660,0.47,5730,0.48,-370,-0.03,860550,215.14
2656,多頭進場,2024-07-12 21:50,L_Add,24020,1,1201000,5660,0.47,5730,0.48,-370,-0.03,860550,215.14
2657,多頭出場,2024-07-12 22:10,L_Exit_G,24134,1,1202150,4510,0.38,4580,0.38,-20,0.00,865080,216.27
2657,多頭進場,2024-07-12 22:00,L_Add,24043,1,1202150,4510,0.38,4580,0.38,-20,0.00,865080,216.27
2658,多頭出場,2024-07-12 23:10,L_Exit_G,24154,1,1203700,3960,0.33,4030,0.33,-70,-0.01,869040,217.26
2658,多頭進場,2024-07-12 22:05,L_G_進,24074,1,1203700,3960,0.33,4030,0.33,-70,-0.01,869040,217.26
2659,多頭出場,2024-07-13 01:40,L_Exit_Add,24171,1,1205450,3060,0.25,3130,0.26,-4570,-0.38,872120,218.03
2659,多頭進場,2024-07-12 22:10,L_G_進,24109,1,1205450,3060,0.25,3130,0.26,-4570,-0.38,872120,218.03
2660,多頭出場,2024-07-13 04:05,Trend Rev,24045,1,1207050,-4840,-0.40,2180,0.18,-6170,-0.51,867300,216.83
2660,多頭進場,2024-07-12 22:35,L_Add,24141,1,1207050,-4840,-0.40,2180,0.18,-6170,-0.51,867300,216.83
2661,多頭出場,2024-07-15 23:30,Trend Rev,23950,1,1199100,-1640,-0.14,1230,0.10,-1770,-0.15,865660,216.42
2661,多頭進場,2024-07-15 23:15,L_Cmd,23982,1,1199100,-1640,-0.14,1230,0.10,-1770,-0.15,865660,216.42
2662,多頭出場,2024-07-16 11:55,L_Exit_Add,23918,1,1199500,-3640,-0.30,9630,0.80,-3620,-0.30,861980,215.50
2662,多頭進場,2024-07-16 10:00,L_Cmd,23990,1,1199500,-3640,-0.30,9630,0.80,-3620,-0.30,861980,215.50
2663,多頭出場,2024-07-16 12:00,Trend Rev,23919,1,1206450,-10540,-0.87,2680,0.22,-10720,-0.89,851460,212.86
2663,多頭進場,2024-07-16 10:10,L_Add,24129,1,1206450,-10540,-0.87,2680,0.22,-10720,-0.89,851460,212.86
2664,多頭出場,2024-07-16 12:00,Trend Rev,23919,1,1207850,-11940,-0.99,1280,0.11,-12120,-1.00,839540,209.89
2664,多頭進場,2024-07-16 10:15,L_Add,24157,1,1207850,-11940,-0.99,1280,0.11,-12120,-1.00,839540,209.89
2665,多頭出場,2024-07-16 16:05,Trend Rev,23911,1,1199350,-3840,-0.32,280,0.02,-4020,-0.34,835700,208.93
2665,多頭進場,2024-07-16 15:00,L_Cmd,23987,1,1199350,-3840,-0.32,280,0.02,-4020,-0.34,835700,208.93
2666,多頭出場,2024-07-17 08:45,L_Exit,24008,1,1202400,-2040,-0.17,980,0.08,-2020,-0.17,833660,208.42
2666,多頭進場,2024-07-17 03:35,L_Cmd,24048,1,1202400,-2040,-0.17,980,0.08,-2020,-0.17,833660,208.42
2667,空頭出場,2024-07-17 16:20,S_Exit,23597,1,1187000,7110,0.60,7180,0.60,-2720,-0.23,840770,210.19
2667,空頭進場,2024-07-17 12:35,S_Cmd,23740,1,1187000,7110,0.60,7180,0.60,-2720,-0.23,840770,210.19
2668,空頭出場,2024-07-18 00:25,S_Exit,23337,1,1171000,4110,0.35,4180,0.36,-1570,-0.13,844860,211.22
2668,空頭進場,2024-07-17 22:05,S_Cmd,23420,1,1171000,4110,0.35,4180,0.36,-1570,-0.13,844860,211.22
2669,空頭出場,2024-07-18 01:15,S_Exit_Add,23286,1,1168100,3760,0.32,3830,0.33,-620,-0.05,848620,212.16
2669,空頭進場,2024-07-18 00:15,S_Add,23362,1,1168100,3760,0.32,3830,0.33,-620,-0.05,848620,212.16
2670,空頭出場,2024-07-18 02:45,S_Exit_Add,23222,1,1165100,3960,0.34,4030,0.35,-2320,-0.20,852600,213.15
2670,空頭進場,2024-07-18 00:50,S_Add,23302,1,1165100,3960,0.34,4030,0.35,-2320,-0.20,852600,213.15
2671,空頭出場,2024-07-18 03:25,S_Exit,23264,1,1160300,-2940,-0.25,0,0.00,-2920,-0.25,849660,212.42
2671,空頭進場,2024-07-18 03:10,S_Cmd,23206,1,1160300,-2940,-0.25,0,0.00,-2920,-0.25,849660,212.42
2672,空頭出場,2024-07-18 09:10,S_Exit,23301,1,1158450,-6640,-0.57,630,0.05,-9320,-0.80,843020,210.76
2672,空頭進場,2024-07-18 09:05,S_Cmd,23169,1,1158450,-6640,-0.57,630,0.05,-9320,-0.80,843020,210.76
2673,空頭出場,2024-07-18 23:20,S_Exit,22954,1,1156750,9010,0.78,9080,0.78,-1520,-0.13,852010,213.00
2673,空頭進場,2024-07-18 22:40,S_Cmd,23135,1,1156750,9010,0.78,9080,0.78,-1520,-0.13,852010,213.00
2674,空頭出場,2024-07-19 08:45,S_Exit_Add,23165,1,1150300,-7990,-0.69,6680,0.58,-7970,-0.69,844020,211.01
2674,空頭進場,2024-07-18 23:15,S_Add,23006,1,1150300,-7990,-0.69,6680,0.58,-7970,-0.69,844020,211.01
2675,空頭出場,2024-07-19 08:55,Trend Rev,23103,1,1144400,-10790,-0.94,780,0.07,-14520,-1.27,833250,208.31
2675,空頭進場,2024-07-18 23:35,S_Add,22888,1,1144400,-10790,-0.94,780,0.07,-14520,-1.27,833250,208.31
2676,空頭出場,2024-07-19 15:10,S_Exit,22799,1,1148800,8810,0.77,8880,0.77,-5420,-0.47,842060,210.52
2676,空頭進場,2024-07-19 09:50,S_Cmd,22976,1,1148800,8810,0.77,8880,0.77,-5420,-0.47,842060,210.52
2677,空頭出場,2024-07-22 08:45,S_Exit_Add,22857,1,1141750,-1140,-0.10,5280,0.46,-3120,-0.27,840900,210.23
2677,空頭進場,2024-07-19 22:15,S_Cmd,22835,1,1141750,-1140,-0.10,5280,0.46,-3120,-0.27,840900,210.23
2678,空頭出場,2024-07-22 08:50,Trend Rev,22840,1,1137150,-4890,-0.43,680,0.06,-8120,-0.71,836030,209.01
2678,空頭進場,2024-07-20 03:45,S_Add,22743,1,1137150,-4890,-0.43,680,0.06,-8120,-0.71,836030,209.01
2679,空頭出場,2024-07-22 09:15,S_Exit,22549,1,1133950,6460,0.57,6530,0.58,-1070,-0.09,842490,210.62
2679,空頭進場,2024-07-22 09:10,S_Cmd,22679,1,1133950,6460,0.57,6530,0.58,-1070,-0.09,842490,210.62
2680,空頭出場,2024-07-22 09:50,S_Exit,22307,1,1125400,10010,0.89,10080,0.90,-2570,-0.23,852480,213.12
2680,空頭進場,2024-07-22 09:30,S_Cmd,22508,1,1125400,10010,0.89,10080,0.90,-2570,-0.23,852480,213.12
2681,空頭出場,2024-07-22 18:05,Trend Rev,22508,1,1118650,-6790,-0.61,9430,0.84,-7570,-0.68,845690,211.42
2681,空頭進場,2024-07-22 09:50,S_Add,22373,1,1118650,-6790,-0.61,9430,0.84,-7570,-0.68,845690,211.42
2682,空頭出場,2024-07-22 18:05,Trend Rev,22508,1,1112400,-13040,-1.17,3180,0.29,-13820,-1.24,832670,208.17
2682,空頭進場,2024-07-22 10:25,S_Add,22248,1,1112400,-13040,-1.17,3180,0.29,-13820,-1.24,832670,208.17
2683,空頭出場,2024-07-22 23:50,Trend Rev,22534,1,1125450,-1290,-0.11,80,0.01,-1820,-0.16,831380,207.85
2683,空頭進場,2024-07-22 23:35,S_Cmd,22509,1,1125450,-1290,-0.11,80,0.01,-1820,-0.16,831380,207.85
2684,空頭出場,2024-07-23 23:10,S_Exit,22770,1,1134700,-3840,-0.34,930,0.08,-3820,-0.34,827540,206.89
2684,空頭進場,2024-07-23 22:50,S_Cmd,22694,1,1134700,-3840,-0.34,930,0.08,-3820,-0.34,827540,206.89
2685,空頭出場,2024-07-26 09:10,S_Exit,22130,1,1097850,-8690,-0.79,1930,0.18,-8670,-0.79,818850,204.71
2685,空頭進場,2024-07-26 08:50,S_Cmd,21957,1,1097850,-8690,-0.79,1930,0.18,-8670,-0.79,818850,204.71
2686,空頭出場,2024-07-27 00:05,Trend Rev,22258,1,1111350,-1590,-0.14,3180,0.29,-2020,-0.18,817260,204.31
2686,空頭進場,2024-07-26 22:05,S_Cmd,22227,1,1111350,-1590,-0.14,3180,0.29,-2020,-0.18,817260,204.31
2687,空頭出場,2024-07-27 03:55,S_Exit,22270,1,1110500,-3040,-0.27,330,0.03,-3020,-0.27,814220,203.56
2687,空頭進場,2024-07-27 03:05,S_Cmd,22210,1,1110500,-3040,-0.27,330,0.03,-3020,-0.27,814220,203.56
2688,空頭出場,2024-07-29 11:55,Trend Rev,22300,1,1112800,-2240,-0.20,5530,0.50,-2320,-0.21,811980,203.00
2688,空頭進場,2024-07-29 10:35,S_Cmd,22256,1,1112800,-2240,-0.20,5530,0.50,-2320,-0.21,811980,203.00
2689,空頭出場,2024-07-29 18:20,Trend Rev,22250,1,1111300,-1240,-0.11,3530,0.32,-2070,-0.19,810740,202.69
2689,空頭進場,2024-07-29 12:55,S_Cmd,22226,1,1111300,-1240,-0.11,3530,0.32,-2070,-0.19,810740,202.69
2690,空頭出場,2024-07-29 23:00,S_Exit,21955,1,1102250,4460,0.40,4530,0.41,-1520,-0.14,815180,203.80
2690,空頭進場,2024-07-29 22:15,S_Cmd,22045,1,1102250,4460,0.40,4530,0.41,-1520,-0.14,815180,203.80
2691,空頭出場,2024-07-29 23:10,S_Exit_Add,21896,1,1099150,4310,0.39,4380,0.40,-70,-0.01,819510,204.88
2691,空頭進場,2024-07-29 23:00,S_Add,21983,1,1099150,4310,0.39,4380,0.40,-70,-0.01,819510,204.88
2692,空頭出場,2024-07-30 09:00,S_Exit,22029,1,1098900,-2590,-0.24,430,0.04,-2570,-0.23,816920,204.23
2692,空頭進場,2024-07-30 08:50,S_Cmd,21978,1,1098900,-2590,-0.24,430,0.04,-2570,-0.23,816920,204.23
2693,空頭出場,2024-07-30 11:40,S_Exit,21989,1,1093550,-5940,-0.54,3080,0.28,-5920,-0.54,810980,202.75
2693,空頭進場,2024-07-30 09:50,S_Cmd,21871,1,1093550,-5940,-0.54,3080,0.28,-5920,-0.54,810980,202.75
2694,空頭出場,2024-07-30 22:50,S_Exit,22015,1,1105150,4360,0.39,4430,0.40,-2070,-0.19,815320,203.83
2694,空頭進場,2024-07-30 22:05,S_Cmd,22103,1,1105150,4360,0.39,4430,0.40,-2070,-0.19,815320,203.83
2695,空頭出場,2024-07-30 23:00,S_Exit_Add,21929,1,1102100,5610,0.51,5680,0.52,-770,-0.07,820950,205.24
2695,空頭進場,2024-07-30 22:50,S_Add,22042,1,1102100,5610,0.51,5680,0.52,-770,-0.07,820950,205.24
2696,空頭出場,2024-07-31 02:20,S_Exit_Add,21967,1,1094450,-3940,-0.36,5180,0.47,-3920,-0.36,816990,204.25
2696,空頭進場,2024-07-30 23:40,S_Cmd,21889,1,1094450,-3940,-0.36,5180,0.47,-3920,-0.36,816990,204.25
2697,空頭出場,2024-07-31 08:45,S_Exit,22030,1,1090750,-10790,-0.99,1480,0.14,-10770,-0.99,806220,201.56
2697,空頭進場,2024-07-31 01:00,S_Add,21815,1,1090750,-10790,-0.99,1480,0.14,-10770,-0.99,806220,201.56
2698,多頭出場,2024-07-31 21:45,L_Exit,22490,1,1127350,-2890,-0.26,980,0.09,-2870,-0.25,803330,200.83
2698,多頭進場,2024-07-31 21:15,L_Cmd,22547,1,1127350,-2890,-0.26,980,0.09,-2870,-0.25,803330,200.83
2699,多頭出場,2024-08-01 15:05,Trend Rev,22568,1,1131250,-2890,-0.26,2030,0.18,-3420,-0.30,800440,200.11
2699,多頭進場,2024-08-01 11:10,L_Cmd,22625,1,1131250,-2890,-0.26,2030,0.18,-3420,-0.30,800440,200.11
2700,空頭出場,2024-08-02 01:05,S_Exit,22131,1,1113250,6660,0.60,6730,0.60,-2970,-0.27,807080,201.77
2700,空頭進場,2024-08-01 23:05,S_Cmd,22265,1,1113250,6660,0.60,6730,0.60,-2970,-0.27,807080,201.77
2701,空頭出場,2024-08-02 01:20,S_Exit_Add,22065,1,1109150,5860,0.53,5930,0.53,-1070,-0.10,812960,203.24
2701,空頭進場,2024-08-02 00:40,S_Add,22183,1,1109150,5860,0.53,5930,0.53,-1070,-0.10,812960,203.24
2702,空頭出場,2024-08-02 09:35,S_Exit,22023,1,1095650,-5540,-0.51,1330,0.12,-5520,-0.50,807420,201.86
2702,空頭進場,2024-08-02 08:50,S_Cmd,21913,1,1095650,-5540,-0.51,1330,0.12,-5520,-0.50,807420,201.86
2703,空頭出場,2024-08-02 12:15,S_Exit,21686,1,1093900,9560,0.87,9630,0.88,-3970,-0.36,816960,204.24
2703,空頭進場,2024-08-02 10:10,S_Cmd,21878,1,1093900,9560,0.87,9630,0.88,-3970,-0.36,816960,204.24
2704,空頭出場,2024-08-02 13:20,S_Exit_Add,21603,1,1087250,7060,0.65,7130,0.66,-1870,-0.17,824020,206.01
2704,空頭進場,2024-08-02 12:05,S_Add,21745,1,1087250,7060,0.65,7130,0.66,-1870,-0.17,824020,206.01
2705,空頭出場,2024-08-02 15:00,S_Exit_Add,21489,1,1081050,6560,0.61,6630,0.61,-2570,-0.24,830600,207.65
2705,空頭進場,2024-08-02 13:05,S_Add,21621,1,1081050,6560,0.61,6630,0.61,-2570,-0.24,830600,207.65
2706,空頭出場,2024-08-02 23:40,S_Exit,21187,1,1051500,-7890,-0.75,3880,0.37,-7870,-0.75,822710,205.68
2706,空頭進場,2024-08-02 22:10,S_Cmd,21030,1,1051500,-7890,-0.75,3880,0.37,-7870,-0.75,822710,205.68
2707,空頭出場,2024-08-05 08:50,S_Exit_Add,20078,1,1033300,29360,2.84,29430,2.85,-3720,-0.36,852050,213.01
2707,空頭進場,2024-08-05 08:45,S_Cmd,20666,1,1033300,29360,2.84,29430,2.85,-3720,-0.36,852050,213.01
2708,空頭出場,2024-08-05 08:55,S_BE,20405,1,1020250,-40,0.00,16380,1.61,-2270,-0.22,852010,213.00
2708,空頭進場,2024-08-05 08:50,S_Add,20405,1,1020250,-40,0.00,16380,1.61,-2270,-0.22,852010,213.00
2709,空頭出場,2024-08-05 09:30,S_Exit_G,19953,1,1014600,16910,1.67,16980,1.67,-7120,-0.70,868880,217.22
2709,空頭進場,2024-08-05 08:55,S_Add,20292,1,1014600,16910,1.67,16980,1.67,-7120,-0.70,868880,217.22
2710,空頭出場,2024-08-05 09:40,S_Exit_Add,19832,1,1010350,18710,1.85,18780,1.86,-3370,-0.33,887590,221.90
2710,空頭進場,2024-08-05 09:05,S_Add,20207,1,1010350,18710,1.85,18780,1.86,-3370,-0.33,887590,221.90
2711,空頭出場,2024-08-05 09:40,S_Exit_Add,19832,1,1007000,15360,1.53,15430,1.53,-6720,-0.67,902970,225.74
2711,空頭進場,2024-08-05 09:10,S_Add,20140,1,1007000,15360,1.53,15430,1.53,-6720,-0.67,902970,225.74
2712,空頭出場,2024-08-05 09:40,S_Exit_G,19832,1,1004400,12760,1.27,12830,1.28,-2770,-0.28,915750,228.94
2712,空頭進場,2024-08-05 09:30,S_G_進,20088,1,1004400,12760,1.27,12830,1.28,-2770,-0.28,915750,228.94
2713,空頭出場,2024-08-05 12:35,S_Exit_G,19712,1,1002500,16860,1.68,16930,1.69,-11270,-1.12,932570,233.14
2713,空頭進場,2024-08-05 09:40,S_G_進,20050,1,1002500,16860,1.68,16930,1.69,-11270,-1.12,932570,233.14
2714,空頭出場,2024-08-05 12:45,S_Exit_Add,19619,1,992800,11810,1.19,11880,1.20,-20970,-2.11,944380,236.10
2714,空頭進場,2024-08-05 09:45,S_Add,19856,1,992800,11810,1.19,11880,1.20,-20970,-2.11,944380,236.10
2715,空頭出場,2024-08-05 12:45,S_Exit_G,19619,1,988000,7010,0.71,7080,0.72,-25770,-2.61,951410,237.85
2715,空頭進場,2024-08-05 09:55,S_Add,19760,1,988000,7010,0.71,7080,0.72,-25770,-2.61,951410,237.85
2716,空頭出場,2024-08-05 13:00,S_Exit_Add,19522,1,990050,13910,1.40,13980,1.41,-6520,-0.66,965300,241.33
2716,空頭進場,2024-08-05 12:20,S_G_進,19801,1,990050,13910,1.40,13980,1.41,-6520,-0.66,965300,241.33
2717,空頭出場,2024-08-05 13:00,S_Exit_G,19522,1,986750,10610,1.08,10680,1.08,-1320,-0.13,975930,243.98
2717,空頭進場,2024-08-05 12:45,S_G_進,19735,1,986750,10610,1.08,10680,1.08,-1320,-0.13,975930,243.98
2718,空頭出場,2024-08-05 13:25,S_Exit_Add,19456,1,982550,9710,0.99,9780,1.00,-4720,-0.48,985640,246.41
2718,空頭進場,2024-08-05 12:50,S_Add,19651,1,982550,9710,0.99,9780,1.00,-4720,-0.48,985640,246.41
2719,空頭出場,2024-08-05 15:00,S_Exit_Add,19193,1,980750,21060,2.15,21130,2.15,-6520,-0.66,1006680,251.67
2719,空頭進場,2024-08-05 12:55,S_G_進,19615,1,980750,21060,2.15,21130,2.15,-6520,-0.66,1006680,251.67
2720,空頭出場,2024-08-05 15:00,S_Exit_Add,19193,1,977100,17410,1.78,17480,1.79,-1570,-0.16,1024110,256.03
2720,空頭進場,2024-08-05 13:25,S_Add,19542,1,977100,17410,1.78,17480,1.79,-1570,-0.16,1024110,256.03
2721,空頭出場,2024-08-05 15:00,S_Exit_G,19193,1,973100,13410,1.38,13480,1.39,-1420,-0.15,1037540,259.39
2721,空頭進場,2024-08-05 13:30,S_Add,19462,1,973100,13410,1.38,13480,1.39,-1420,-0.15,1037540,259.39
2722,空頭出場,2024-08-05 20:10,S_Exit_Add,19089,1,968700,14210,1.47,14280,1.47,-20770,-2.14,1051770,262.94
2722,空頭進場,2024-08-05 13:35,S_G_進,19374,1,968700,14210,1.47,14280,1.47,-20770,-2.14,1051770,262.94
2723,空頭出場,2024-08-06 09:40,S_Exit,19601,1,1001700,21610,2.16,21680,2.16,-1320,-0.13,1073380,268.35
2723,空頭進場,2024-08-06 09:35,S_Cmd,20034,1,1001700,21610,2.16,21680,2.16,-1320,-0.13,1073380,268.35
2724,空頭出場,2024-08-07 04:20,Trend Rev,20440,1,1018500,-3540,-0.35,830,0.08,-3970,-0.39,1069840,267.46
2724,空頭進場,2024-08-07 04:05,S_Cmd,20370,1,1018500,-3540,-0.35,830,0.08,-3970,-0.39,1069840,267.46
2725,空頭出場,2024-08-07 08:45,S_Exit,20489,1,1013300,-11190,-1.10,1780,0.18,-11170,-1.10,1058650,264.66
2725,空頭進場,2024-08-07 04:50,S_Cmd,20266,1,1013300,-11190,-1.10,1780,0.18,-11170,-1.10,1058650,264.66
2726,空頭出場,2024-08-08 00:25,Trend Rev,21215,1,1055750,-5040,-0.48,530,0.05,-5120,-0.48,1053610,263.40
2726,空頭進場,2024-08-08 00:05,S_Cmd,21115,1,1055750,-5040,-0.48,530,0.05,-5120,-0.48,1053610,263.40
2727,空頭出場,2024-08-08 01:55,S_Exit,20916,1,1054350,8510,0.81,8580,0.81,-1420,-0.13,1062120,265.53
2727,空頭進場,2024-08-08 00:55,S_Cmd,21087,1,1054350,8510,0.81,8580,0.81,-1420,-0.13,1062120,265.53
2728,空頭出場,2024-08-08 08:55,S_Exit,20688,1,1027950,-6490,-0.63,180,0.02,-6470,-0.63,1055630,263.91
2728,空頭進場,2024-08-08 08:50,S_Cmd,20559,1,1027950,-6490,-0.63,180,0.02,-6470,-0.63,1055630,263.91
2729,空頭出場,2024-08-08 20:30,S_Exit,20939,1,1038400,-8590,-0.83,10130,0.98,-8570,-0.83,1047040,261.76
2729,空頭進場,2024-08-08 12:50,S_Cmd,20768,1,1038400,-8590,-0.83,10130,0.98,-8570,-0.83,1047040,261.76
2730,多頭出場,2024-08-09 08:45,L_Exit,21103,1,1064200,-9090,-0.85,7980,0.75,-9070,-0.85,1037950,259.49
2730,多頭進場,2024-08-08 23:35,L_Cmd,21284,1,1064200,-9090,-0.85,7980,0.75,-9070,-0.85,1037950,259.49
2731,多頭出場,2024-08-09 13:00,Trend Rev,21306,1,1074200,-8940,-0.83,5380,0.50,-11470,-1.07,1029010,257.25
2731,多頭進場,2024-08-09 09:40,L_Cmd,21484,1,1074200,-8940,-0.83,5380,0.50,-11470,-1.07,1029010,257.25
2732,多頭出場,2024-08-12 13:00,Trend Rev,21657,1,1089200,-6390,-0.59,5430,0.50,-6570,-0.60,1022620,255.66
2732,多頭進場,2024-08-12 09:20,L_Cmd,21784,1,1089200,-6390,-0.59,5430,0.50,-6570,-0.60,1022620,255.66
2733,多頭出場,2024-08-12 21:40,L_Exit,21721,1,1090450,-4440,-0.41,280,0.03,-4420,-0.41,1018180,254.55
2733,多頭進場,2024-08-12 21:35,L_Cmd,21809,1,1090450,-4440,-0.41,280,0.03,-4420,-0.41,1018180,254.55
2734,多頭出場,2024-08-13 03:40,Trend Rev,21761,1,1088600,-590,-0.05,7580,0.70,-1520,-0.14,1017550,254.39
2734,多頭進場,2024-08-12 22:20,L_Cmd,21772,1,1088600,-590,-0.05,7580,0.70,-1520,-0.14,1017550,254.39
2735,多頭出場,2024-08-13 03:40,Trend Rev,21761,1,1093000,-4990,-0.46,3180,0.29,-5920,-0.54,1012580,253.15
2735,多頭進場,2024-08-12 22:50,L_Add,21860,1,1093000,-4990,-0.46,3180,0.29,-5920,-0.54,1012580,253.15
2736,多頭出場,2024-08-13 03:40,Trend Rev,21761,1,1095500,-7490,-0.68,680,0.06,-8420,-0.77,1005110,251.28
2736,多頭進場,2024-08-12 23:20,L_Add,21910,1,1095500,-7490,-0.68,680,0.06,-8420,-0.77,1005110,251.28
2737,多頭出場,2024-08-13 09:05,L_Exit,21796,1,1093200,-3440,-0.31,1780,0.16,-3420,-0.31,1001670,250.42
2737,多頭進場,2024-08-13 08:50,L_Cmd,21864,1,1093200,-3440,-0.31,1780,0.16,-3420,-0.31,1001670,250.42
2738,多頭出場,2024-08-14 00:25,L_Exit,22024,1,1093400,7760,0.71,7830,0.72,-2520,-0.23,1009370,252.34
2738,多頭進場,2024-08-13 22:00,L_Cmd,21868,1,1093400,7760,0.71,7830,0.72,-2520,-0.23,1009370,252.34
2739,多頭出場,2024-08-14 00:25,L_Exit_Add,22024,1,1096600,4560,0.42,4630,0.42,-320,-0.03,1013950,253.49
2739,多頭進場,2024-08-13 23:20,L_Add,21932,1,1096600,4560,0.42,4630,0.42,-320,-0.03,1013950,253.49
2740,多頭出場,2024-08-14 00:40,L_Exit_G,22035,1,1098450,3260,0.30,3330,0.30,-70,-0.01,1017230,254.31
2740,多頭進場,2024-08-14 00:05,L_Add,21969,1,1098450,3260,0.30,3330,0.30,-70,-0.01,1017230,254.31
2741,多頭出場,2024-08-14 00:50,L_Exit_Add,22064,1,1099500,3660,0.33,3730,0.34,-170,-0.02,1020890,255.22
2741,多頭進場,2024-08-14 00:10,L_G_進,21990,1,1099500,3660,0.33,3730,0.34,-170,-0.02,1020890,255.22
2742,多頭出場,2024-08-14 03:40,L_Exit_Add,22132,1,1102650,3910,0.35,3980,0.36,-2270,-0.21,1024800,256.20
2742,多頭進場,2024-08-14 00:50,L_Add,22053,1,1102650,3910,0.35,3980,0.36,-2270,-0.21,1024800,256.20
2743,多頭出場,2024-08-14 08:45,L_Exit_Add,22018,1,1105750,-4890,-0.44,1330,0.12,-4870,-0.44,1019930,254.98
2743,多頭進場,2024-08-14 03:35,L_Add,22115,1,1105750,-4890,-0.44,1330,0.12,-4870,-0.44,1019930,254.98
2744,多頭出場,2024-08-14 10:10,L_Exit,22007,1,1107200,-6890,-0.62,630,0.06,-6870,-0.62,1013040,253.26
2744,多頭進場,2024-08-14 09:45,L_Cmd,22144,1,1107200,-6890,-0.62,630,0.06,-6870,-0.62,1013040,253.26
2745,多頭出場,2024-08-15 00:10,Trend Rev,21986,1,1100900,-1640,-0.15,880,0.08,-1770,-0.16,1011400,252.85
2745,多頭進場,2024-08-15 00:00,L_Cmd,22018,1,1100900,-1640,-0.15,880,0.08,-1770,-0.16,1011400,252.85
2746,多頭出場,2024-08-15 09:00,L_BE,22040,1,1102000,-40,0.00,2780,0.25,-20,0.00,1011340,252.84
2746,多頭進場,2024-08-15 08:50,L_Cmd,22040,1,1102000,-40,0.00,2780,0.25,-20,0.00,1011340,252.84
2747,多頭出場,2024-08-15 09:25,L_Exit_Add,21961,1,1104550,-6540,-0.59,1080,0.10,-6520,-0.59,1004820,251.21
2747,多頭進場,2024-08-15 08:55,L_Add,22091,1,1104550,-6540,-0.59,1080,0.10,-6520,-0.59,1004820,251.21
2748,多頭出場,2024-08-15 23:45,L_Exit,22329,1,1106250,10160,0.92,10230,0.92,-2620,-0.24,1014920,253.73
2748,多頭進場,2024-08-15 21:05,L_Cmd,22125,1,1106250,10160,0.92,10230,0.92,-2620,-0.24,1014920,253.73
2749,多頭出場,2024-08-16 00:10,L_Exit_G,22343,1,1111400,5710,0.51,5780,0.52,-3070,-0.28,1020650,255.16
2749,多頭進場,2024-08-15 22:00,L_Add,22228,1,1111400,5710,0.51,5780,0.52,-3070,-0.28,1020650,255.16
2750,多頭出場,2024-08-16 00:20,L_Exit_Add,22368,1,1113200,5160,0.46,5230,0.47,-2020,-0.18,1025830,256.46
2750,多頭進場,2024-08-15 22:50,L_Add,22264,1,1113200,5160,0.46,5230,0.47,-2020,-0.18,1025830,256.46
2751,多頭出場,2024-08-16 02:00,L_Exit_Add,22407,1,1115000,5310,0.48,5380,0.48,-720,-0.06,1031160,257.79
2751,多頭進場,2024-08-15 23:40,L_G_進,22300,1,1115000,5310,0.48,5380,0.48,-720,-0.06,1031160,257.79
2752,多頭出場,2024-08-16 09:55,L_Exit,22292,1,1119250,-4690,-0.42,2980,0.27,-4670,-0.42,1026470,256.62
2752,多頭進場,2024-08-16 09:30,L_Cmd,22385,1,1119250,-4690,-0.42,2980,0.27,-4670,-0.42,1026470,256.62
2753,多頭出場,2024-08-16 16:30,Trend Rev,22320,1,1118250,-2290,-0.20,1980,0.18,-2670,-0.24,1024180,256.05
2753,多頭進場,2024-08-16 10:25,L_Cmd,22365,1,1118250,-2290,-0.20,1980,0.18,-2670,-0.24,1024180,256.05
2754,多頭出場,2024-08-16 22:45,Trend Rev,22289,1,1115400,-990,-0.09,3230,0.29,-1620,-0.15,1023170,255.79
2754,多頭進場,2024-08-16 21:55,L_Cmd,22308,1,1115400,-990,-0.09,3230,0.29,-1620,-0.15,1023170,255.79
2755,多頭出場,2024-08-16 22:45,Trend Rev,22289,1,1118450,-4040,-0.36,130,0.01,-4470,-0.40,1019150,254.79
2755,多頭進場,2024-08-16 22:20,L_Add,22369,1,1118450,-4040,-0.36,130,0.01,-4470,-0.40,1019150,254.79
2756,多頭出場,2024-08-19 09:45,L_Exit_Add,22344,1,1117750,-590,-0.05,5130,0.46,-1470,-0.13,1018520,254.63
2756,多頭進場,2024-08-17 00:40,L_Cmd,22355,1,1117750,-590,-0.05,5130,0.46,-1470,-0.13,1018520,254.63
2757,多頭出場,2024-08-19 10:45,L_Exit,22493,1,1120950,3660,0.33,3730,0.33,-4970,-0.44,1022200,255.55
2757,多頭進場,2024-08-19 08:50,L_Add,22419,1,1120950,3660,0.33,3730,0.33,-4970,-0.44,1022200,255.55
2758,多頭出場,2024-08-19 10:55,L_Exit_Add,22511,1,1122300,3210,0.29,3280,0.29,-6320,-0.56,1025430,256.36
2758,多頭進場,2024-08-19 08:55,L_Add,22446,1,1122300,3210,0.29,3280,0.29,-6320,-0.56,1025430,256.36
2759,多頭出場,2024-08-20 09:30,L_Exit_Add,22489,1,1122350,2060,0.18,6580,0.59,-1470,-0.13,1027450,256.86
2759,多頭進場,2024-08-19 22:55,L_Cmd,22447,1,1122350,2060,0.18,6580,0.59,-1470,-0.13,1027450,256.86
2760,多頭出場,2024-08-20 10:20,L_Exit_Add,22472,1,1127250,-3690,-0.33,1680,0.15,-3670,-0.33,1023780,255.95
2760,多頭進場,2024-08-20 03:05,L_Add,22545,1,1127250,-3690,-0.33,1680,0.15,-3670,-0.33,1023780,255.95
2761,多頭出場,2024-08-20 10:25,Trend Rev,22478,1,1128100,-4240,-0.38,580,0.05,-4870,-0.43,1019560,254.89
2761,多頭進場,2024-08-20 08:50,L_Add,22562,1,1128100,-4240,-0.38,580,0.05,-4870,-0.43,1019560,254.89
2762,多頭出場,2024-08-20 22:10,L_Exit,22380,1,1121650,-2690,-0.24,330,0.03,-2670,-0.24,1016870,254.22
2762,多頭進場,2024-08-20 22:00,L_Cmd,22433,1,1121650,-2690,-0.24,330,0.03,-2670,-0.24,1016870,254.22
2763,多頭出場,2024-08-21 22:40,L_Exit,22285,1,1109250,4960,0.45,5030,0.45,-1370,-0.12,1021810,255.45
2763,多頭進場,2024-08-21 21:40,L_Cmd,22185,1,1109250,4960,0.45,5030,0.45,-1370,-0.12,1021810,255.45
2764,多頭出場,2024-08-21 22:55,Trend Rev,22173,1,1112700,-4090,-0.37,1580,0.14,-4720,-0.42,1017740,254.44
2764,多頭進場,2024-08-21 22:05,L_Add,22254,1,1112700,-4090,-0.37,1580,0.14,-4720,-0.42,1017740,254.44
2765,多頭出場,2024-08-22 09:00,Trend Rev,22207,1,1111600,-1290,-0.12,2180,0.20,-1370,-0.12,1016450,254.11
2765,多頭進場,2024-08-22 03:50,L_Cmd,22232,1,1111600,-1290,-0.12,2180,0.20,-1370,-0.12,1016450,254.11
2766,空頭出場,2024-08-22 10:20,S_Exit,22051,1,1107200,4610,0.42,4680,0.42,-2670,-0.24,1021040,255.26
2766,空頭進場,2024-08-22 09:45,S_Cmd,22144,1,1107200,4610,0.42,4680,0.42,-2670,-0.24,1021040,255.26
2767,空頭出場,2024-08-22 15:05,Trend Rev,22148,1,1103050,-4390,-0.40,1730,0.16,-5370,-0.49,1016670,254.17
2767,空頭進場,2024-08-22 10:20,S_Add,22061,1,1103050,-4390,-0.40,1730,0.16,-5370,-0.49,1016670,254.17
2768,空頭出場,2024-08-22 23:40,S_Exit,21889,1,1100700,6210,0.56,6280,0.57,-1370,-0.12,1022880,255.72
2768,空頭進場,2024-08-22 23:35,S_Cmd,22014,1,1100700,6210,0.56,6280,0.57,-1370,-0.12,1022880,255.72
2769,多頭出場,2024-08-23 21:40,L_Exit_Add,22151,1,1107650,-140,-0.01,6480,0.59,-3920,-0.35,1022720,255.68
2769,多頭進場,2024-08-23 12:50,L_Cmd,22153,1,1107650,-140,-0.01,6480,0.59,-3920,-0.35,1022720,255.68
2770,多頭出場,2024-08-23 22:00,L_Exit,22363,1,1111850,6260,0.56,6330,0.57,-4370,-0.39,1029000,257.25
2770,多頭進場,2024-08-23 21:05,L_Add,22237,1,1111850,6260,0.56,6330,0.57,-4370,-0.39,1029000,257.25
2771,多頭出場,2024-08-23 22:45,L_Exit,22256,1,1117750,-4990,-0.45,4180,0.37,-4970,-0.44,1024010,256.00
2771,多頭進場,2024-08-23 22:05,L_Cmd,22355,1,1117750,-4990,-0.45,4180,0.37,-4970,-0.44,1024010,256.00
2772,多頭出場,2024-08-26 09:10,L_Exit,22428,1,1114450,6910,0.62,6980,0.63,-2820,-0.25,1030900,257.72
2772,多頭進場,2024-08-24 03:15,L_Cmd,22289,1,1114450,6910,0.62,6980,0.63,-2820,-0.25,1030900,257.72
2773,多頭出場,2024-08-26 10:55,L_Exit_Add,22264,1,1118900,-5740,-0.51,3580,0.32,-5720,-0.51,1025160,256.29
2773,多頭進場,2024-08-26 09:10,L_Add,22378,1,1118900,-5740,-0.51,3580,0.32,-5720,-0.51,1025160,256.29
2774,多頭出場,2024-08-26 11:00,Trend Rev,22279,1,1122100,-8190,-0.73,330,0.03,-9320,-0.83,1016990,254.25
2774,多頭進場,2024-08-26 09:25,L_Add,22442,1,1122100,-8190,-0.73,330,0.03,-9320,-0.83,1016990,254.25
2775,多頭出場,2024-08-26 22:00,L_Exit,22194,1,1112750,-3090,-0.28,680,0.06,-3070,-0.28,1013900,253.48
2775,多頭進場,2024-08-26 21:40,L_Cmd,22255,1,1112750,-3090,-0.28,680,0.06,-3070,-0.28,1013900,253.48
2776,多頭出場,2024-08-28 08:45,L_Exit,22156,1,1112200,-4440,-0.40,3680,0.33,-4420,-0.40,1009460,252.37
2776,多頭進場,2024-08-27 23:00,L_Cmd,22244,1,1112200,-4440,-0.40,3680,0.33,-4420,-0.40,1009460,252.37
2777,空頭出場,2024-08-28 10:40,S_Exit,22141,1,1102800,-4290,-0.39,330,0.03,-4270,-0.39,1005170,251.29
2777,空頭進場,2024-08-28 10:05,S_Cmd,22056,1,1102800,-4290,-0.39,330,0.03,-4270,-0.39,1005170,251.29
2778,多頭出場,2024-08-28 13:40,L_Exit,22410,1,1112100,8360,0.75,8430,0.76,-70,-0.01,1013470,253.37
2778,多頭進場,2024-08-28 11:50,L_Cmd,22242,1,1112100,8360,0.75,8430,0.76,-70,-0.01,1013470,253.37
2779,多頭出場,2024-08-28 13:40,L_Exit_G,22410,1,1117600,2860,0.26,2930,0.26,-1320,-0.12,1016350,254.09
2779,多頭進場,2024-08-28 12:20,L_Add,22352,1,1117600,2860,0.26,2930,0.26,-1320,-0.12,1016350,254.09
2780,多頭出場,2024-08-28 15:00,L_Exit_Add,22476,1,1118400,5360,0.48,5430,0.49,-420,-0.04,1021730,255.43
2780,多頭進場,2024-08-28 13:25,L_Add,22368,1,1118400,5360,0.48,5430,0.49,-420,-0.04,1021730,255.43
2781,多頭出場,2024-08-28 15:00,L_Exit_Add,22476,1,1119500,4260,0.38,4330,0.39,-1120,-0.10,1026010,256.50
2781,多頭進場,2024-08-28 13:30,L_G_進,22390,1,1119500,4260,0.38,4330,0.39,-1120,-0.10,1026010,256.50
2782,多頭出場,2024-08-29 03:10,Trend Rev,22310,1,1116300,-840,-0.08,80,0.01,-1720,-0.15,1025170,256.29
2782,多頭進場,2024-08-29 03:05,L_Cmd,22326,1,1116300,-840,-0.08,80,0.01,-1720,-0.15,1025170,256.29
2783,空頭出場,2024-08-29 10:40,S_Exit,22122,1,1097950,-8190,-0.75,880,0.08,-8170,-0.74,1016980,254.25
2783,空頭進場,2024-08-29 08:50,S_Cmd,21959,1,1097950,-8190,-0.75,880,0.08,-8170,-0.74,1016980,254.25
2784,多頭出場,2024-08-30 02:30,Trend Rev,22356,1,1119850,-2090,-0.19,3930,0.35,-2820,-0.25,1014870,253.72
2784,多頭進場,2024-08-29 21:35,L_Cmd,22397,1,1119850,-2090,-0.19,3930,0.35,-2820,-0.25,1014870,253.72
2785,多頭出場,2024-08-30 02:30,Trend Rev,22356,1,1122750,-4990,-0.44,1030,0.09,-5470,-0.49,1009900,252.48
2785,多頭進場,2024-08-29 22:50,L_Add,22455,1,1122750,-4990,-0.44,1030,0.09,-5470,-0.49,1009900,252.48
2786,空頭出場,2024-08-31 00:25,S_Exit,22117,1,1110800,4910,0.44,4980,0.45,-770,-0.07,1014810,253.70
2786,空頭進場,2024-08-30 23:00,S_Cmd,22216,1,1110800,4910,0.44,4980,0.45,-770,-0.07,1014810,253.70
2787,空頭出場,2024-08-31 01:00,S_Exit,22184,1,1105500,-3740,-0.34,730,0.07,-3720,-0.34,1011070,252.77
2787,空頭進場,2024-08-31 00:35,S_Cmd,22110,1,1105500,-3740,-0.34,730,0.07,-3720,-0.34,1011070,252.77
2788,多頭出場,2024-09-02 08:55,L_Exit,22435,1,1113000,8710,0.78,8780,0.79,-1620,-0.15,1019740,254.94
2788,多頭進場,2024-08-31 03:30,L_Cmd,22260,1,1113000,8710,0.78,8780,0.79,-1620,-0.15,1019740,254.94
2789,多頭出場,2024-09-02 08:55,L_Exit_Add,22435,1,1115350,6360,0.57,6430,0.58,-170,-0.02,1026120,256.53
2789,多頭進場,2024-09-02 08:50,L_Add,22307,1,1115350,6360,0.57,6430,0.58,-170,-0.02,1026120,256.53
2790,多頭出場,2024-09-02 09:50,L_Exit_Add,22278,1,1117900,-4040,-0.36,4430,0.40,-4020,-0.36,1022080,255.52
2790,多頭進場,2024-09-02 08:55,L_Add,22358,1,1117900,-4040,-0.36,4430,0.40,-4020,-0.36,1022080,255.52
2791,多頭出場,2024-09-02 10:00,L_Exit_Add,22233,1,1120150,-8540,-0.76,2180,0.19,-8520,-0.76,1013560,253.39
2791,多頭進場,2024-09-02 09:00,L_Add,22403,1,1120150,-8540,-0.76,2180,0.19,-8520,-0.76,1013560,253.39
2792,空頭出場,2024-09-02 22:40,Trend Rev,22203,1,1109100,-1090,-0.10,780,0.07,-1470,-0.13,1012470,253.12
2792,空頭進場,2024-09-02 22:15,S_Cmd,22182,1,1109100,-1090,-0.10,780,0.07,-1470,-0.13,1012470,253.12
2793,空頭出場,2024-09-03 04:55,Trend Rev,22222,1,1109800,-1340,-0.12,130,0.01,-1320,-0.12,1011130,252.78
2793,空頭進場,2024-09-03 04:25,S_Cmd,22196,1,1109800,-1340,-0.12,130,0.01,-1320,-0.12,1011130,252.78
2794,空頭出場,2024-09-03 09:00,Trend Rev,22222,1,1109450,-1690,-0.15,680,0.06,-1670,-0.15,1009440,252.36
2794,空頭進場,2024-09-03 08:50,S_Cmd,22189,1,1109450,-1690,-0.15,680,0.06,-1670,-0.15,1009440,252.36
2795,多頭出場,2024-09-03 10:30,L_Exit,22218,1,1114950,-4090,-0.37,680,0.06,-4070,-0.37,1005350,251.34
2795,多頭進場,2024-09-03 09:50,L_Cmd,22299,1,1114950,-4090,-0.37,680,0.06,-4070,-0.37,1005350,251.34
2796,空頭出場,2024-09-03 11:10,S_Exit,22081,1,1108650,4560,0.41,4630,0.42,-20,0.00,1009910,252.48
2796,空頭進場,2024-09-03 10:45,S_Cmd,22173,1,1108650,4560,0.41,4630,0.42,-20,0.00,1009910,252.48
2797,空頭出場,2024-09-03 17:10,S_Exit,21976,1,1104150,5310,0.48,5380,0.49,-3370,-0.31,1015220,253.81
2797,空頭進場,2024-09-03 11:15,S_Cmd,22083,1,1104150,5310,0.48,5380,0.49,-3370,-0.31,1015220,253.81
2798,空頭出場,2024-09-03 22:15,S_Exit,21657,1,1089250,6360,0.58,6430,0.59,-620,-0.06,1021560,255.39
2798,空頭進場,2024-09-03 22:05,S_Cmd,21785,1,1089250,6360,0.58,6430,0.59,-620,-0.06,1021560,255.39
2799,空頭出場,2024-09-03 22:35,S_Exit_Add,21572,1,1085000,6360,0.59,6430,0.59,-770,-0.07,1027920,256.98
2799,空頭進場,2024-09-03 22:15,S_Add,21700,1,1085000,6360,0.59,6430,0.59,-770,-0.07,1027920,256.98
2800,空頭出場,2024-09-04 01:55,S_Exit_Add,21459,1,1080750,7760,0.72,7830,0.72,-2370,-0.22,1035680,258.92
2800,空頭進場,2024-09-03 22:35,S_Add,21615,1,1080750,7760,0.72,7830,0.72,-2370,-0.22,1035680,258.92
2801,空頭出場,2024-09-04 03:10,S_Exit_Add,21418,1,1075400,4460,0.41,4630,0.43,-7720,-0.72,1040140,260.04
2801,空頭進場,2024-09-03 22:50,S_Add,21508,1,1075400,4460,0.41,4630,0.43,-7720,-0.72,1040140,260.04
2802,空頭出場,2024-09-04 03:45,S_Exit_Add,21352,1,1071650,4010,0.37,4080,0.38,-1270,-0.12,1044170,261.04
2802,空頭進場,2024-09-04 03:10,S_Add,21433,1,1071650,4010,0.37,4080,0.38,-1270,-0.12,1044170,261.04
2803,空頭出場,2024-09-04 08:45,S_Exit,21237,1,1067050,5160,0.48,5230,0.49,-1870,-0.18,1049330,262.33
2803,空頭進場,2024-09-04 04:50,S_Cmd,21341,1,1067050,5160,0.48,5230,0.49,-1870,-0.18,1049330,262.33
2804,空頭出場,2024-09-04 09:00,S_Exit_Add,20828,1,1058250,16810,1.59,16880,1.60,-1970,-0.19,1066100,266.52
2804,空頭進場,2024-09-04 08:50,S_Cmd,21165,1,1058250,16810,1.59,16880,1.60,-1970,-0.19,1066100,266.52
2805,空頭出場,2024-09-04 09:00,S_Exit_Add,20828,1,1054000,12560,1.19,12630,1.20,-1270,-0.12,1078680,269.67
2805,空頭進場,2024-09-04 08:55,S_Add,21080,1,1054000,12560,1.19,12630,1.20,-1270,-0.12,1078680,269.67
2806,空頭出場,2024-09-04 09:05,S_BE,21044,1,1052200,-40,0.00,10830,1.03,-1720,-0.16,1078640,269.66
2806,空頭進場,2024-09-04 09:00,S_Add,21044,1,1052200,-40,0.00,10830,1.03,-1720,-0.16,1078640,269.66
2807,空頭出場,2024-09-04 09:25,S_Exit_Add,21225,1,1046850,-14440,-1.38,2880,0.28,-14420,-1.38,1064220,266.06
2807,空頭進場,2024-09-04 09:05,S_Add,20937,1,1046850,-14440,-1.38,2880,0.28,-14420,-1.38,1064220,266.06
2808,空頭出場,2024-09-04 13:30,S_Exit,20978,1,1057550,8610,0.81,8680,0.82,-4220,-0.40,1072810,268.20
2808,空頭進場,2024-09-04 11:25,S_Cmd,21151,1,1057550,8610,0.81,8680,0.82,-4220,-0.40,1072810,268.20
2809,空頭出場,2024-09-04 21:30,S_Exit_Add,21220,1,1051700,-9340,-0.89,5880,0.56,-9320,-0.89,1063490,265.87
2809,空頭進場,2024-09-04 13:10,S_Add,21034,1,1051700,-9340,-0.89,5880,0.56,-9320,-0.89,1063490,265.87
2810,空頭出場,2024-09-05 00:10,Trend Rev,21243,1,1060650,-1540,-0.15,830,0.08,-1720,-0.16,1061950,265.49
2810,空頭進場,2024-09-05 00:05,S_Cmd,21213,1,1060650,-1540,-0.15,830,0.08,-1720,-0.16,1061950,265.49
2811,空頭出場,2024-09-05 12:45,S_Exit,21112,1,1062400,6760,0.64,6830,0.64,-1020,-0.10,1068690,267.17
2811,空頭進場,2024-09-05 12:00,S_Cmd,21248,1,1062400,6760,0.64,6830,0.64,-1020,-0.10,1068690,267.17
2812,空頭出場,2024-09-05 13:10,S_Exit_Add,21062,1,1058800,5660,0.53,5730,0.54,-370,-0.03,1074350,268.59
2812,空頭進場,2024-09-05 12:40,S_Add,21176,1,1058800,5660,0.53,5730,0.54,-370,-0.03,1074350,268.59
2813,空頭出場,2024-09-05 15:00,S_Exit_Add,21228,1,1054350,-7090,-0.67,1580,0.15,-7070,-0.67,1067260,266.82
2813,空頭進場,2024-09-05 13:05,S_Add,21087,1,1054350,-7090,-0.67,1580,0.15,-7070,-0.67,1067260,266.82
2814,空頭出場,2024-09-05 15:05,S_Exit_Add,21253,1,1053100,-9590,-0.91,330,0.03,-9570,-0.91,1057690,264.42
2814,空頭進場,2024-09-05 13:10,S_Add,21062,1,1053100,-9590,-0.91,330,0.03,-9570,-0.91,1057690,264.42
2815,空頭出場,2024-09-05 23:50,Trend Rev,21294,1,1062650,-2090,-0.20,680,0.06,-3170,-0.30,1055600,263.90
2815,空頭進場,2024-09-05 23:30,S_Cmd,21253,1,1062650,-2090,-0.20,680,0.06,-3170,-0.30,1055600,263.90
2816,空頭出場,2024-09-06 09:00,S_Exit,21077,1,1059750,5860,0.55,5930,0.56,-2570,-0.24,1061460,265.37
2816,空頭進場,2024-09-06 08:50,S_Cmd,21195,1,1059750,5860,0.55,5930,0.56,-2570,-0.24,1061460,265.37
2817,空頭出場,2024-09-06 09:15,S_Exit,21196,1,1054400,-5440,-0.52,3730,0.35,-5420,-0.51,1056020,264.01
2817,空頭進場,2024-09-06 09:05,S_Cmd,21088,1,1054400,-5440,-0.52,3730,0.35,-5420,-0.51,1056020,264.01
2818,空頭出場,2024-09-06 22:40,S_Exit,20840,1,1054550,12510,1.19,12580,1.19,-120,-0.01,1068510,267.13
2818,空頭進場,2024-09-06 22:25,S_Cmd,21091,1,1054550,12510,1.19,12580,1.19,-120,-0.01,1068510,267.13
2819,空頭出場,2024-09-06 22:50,S_Exit_Add,20732,1,1048150,11510,1.10,11580,1.10,-1720,-0.16,1080000,270.00
2819,空頭進場,2024-09-06 22:35,S_Add,20963,1,1048150,11510,1.10,11580,1.10,-1720,-0.16,1080000,270.00
2820,空頭出場,2024-09-07 03:10,S_Exit_Add,20692,1,1041950,7310,0.70,9630,0.92,-9270,-0.89,1087330,271.83
2820,空頭進場,2024-09-06 22:45,S_Add,20839,1,1041950,7310,0.70,9630,0.92,-9270,-0.89,1087330,271.83
2821,空頭出場,2024-09-07 03:15,S_Exit_Add,20673,1,1039150,5460,0.53,6830,0.66,-12070,-1.16,1092790,273.20
2821,空頭進場,2024-09-06 22:50,S_Add,20783,1,1039150,5460,0.53,6830,0.66,-12070,-1.16,1092790,273.20
2822,空頭出場,2024-09-07 04:20,S_Exit_Add,20572,1,1034600,5960,0.58,6030,0.58,-2170,-0.21,1098770,274.69
2822,空頭進場,2024-09-07 03:10,S_Add,20692,1,1034600,5960,0.58,6030,0.58,-2170,-0.21,1098770,274.69
2823,空頭出場,2024-09-09 08:45,S_Exit,20730,1,1028000,-8540,-0.83,530,0.05,-8520,-0.83,1090230,272.56
2823,空頭進場,2024-09-07 04:40,S_Cmd,20560,1,1028000,-8540,-0.83,530,0.05,-8520,-0.83,1090230,272.56
2824,空頭出場,2024-09-10 09:05,Trend Rev,21221,1,1059400,-1690,-0.16,380,0.04,-2970,-0.28,1088540,272.14
2824,空頭進場,2024-09-10 08:55,S_Cmd,21188,1,1059400,-1690,-0.16,380,0.04,-2970,-0.28,1088540,272.14
2825,空頭出場,2024-09-10 09:25,Trend Rev,21225,1,1058500,-2790,-0.26,730,0.07,-3120,-0.29,1085750,271.44
2825,空頭進場,2024-09-10 09:15,S_Cmd,21170,1,1058500,-2790,-0.26,730,0.07,-3120,-0.29,1085750,271.44
2826,空頭出場,2024-09-10 12:25,S_Exit,21002,1,1056950,6810,0.64,6880,0.65,-2670,-0.25,1092540,273.14
2826,空頭進場,2024-09-10 09:35,S_Cmd,21139,1,1056950,6810,0.64,6880,0.65,-2670,-0.25,1092540,273.14
2827,空頭出場,2024-09-10 12:35,S_Exit_Add,20916,1,1052350,6510,0.62,6580,0.63,-7270,-0.69,1099050,274.76
2827,空頭進場,2024-09-10 10:05,S_Add,21047,1,1052350,6510,0.62,6580,0.63,-7270,-0.69,1099050,274.76
2828,空頭出場,2024-09-10 20:15,Trend Rev,21066,1,1048200,-5140,-0.49,2880,0.27,-7520,-0.72,1093930,273.48
2828,空頭進場,2024-09-10 12:35,S_Add,20964,1,1048200,-5140,-0.49,2880,0.27,-7520,-0.72,1093930,273.48
2829,空頭出場,2024-09-11 09:10,S_Exit,20973,1,1052500,3810,0.36,3880,0.37,-2270,-0.22,1097740,274.44
2829,空頭進場,2024-09-11 09:00,S_Cmd,21050,1,1052500,3810,0.36,3880,0.37,-2270,-0.22,1097740,274.44
2830,空頭出場,2024-09-11 12:45,Trend Rev,21052,1,1050250,-2390,-0.23,580,0.06,-2520,-0.24,1095350,273.84
2830,空頭進場,2024-09-11 11:35,S_Cmd,21005,1,1050250,-2390,-0.23,580,0.06,-2520,-0.24,1095350,273.84
2831,空頭出場,2024-09-11 15:00,S_Exit,21066,1,1048300,-5040,-0.48,480,0.05,-5020,-0.48,1090310,272.58
2831,空頭進場,2024-09-11 13:30,S_Cmd,20966,1,1048300,-5040,-0.48,480,0.05,-5020,-0.48,1090310,272.58
2832,空頭出場,2024-09-11 22:40,S_Exit,20890,1,1051600,7060,0.67,7130,0.68,-870,-0.08,1097350,274.34
2832,空頭進場,2024-09-11 22:15,S_Cmd,21032,1,1051600,7060,0.67,7130,0.68,-870,-0.08,1097350,274.34
2833,空頭出場,2024-09-11 23:35,S_Exit_Add,21141,1,1046050,-11040,-1.06,2030,0.19,-11020,-1.05,1086330,271.58
2833,空頭進場,2024-09-11 22:35,S_Add,20921,1,1046050,-11040,-1.06,2030,0.19,-11020,-1.05,1086330,271.58
2834,多頭出場,2024-09-12 09:40,L_Exit,21687,1,1075800,8510,0.79,8580,0.80,-2770,-0.26,1094820,273.71
2834,多頭進場,2024-09-12 03:35,L_Cmd,21516,1,1075800,8510,0.79,8580,0.80,-2770,-0.26,1094820,273.71
2835,多頭出場,2024-09-12 10:45,L_Exit_Add,21779,1,1079550,9360,0.87,9430,0.87,-6520,-0.60,1104140,276.03
2835,多頭進場,2024-09-12 08:50,L_Add,21591,1,1079550,9360,0.87,9430,0.87,-6520,-0.60,1104140,276.03
2836,多頭出場,2024-09-12 10:45,L_Exit_G,21779,1,1083850,5060,0.47,5130,0.47,-3120,-0.29,1109220,277.31
2836,多頭進場,2024-09-12 09:45,L_Add,21677,1,1083850,5060,0.47,5130,0.47,-3120,-0.29,1109220,277.31
2837,多頭出場,2024-09-12 21:25,Trend Rev,21643,1,1085800,-3690,-0.34,3730,0.34,-4420,-0.41,1105550,276.39
2837,多頭進場,2024-09-12 10:30,L_Add,21716,1,1085800,-3690,-0.34,3730,0.34,-4420,-0.41,1105550,276.39
2838,多頭出場,2024-09-12 21:25,Trend Rev,21643,1,1086500,-4390,-0.40,3030,0.28,-5120,-0.47,1101180,275.29
2838,多頭進場,2024-09-12 10:35,L_G_進,21730,1,1086500,-4390,-0.40,3030,0.28,-5120,-0.47,1101180,275.29
2839,多頭出場,2024-09-12 23:50,Trend Rev,21670,1,1087500,-4040,-0.37,1730,0.16,-4920,-0.45,1097140,274.28
2839,多頭進場,2024-09-12 22:30,L_Cmd,21750,1,1087500,-4040,-0.37,1730,0.16,-4920,-0.45,1097140,274.28
2840,多頭出場,2024-09-13 19:40,Trend Rev,21762,1,1088950,-890,-0.08,3380,0.31,-1370,-0.13,1096230,274.06
2840,多頭進場,2024-09-13 12:45,L_Cmd,21779,1,1088950,-890,-0.08,3380,0.31,-1370,-0.13,1096230,274.06
2841,多頭出場,2024-09-13 19:40,Trend Rev,21762,1,1089500,-1440,-0.13,2830,0.26,-1920,-0.18,1094810,273.70
2841,多頭進場,2024-09-13 15:00,L_Add,21790,1,1089500,-1440,-0.13,2830,0.26,-1920,-0.18,1094810,273.70
2842,多頭出場,2024-09-13 21:35,L_Exit,21891,1,1090300,4210,0.39,4280,0.39,-1020,-0.09,1099000,274.75
2842,多頭進場,2024-09-13 21:05,L_Cmd,21806,1,1090300,4210,0.39,4280,0.39,-1020,-0.09,1099000,274.75
2843,多頭出場,2024-09-14 04:00,Trend Rev,21821,1,1093200,-2190,-0.20,1380,0.13,-4870,-0.45,1096830,274.21
2843,多頭進場,2024-09-13 21:35,L_Add,21864,1,1093200,-2190,-0.20,1380,0.13,-4870,-0.45,1096830,274.21
2844,多頭出場,2024-09-16 15:00,Trend Rev,21819,1,1091600,-690,-0.06,1880,0.17,-1270,-0.12,1096140,274.03
2844,多頭進場,2024-09-16 11:35,L_Cmd,21832,1,1091600,-690,-0.06,1880,0.17,-1270,-0.12,1096140,274.03
2845,多頭出場,2024-09-18 08:45,Trend Rev,21762,1,1088850,-790,-0.07,530,0.05,-1570,-0.14,1095350,273.84
2845,多頭進場,2024-09-17 03:40,L_Cmd,21777,1,1088850,-790,-0.07,530,0.05,-1570,-0.14,1095350,273.84
2846,多頭出場,2024-09-18 10:30,L_Exit,21881,1,1089900,4110,0.38,4180,0.38,-2420,-0.22,1099440,274.86
2846,多頭進場,2024-09-18 08:55,L_Cmd,21798,1,1089900,4110,0.38,4180,0.38,-2420,-0.22,1099440,274.86
2847,多頭出場,2024-09-18 11:15,Trend Rev,21771,1,1092150,-3640,-0.33,1930,0.18,-3920,-0.36,1095820,273.96
2847,多頭進場,2024-09-18 09:50,L_Add,21843,1,1092150,-3640,-0.33,1930,0.18,-3920,-0.36,1095820,273.96
2848,多頭出場,2024-09-18 21:35,Trend Rev,21725,1,1086750,-540,-0.05,1130,0.10,-720,-0.07,1095280,273.82
2848,多頭進場,2024-09-18 21:15,L_Cmd,21735,1,1086750,-540,-0.05,1130,0.10,-720,-0.07,1095280,273.82
2849,多頭出場,2024-09-19 01:15,Trend Rev,21716,1,1085850,-90,-0.01,680,0.06,-320,-0.03,1095190,273.80
2849,多頭進場,2024-09-19 00:55,L_Cmd,21717,1,1085850,-90,-0.01,680,0.06,-320,-0.03,1095190,273.80
2850,多頭出場,2024-09-19 10:40,L_Exit,21976,1,1086800,11960,1.10,12030,1.11,-1320,-0.12,1107090,276.77
2850,多頭進場,2024-09-19 09:40,L_Cmd,21736,1,1086800,11960,1.10,12030,1.11,-1320,-0.12,1107090,276.77
2851,多頭出場,2024-09-19 10:40,L_Exit_G,21976,1,1093050,5710,0.52,5780,0.53,-70,-0.01,1112820,278.21
2851,多頭進場,2024-09-19 10:15,L_Add,21861,1,1093050,5710,0.52,5780,0.53,-70,-0.01,1112820,278.21
2852,多頭出場,2024-09-19 11:50,L_Exit_Add,21992,1,1094950,4610,0.42,4980,0.45,-970,-0.09,1117430,279.36
2852,多頭進場,2024-09-19 10:20,L_Add,21899,1,1094950,4610,0.42,4980,0.45,-970,-0.09,1117430,279.36
2853,多頭出場,2024-09-19 11:55,L_Exit_Add,22038,1,1095850,6010,0.55,6080,0.55,-770,-0.07,1123460,280.87
2853,多頭進場,2024-09-19 10:35,L_G_進,21917,1,1095850,6010,0.55,6080,0.55,-770,-0.07,1123460,280.87
2854,多頭出場,2024-09-19 15:00,L_Exit_Add,22134,1,1099600,7060,0.64,7130,0.65,-70,-0.01,1130540,282.64
2854,多頭進場,2024-09-19 11:50,L_Add,21992,1,1099600,7060,0.64,7130,0.65,-70,-0.01,1130540,282.64
2855,多頭出場,2024-09-19 21:40,L_Exit,22191,1,1112450,-2940,-0.26,1380,0.12,-2920,-0.26,1127600,281.90
2855,多頭進場,2024-09-19 21:30,L_Cmd,22249,1,1112450,-2940,-0.26,1380,0.12,-2920,-0.26,1127600,281.90
2856,多頭出場,2024-09-20 00:45,L_Exit,22379,1,1111500,7410,0.67,7480,0.67,-870,-0.08,1134950,283.74
2856,多頭進場,2024-09-19 22:20,L_Cmd,22230,1,1111500,7410,0.67,7480,0.67,-870,-0.08,1134950,283.74
2857,多頭出場,2024-09-20 01:30,L_Exit_G,22389,1,1114550,4860,0.44,4930,0.44,-1270,-0.11,1139830,284.96
2857,多頭進場,2024-09-19 23:45,L_Add,22291,1,1114550,4860,0.44,4930,0.44,-1270,-0.11,1139830,284.96
2858,多頭出場,2024-09-20 01:35,L_Exit_Add,22407,1,1116000,4310,0.39,4380,0.39,-420,-0.04,1144160,286.04
2858,多頭進場,2024-09-20 00:05,L_Add,22320,1,1116000,4310,0.39,4380,0.39,-420,-0.04,1144160,286.04
2859,多頭出場,2024-09-20 02:00,L_Exit_Add,22433,1,1117100,4510,0.40,4580,0.41,-520,-0.05,1148690,287.17
2859,多頭進場,2024-09-20 00:20,L_G_進,22342,1,1117100,4510,0.40,4580,0.41,-520,-0.05,1148690,287.17
2860,多頭出場,2024-09-20 09:20,L_Exit,22337,1,1120500,-3690,-0.33,730,0.07,-3670,-0.33,1145000,286.25
2860,多頭進場,2024-09-20 09:05,L_Cmd,22410,1,1120500,-3690,-0.33,730,0.07,-3670,-0.33,1145000,286.25
2861,多頭出場,2024-09-20 13:05,Trend Rev,22273,1,1115000,-1390,-0.12,1030,0.09,-1420,-0.13,1143610,285.90
2861,多頭進場,2024-09-20 12:35,L_Cmd,22300,1,1115000,-1390,-0.12,1030,0.09,-1420,-0.13,1143610,285.90
2862,多頭出場,2024-09-21 01:55,Trend Rev,22219,1,1111100,-190,-0.02,1880,0.17,-720,-0.06,1143420,285.86
2862,多頭進場,2024-09-21 00:10,L_Cmd,22222,1,1111100,-190,-0.02,1880,0.17,-720,-0.06,1143420,285.86
2863,多頭出場,2024-09-21 03:50,Trend Rev,22215,1,1113050,-2340,-0.21,80,0.01,-2320,-0.21,1141080,285.27
2863,多頭進場,2024-09-21 03:40,L_Cmd,22261,1,1113050,-2340,-0.21,80,0.01,-2320,-0.21,1141080,285.27
2864,多頭出場,2024-09-23 15:10,Trend Rev,22262,1,1115800,-2740,-0.25,3780,0.34,-3220,-0.29,1138320,284.58
2864,多頭進場,2024-09-23 08:50,L_Cmd,22316,1,1115800,-2740,-0.25,3780,0.34,-3220,-0.29,1138320,284.58
2865,多頭出場,2024-09-23 15:10,Trend Rev,22262,1,1118250,-5190,-0.46,1330,0.12,-5670,-0.51,1133150,283.29
2865,多頭進場,2024-09-23 09:40,L_Add,22365,1,1118250,-5190,-0.46,1330,0.12,-5670,-0.51,1133150,283.29
2866,多頭出場,2024-09-23 22:10,L_Exit,22369,1,1114850,3560,0.32,3630,0.33,-1770,-0.16,1136670,284.17
2866,多頭進場,2024-09-23 21:05,L_Cmd,22297,1,1114850,3560,0.32,3630,0.33,-1770,-0.16,1136670,284.17
2867,多頭出場,2024-09-24 00:10,L_G_Cut,22337,1,1116750,60,0.01,2730,0.24,-1970,-0.18,1136710,284.18
2867,多頭進場,2024-09-23 21:50,L_Add,22335,1,1116750,60,0.01,2730,0.24,-1970,-0.18,1136710,284.18
2868,多頭出場,2024-09-24 04:10,Trend Rev,22304,1,1117350,-2190,-0.20,2130,0.19,-2770,-0.25,1134540,283.64
2868,多頭進場,2024-09-23 22:10,L_Add,22347,1,1117350,-2190,-0.20,2130,0.19,-2770,-0.25,1134540,283.64
2869,多頭出場,2024-09-24 04:10,Trend Rev,22304,1,1119050,-3890,-0.35,430,0.04,-4470,-0.40,1130670,282.67
2869,多頭進場,2024-09-23 22:25,L_Add,22381,1,1119050,-3890,-0.35,430,0.04,-4470,-0.40,1130670,282.67
2870,多頭出場,2024-09-24 04:10,Trend Rev,22304,1,1119150,-3990,-0.36,330,0.03,-4570,-0.41,1126700,281.68
2870,多頭進場,2024-09-23 22:30,L_G_進,22383,1,1119150,-3990,-0.36,330,0.03,-4570,-0.41,1126700,281.68
2871,多頭出場,2024-09-24 09:30,Trend Rev,22294,1,1117550,-2890,-0.26,30,0.00,-3070,-0.27,1123810,280.95
2871,多頭進場,2024-09-24 09:20,L_Cmd,22351,1,1117550,-2890,-0.26,30,0.00,-3070,-0.27,1123810,280.95
2872,多頭出場,2024-09-24 13:05,L_Exit,22457,1,1115350,7460,0.67,7530,0.68,-920,-0.08,1131230,282.81
2872,多頭進場,2024-09-24 11:20,L_Cmd,22307,1,1115350,7460,0.67,7530,0.68,-920,-0.08,1131230,282.81
2873,多頭出場,2024-09-24 13:10,L_Exit_Add,22485,1,1119000,5210,0.47,5280,0.47,-1220,-0.11,1136460,284.12
2873,多頭進場,2024-09-24 12:30,L_Add,22380,1,1119000,5210,0.47,5280,0.47,-1220,-0.11,1136460,284.12
2874,多頭出場,2024-09-24 15:00,L_Exit_Add,22572,1,1121000,7560,0.67,7630,0.68,-20,0.00,1144020,286.01
2874,多頭進場,2024-09-24 13:05,L_Add,22420,1,1121000,7560,0.67,7630,0.68,-20,0.00,1144020,286.01
2875,多頭出場,2024-09-24 16:00,L_Exit_Add,22585,1,1124200,5010,0.45,5080,0.45,-570,-0.05,1149050,287.26
2875,多頭進場,2024-09-24 13:20,L_Add,22484,1,1124200,5010,0.45,5080,0.45,-570,-0.05,1149050,287.26
2876,多頭出場,2024-09-25 03:40,L_Exit,22891,1,1136000,8510,0.75,8580,0.76,-470,-0.04,1157500,289.38
2876,多頭進場,2024-09-24 23:15,L_Cmd,22720,1,1136000,8510,0.75,8580,0.76,-470,-0.04,1157500,289.38
2877,多頭出場,2024-09-25 03:50,L_Exit_Add,22900,1,1140950,4010,0.35,4080,0.36,-1970,-0.17,1161530,290.38
2877,多頭進場,2024-09-24 23:55,L_Add,22819,1,1140950,4010,0.35,4080,0.36,-1970,-0.17,1161530,290.38
2878,多頭出場,2024-09-25 04:45,L_G_Cut,22852,1,1143650,-1090,-0.10,1380,0.12,-1970,-0.17,1160460,290.12
2878,多頭進場,2024-09-25 03:05,L_Add,22873,1,1143650,-1090,-0.10,1380,0.12,-1970,-0.17,1160460,290.12
2879,多頭出場,2024-09-25 08:55,L_Exit_Add,22773,1,1144150,-5540,-0.48,880,0.08,-5520,-0.48,1154940,288.74
2879,多頭進場,2024-09-25 03:10,L_G_進,22883,1,1144150,-5540,-0.48,880,0.08,-5520,-0.48,1154940,288.74
2880,多頭出場,2024-09-26 00:55,L_Exit,22917,1,1149900,-4090,-0.36,1680,0.15,-4070,-0.35,1150850,287.71
2880,多頭進場,2024-09-25 22:10,L_Cmd,22998,1,1149900,-4090,-0.36,1680,0.15,-4070,-0.35,1150850,287.71
2881,多頭出場,2024-09-26 09:15,L_Exit,22978,1,1152150,-3290,-0.29,1080,0.09,-3270,-0.28,1147560,286.89
2881,多頭進場,2024-09-26 08:50,L_Cmd,23043,1,1152150,-3290,-0.29,1080,0.09,-3270,-0.28,1147560,286.89
2882,多頭出場,2024-09-26 21:45,L_Exit,23284,1,1167850,-3690,-0.32,1880,0.16,-3670,-0.31,1143870,285.97
2882,多頭進場,2024-09-26 21:05,L_Cmd,23357,1,1167850,-3690,-0.32,1880,0.16,-3670,-0.31,1143870,285.97
2883,空頭出場,2024-09-30 13:25,S_Exit,22317,1,1124250,8360,0.74,8430,0.75,-670,-0.06,1152210,288.05
2883,空頭進場,2024-09-30 12:35,S_Cmd,22485,1,1124250,8360,0.74,8430,0.75,-670,-0.06,1152210,288.05
2884,空頭出場,2024-09-30 16:15,S_Exit_Add,22279,1,1120350,6360,0.57,6430,0.57,-1470,-0.13,1158570,289.64
2884,空頭進場,2024-09-30 13:15,S_Add,22407,1,1120350,6360,0.57,6430,0.57,-1470,-0.13,1158570,289.64
2885,空頭出場,2024-09-30 19:40,S_Exit_Add,22204,1,1116300,6060,0.54,6130,0.55,-5520,-0.49,1164650,291.16
2885,空頭進場,2024-09-30 13:30,S_Add,22326,1,1116300,6060,0.54,6130,0.55,-5520,-0.49,1164650,291.16
2886,空頭出場,2024-10-01 02:20,S_Exit,22011,1,1107050,6460,0.58,6530,0.59,-4170,-0.38,1171110,292.78
2886,空頭進場,2024-09-30 22:20,S_Cmd,22141,1,1107050,6460,0.58,6530,0.59,-4170,-0.38,1171110,292.78
2887,空頭出場,2024-10-02 02:00,S_Exit,22086,1,1096850,-7490,-0.68,2430,0.22,-7470,-0.68,1163620,290.91
2887,空頭進場,2024-10-01 22:10,S_Cmd,21937,1,1096850,-7490,-0.68,2430,0.22,-7470,-0.68,1163620,290.91
2888,多頭出場,2024-10-07 09:10,L_Exit,22735,1,1124750,11960,1.06,12030,1.07,-4720,-0.42,1175540,293.89
2888,多頭進場,2024-10-04 23:00,L_Cmd,22495,1,1124750,11960,1.06,12030,1.07,-4720,-0.42,1175540,293.89
2889,多頭出場,2024-10-07 09:10,L_Exit_Add,22735,1,1130950,5760,0.51,5830,0.52,-20,0.00,1181320,295.33
2889,多頭進場,2024-10-07 09:05,L_Add,22619,1,1130950,5760,0.51,5830,0.52,-20,0.00,1181320,295.33
2890,多頭出場,2024-10-07 09:30,L_Exit_Add,22797,1,1134500,5310,0.47,5380,0.47,-870,-0.08,1186650,296.66
2890,多頭進場,2024-10-07 09:10,L_Add,22690,1,1134500,5310,0.47,5380,0.47,-870,-0.08,1186650,296.66
2891,多頭出場,2024-10-07 09:45,L_Exit,22682,1,1139550,-5490,-0.48,780,0.07,-5470,-0.48,1181160,295.29
2891,多頭進場,2024-10-07 09:35,L_Cmd,22791,1,1139550,-5490,-0.48,780,0.07,-5470,-0.48,1181160,295.29
2892,多頭出場,2024-10-07 16:45,L_Exit,22641,1,1136300,-4290,-0.38,3130,0.28,-4270,-0.38,1176870,294.22
2892,多頭進場,2024-10-07 12:20,L_Cmd,22726,1,1136300,-4290,-0.38,3130,0.28,-4270,-0.38,1176870,294.22
2893,多頭出場,2024-10-07 21:45,Trend Rev,22601,1,1132650,-2640,-0.23,1130,0.10,-3070,-0.27,1174230,293.56
2893,多頭進場,2024-10-07 21:35,L_Cmd,22653,1,1132650,-2640,-0.23,1130,0.10,-3070,-0.27,1174230,293.56
2894,多頭出場,2024-10-08 09:15,L_Exit,22536,1,1130100,-3340,-0.30,530,0.05,-3320,-0.29,1170890,292.72
2894,多頭進場,2024-10-08 08:50,L_Cmd,22602,1,1130100,-3340,-0.30,530,0.05,-3320,-0.29,1170890,292.72
2895,多頭出場,2024-10-08 13:25,Trend Rev,22558,1,1129950,-2090,-0.18,1630,0.14,-2170,-0.19,1168800,292.20
2895,多頭進場,2024-10-08 12:55,L_Cmd,22599,1,1129950,-2090,-0.18,1630,0.14,-2170,-0.19,1168800,292.20
2896,多頭出場,2024-10-09 04:05,L_G_Cut,22781,1,1136250,2760,0.24,5380,0.47,-2770,-0.24,1171500,292.88
2896,多頭進場,2024-10-08 22:00,L_Cmd,22725,1,1136250,2760,0.24,5380,0.47,-2770,-0.24,1171500,292.88
2897,多頭出場,2024-10-09 09:00,L_Exit,22854,1,1139400,3260,0.29,3330,0.29,-2870,-0.25,1174780,293.70
2897,多頭進場,2024-10-08 23:05,L_Add,22788,1,1139400,3260,0.29,3330,0.29,-2870,-0.25,1174780,293.70
2898,多頭出場,2024-10-09 09:00,L_Exit_Add,22854,1,1140900,1760,0.15,1830,0.16,-2770,-0.24,1176560,294.14
2898,多頭進場,2024-10-09 03:50,L_Add,22818,1,1140900,1760,0.15,1830,0.16,-2770,-0.24,1176560,294.14
2899,多頭出場,2024-10-09 09:50,L_Exit_Add,22885,1,1141400,2810,0.25,2880,0.25,-3270,-0.29,1179390,294.85
2899,多頭進場,2024-10-09 03:55,L_G_進,22828,1,1141400,2810,0.25,2880,0.25,-3270,-0.29,1179390,294.85
2900,多頭出場,2024-10-09 10:00,L_Exit,22778,1,1143100,-4240,-0.37,830,0.07,-4220,-0.37,1175150,293.79
2900,多頭進場,2024-10-09 09:55,L_Cmd,22862,1,1143100,-4240,-0.37,830,0.07,-4220,-0.37,1175150,293.79
2901,多頭出場,2024-10-09 12:35,Trend Rev,22746,1,1138950,-1690,-0.15,930,0.08,-1720,-0.15,1173460,293.37
2901,多頭進場,2024-10-09 12:15,L_Cmd,22779,1,1138950,-1690,-0.15,930,0.08,-1720,-0.15,1173460,293.37
2902,多頭出場,2024-10-10 04:20,L_G_Cut,22780,1,1135700,3260,0.29,6030,0.53,-420,-0.04,1176660,294.17
2902,多頭進場,2024-10-09 23:00,L_Cmd,22714,1,1135700,3260,0.29,6030,0.53,-420,-0.04,1176660,294.17
2903,多頭出場,2024-10-11 08:50,L_Exit,22848,1,1138400,3960,0.35,4030,0.35,-3120,-0.27,1180620,295.16
2903,多頭進場,2024-10-09 23:45,L_Add,22768,1,1138400,3960,0.35,4030,0.35,-3120,-0.27,1180620,295.16
2904,多頭出場,2024-10-11 08:50,L_Exit_Add,22848,1,1140400,1960,0.17,2030,0.18,-1770,-0.16,1182600,295.65
2904,多頭進場,2024-10-10 03:05,L_Add,22808,1,1140400,1960,0.17,2030,0.18,-1770,-0.16,1182600,295.65
2905,多頭出場,2024-10-11 09:05,L_Exit_G,22876,1,1140700,3060,0.27,3130,0.27,-2070,-0.18,1185680,296.42
2905,多頭進場,2024-10-10 03:20,L_G_進,22814,1,1140700,3060,0.27,3130,0.27,-2070,-0.18,1185680,296.42
2906,多頭出場,2024-10-11 09:10,L_Exit_Add,22939,1,1142450,4460,0.39,4530,0.40,-2670,-0.23,1190160,297.54
2906,多頭進場,2024-10-11 08:50,L_G_進,22849,1,1142450,4460,0.39,4530,0.40,-2670,-0.23,1190160,297.54
2907,多頭出場,2024-10-11 12:50,L_Exit,22875,1,1148000,-4290,-0.37,4380,0.38,-4270,-0.37,1185850,296.46
2907,多頭進場,2024-10-11 09:25,L_Cmd,22960,1,1148000,-4290,-0.37,4380,0.38,-4270,-0.37,1185850,296.46
2908,多頭出場,2024-10-11 12:50,L_Exit_Add,22875,1,1151100,-7390,-0.64,1280,0.11,-7370,-0.64,1178480,294.62
2908,多頭進場,2024-10-11 10:25,L_Add,23022,1,1151100,-7390,-0.64,1280,0.11,-7370,-0.64,1178480,294.62
2909,多頭出場,2024-10-11 23:35,L_Exit,23010,1,1144850,5610,0.49,5680,0.50,-820,-0.07,1184030,296.01
2909,多頭進場,2024-10-11 22:00,L_Cmd,22897,1,1144850,5610,0.49,5680,0.50,-820,-0.07,1184030,296.01
2910,多頭出場,2024-10-12 02:00,L_Exit_G,23033,1,1147300,4310,0.38,4380,0.38,-1120,-0.10,1188360,297.09
2910,多頭進場,2024-10-11 22:10,L_Add,22946,1,1147300,4310,0.38,4380,0.38,-1120,-0.10,1188360,297.09
2911,多頭出場,2024-10-12 02:15,L_Exit_Add,23055,1,1148500,4210,0.37,4280,0.37,-2320,-0.20,1192590,298.15
2911,多頭進場,2024-10-11 22:15,L_Add,22970,1,1148500,4210,0.37,4280,0.37,-2320,-0.20,1192590,298.15
2912,多頭出場,2024-10-12 02:55,L_Exit_Add,23071,1,1149700,3810,0.33,3880,0.34,-1770,-0.15,1196420,299.11
2912,多頭進場,2024-10-11 23:10,L_G_進,22994,1,1149700,3810,0.33,3880,0.34,-1770,-0.15,1196420,299.11
2913,多頭出場,2024-10-14 11:00,Trend Rev,22950,1,1149550,-2090,-0.18,230,0.02,-2320,-0.20,1194330,298.58
2913,多頭進場,2024-10-14 10:40,L_Cmd,22991,1,1149550,-2090,-0.18,230,0.02,-2320,-0.20,1194330,298.58
2914,多頭出場,2024-10-14 21:45,L_Exit,23144,1,1149500,7660,0.67,7730,0.67,-220,-0.02,1201950,300.49
2914,多頭進場,2024-10-14 11:35,L_Cmd,22990,1,1149500,7660,0.67,7730,0.67,-220,-0.02,1201950,300.49
2915,多頭出場,2024-10-14 21:45,L_Exit_Add,23144,1,1153850,3310,0.29,3380,0.29,-1220,-0.11,1205280,301.32
2915,多頭進場,2024-10-14 21:05,L_Add,23077,1,1153850,3310,0.29,3380,0.29,-1220,-0.11,1205280,301.32
2916,多頭出場,2024-10-14 22:00,L_Exit_Add,23178,1,1155250,3610,0.31,3680,0.32,-1870,-0.16,1208910,302.23
2916,多頭進場,2024-10-14 21:35,L_Add,23105,1,1155250,3610,0.31,3680,0.32,-1870,-0.16,1208910,302.23
2917,多頭出場,2024-10-15 09:50,L_Exit,23321,1,1159400,6610,0.57,6680,0.58,-1420,-0.12,1215480,303.87
2917,多頭進場,2024-10-15 09:25,L_Cmd,23188,1,1159400,6610,0.57,6680,0.58,-1420,-0.12,1215480,303.87
2918,多頭出場,2024-10-15 10:15,L_Exit_Add,23352,1,1161900,5660,0.49,5730,0.49,-520,-0.04,1221120,305.28
2918,多頭進場,2024-10-15 09:40,L_Add,23238,1,1161900,5660,0.49,5730,0.49,-520,-0.04,1221120,305.28
2919,多頭出場,2024-10-15 10:15,L_Exit_G,23352,1,1164200,3360,0.29,3430,0.29,-120,-0.01,1224500,306.13
2919,多頭進場,2024-10-15 09:50,L_Add,23284,1,1164200,3360,0.29,3430,0.29,-120,-0.01,1224500,306.13
2920,多頭出場,2024-10-15 13:40,L_Exit_Add,23230,1,1165700,-4240,-0.36,3530,0.30,-4220,-0.36,1220260,305.07
2920,多頭進場,2024-10-15 09:55,L_Add,23314,1,1165700,-4240,-0.36,3530,0.30,-4220,-0.36,1220260,305.07
2921,多頭出場,2024-10-15 15:00,Trend Rev,23285,1,1166300,-2090,-0.18,2930,0.25,-5120,-0.44,1218190,304.55
2921,多頭進場,2024-10-15 10:05,L_G_進,23326,1,1166300,-2090,-0.18,2930,0.25,-5120,-0.44,1218190,304.55
2922,多頭出場,2024-10-15 15:00,Trend Rev,23285,1,1168250,-4040,-0.35,980,0.08,-7070,-0.61,1214170,303.54
2922,多頭進場,2024-10-15 11:00,L_Add,23365,1,1168250,-4040,-0.35,980,0.08,-7070,-0.61,1214170,303.54
2923,多頭出場,2024-10-16 11:00,L_Exit,23176,1,1151150,7610,0.66,7680,0.67,-620,-0.05,1221720,305.43
2923,多頭進場,2024-10-16 09:40,L_Cmd,23023,1,1151150,7610,0.66,7680,0.67,-620,-0.05,1221720,305.43
2924,多頭出場,2024-10-16 11:00,L_Exit_G,23176,1,1155300,3460,0.30,3530,0.31,-170,-0.01,1225200,306.30
2924,多頭進場,2024-10-16 10:40,L_Add,23106,1,1155300,3460,0.30,3530,0.31,-170,-0.01,1225200,306.30
2925,多頭出場,2024-10-16 11:30,L_Exit_Add,23252,1,1156650,5910,0.51,5980,0.52,-470,-0.04,1231110,307.78
2925,多頭進場,2024-10-16 10:45,L_Add,23133,1,1156650,5910,0.51,5980,0.52,-470,-0.04,1231110,307.78
2926,多頭出場,2024-10-16 11:30,L_Exit_Add,23252,1,1157200,5360,0.46,5430,0.47,-20,0.00,1236490,309.12
2926,多頭進場,2024-10-16 10:55,L_G_進,23144,1,1157200,5360,0.46,5430,0.47,-20,0.00,1236490,309.12
2927,多頭出場,2024-10-16 13:05,L_Exit_Add,23070,1,1160200,-6740,-0.58,2730,0.24,-6720,-0.58,1229770,307.44
2927,多頭進場,2024-10-16 11:30,L_Add,23204,1,1160200,-6740,-0.58,2730,0.24,-6720,-0.58,1229770,307.44
2928,多頭出場,2024-10-16 21:30,L_Exit,23170,1,1160900,-2440,-0.21,780,0.07,-2420,-0.21,1227330,306.83
2928,多頭進場,2024-10-16 21:05,L_Cmd,23218,1,1160900,-2440,-0.21,780,0.07,-2420,-0.21,1227330,306.83
2929,多頭出場,2024-10-17 00:50,Trend Rev,23155,1,1159900,-2190,-0.19,2580,0.22,-2270,-0.20,1225140,306.29
2929,多頭進場,2024-10-16 22:10,L_Cmd,23198,1,1159900,-2190,-0.19,2580,0.22,-2270,-0.20,1225140,306.29
2930,多頭出場,2024-10-17 15:00,L_Exit,23487,1,1157450,16860,1.46,16930,1.46,-920,-0.08,1241960,310.49
2930,多頭進場,2024-10-17 11:25,L_Cmd,23149,1,1157450,16860,1.46,16930,1.46,-920,-0.08,1241960,310.49
2931,多頭出場,2024-10-17 15:00,L_Exit_Add,23487,1,1162350,11960,1.03,12030,1.03,-4620,-0.40,1253940,313.49
2931,多頭進場,2024-10-17 13:10,L_Add,23247,1,1162350,11960,1.03,12030,1.03,-4620,-0.40,1253940,313.49
2932,多頭出場,2024-10-17 15:00,L_Exit_Add,23487,1,1163100,11210,0.96,11280,0.97,-620,-0.05,1265170,316.29
2932,多頭進場,2024-10-17 13:40,L_Add,23262,1,1163100,11210,0.96,11280,0.97,-620,-0.05,1265170,316.29
2933,多頭出場,2024-10-18 08:50,L_Exit_Add,23793,1,1191700,-2090,-0.18,7680,0.64,-4270,-0.36,1263040,315.76
2933,多頭進場,2024-10-17 21:55,L_Cmd,23834,1,1191700,-2090,-0.18,7680,0.64,-4270,-0.36,1263040,315.76
2934,多頭出場,2024-10-18 08:55,Trend Rev,23778,1,1195450,-6590,-0.55,3930,0.33,-6920,-0.58,1256470,314.12
2934,多頭進場,2024-10-17 23:00,L_Add,23909,1,1195450,-6590,-0.55,3930,0.33,-6920,-0.58,1256470,314.12
2935,多頭出場,2024-10-18 08:55,Trend Rev,23778,1,1198900,-10040,-0.84,480,0.04,-10370,-0.86,1246450,311.61
2935,多頭進場,2024-10-17 23:25,L_Add,23978,1,1198900,-10040,-0.84,480,0.04,-10370,-0.86,1246450,311.61
2936,多頭出場,2024-10-21 09:05,Trend Rev,23748,1,1189000,-1640,-0.14,580,0.05,-2170,-0.18,1244810,311.20
2936,多頭進場,2024-10-21 08:50,L_Cmd,23780,1,1189000,-1640,-0.14,580,0.05,-2170,-0.18,1244810,311.20
2937,多頭出場,2024-10-21 22:40,Trend Rev,23572,1,1180400,-1840,-0.16,3030,0.26,-2170,-0.18,1242950,310.74
2937,多頭進場,2024-10-21 21:35,L_Cmd,23608,1,1180400,-1840,-0.16,3030,0.26,-2170,-0.18,1242950,310.74
2938,多頭出場,2024-10-21 22:40,Trend Rev,23572,1,1182850,-4290,-0.36,280,0.02,-4620,-0.39,1238680,309.67
2938,多頭進場,2024-10-21 22:20,L_Add,23657,1,1182850,-4290,-0.36,280,0.02,-4620,-0.39,1238680,309.67
2939,多頭出場,2024-10-22 08:45,L_Exit_Add,23535,1,1178950,-2240,-0.19,5430,0.46,-2220,-0.19,1236420,309.11
2939,多頭進場,2024-10-22 01:00,L_Cmd,23579,1,1178950,-2240,-0.19,5430,0.46,-2220,-0.19,1236420,309.11
2940,多頭出場,2024-10-22 08:50,Trend Rev,23551,1,1181500,-3990,-0.34,2880,0.24,-5970,-0.51,1232450,308.11
2940,多頭進場,2024-10-22 03:15,L_Add,23630,1,1181500,-3990,-0.34,2880,0.24,-5970,-0.51,1232450,308.11
2941,多頭出場,2024-10-22 17:00,Trend Rev,23559,1,1180000,-2090,-0.18,3330,0.28,-2220,-0.19,1230360,307.59
2941,多頭進場,2024-10-22 15:00,L_Cmd,23600,1,1180000,-2090,-0.18,3330,0.28,-2220,-0.19,1230360,307.59
2942,多頭出場,2024-10-22 21:30,L_Exit,23537,1,1179700,-2890,-0.24,380,0.03,-2870,-0.24,1227470,306.87
2942,多頭進場,2024-10-22 21:20,L_Cmd,23594,1,1179700,-2890,-0.24,380,0.03,-2870,-0.24,1227470,306.87
2943,多頭出場,2024-10-23 04:00,L_Exit,23573,1,1180750,-2140,-0.18,80,0.01,-2120,-0.18,1225330,306.33
2943,多頭進場,2024-10-23 03:55,L_Cmd,23615,1,1180750,-2140,-0.18,80,0.01,-2120,-0.18,1225330,306.33
2944,空頭出場,2024-10-23 15:10,S_Exit,23443,1,1168300,-3890,-0.33,1430,0.12,-3870,-0.33,1221440,305.36
2944,空頭進場,2024-10-23 11:30,S_Cmd,23366,1,1168300,-3890,-0.33,1430,0.12,-3870,-0.33,1221440,305.36
2945,空頭出場,2024-10-24 01:10,S_Exit,23230,1,1166300,4760,0.41,4830,0.41,-370,-0.03,1226200,306.55
2945,空頭進場,2024-10-24 00:20,S_Cmd,23326,1,1166300,4760,0.41,4830,0.41,-370,-0.03,1226200,306.55
2946,空頭出場,2024-10-24 10:20,Trend Rev,23363,1,1163850,-4340,-0.37,530,0.05,-4370,-0.38,1221860,305.47
2946,空頭進場,2024-10-24 10:10,S_Cmd,23277,1,1163850,-4340,-0.37,530,0.05,-4370,-0.38,1221860,305.47
2947,空頭出場,2024-10-24 15:05,Trend Rev,23328,1,1163250,-3190,-0.27,3130,0.27,-3470,-0.30,1218670,304.67
2947,空頭進場,2024-10-24 12:00,S_Cmd,23265,1,1163250,-3190,-0.27,3130,0.27,-3470,-0.30,1218670,304.67
2948,空頭出場,2024-10-24 22:40,Trend Rev,23352,1,1165050,-2590,-0.22,430,0.04,-2670,-0.23,1216080,304.02
2948,空頭進場,2024-10-24 22:30,S_Cmd,23301,1,1165050,-2590,-0.22,430,0.04,-2670,-0.23,1216080,304.02
2949,空頭出場,2024-10-25 03:25,Trend Rev,23309,1,1162400,-3090,-0.27,2080,0.18,-3070,-0.26,1212990,303.25
2949,空頭進場,2024-10-24 23:50,S_Cmd,23248,1,1162400,-3090,-0.27,2080,0.18,-3070,-0.26,1212990,303.25
2950,空頭出場,2024-10-25 12:20,Trend Rev,23329,1,1165700,-790,-0.07,1280,0.11,-920,-0.08,1212200,303.05
2950,空頭進場,2024-10-25 11:45,S_Cmd,23314,1,1165700,-790,-0.07,1280,0.11,-920,-0.08,1212200,303.05
2951,多頭出場,2024-10-25 18:00,L_Exit,23589,1,1173200,6210,0.53,6280,0.54,-170,-0.01,1218410,304.60
2951,多頭進場,2024-10-25 15:00,L_Cmd,23464,1,1173200,6210,0.53,6280,0.54,-170,-0.01,1218410,304.60
2952,多頭出場,2024-10-25 21:55,L_Exit,23671,1,1180000,3510,0.30,3580,0.30,-70,-0.01,1221880,305.47
2952,多頭進場,2024-10-25 21:35,L_Cmd,23600,1,1180000,3510,0.30,3580,0.30,-70,-0.01,1221880,305.47
2953,多頭出場,2024-10-25 22:20,L_Exit_Add,23703,1,1181950,3160,0.27,3230,0.27,-70,-0.01,1225060,306.27
2953,多頭進場,2024-10-25 21:45,L_Add,23639,1,1181950,3160,0.27,3230,0.27,-70,-0.01,1225060,306.27
2954,多頭出場,2024-10-26 01:20,L_Exit_Add,23594,1,1182650,-2990,-0.25,2780,0.24,-2970,-0.25,1222070,305.52
2954,多頭進場,2024-10-25 21:50,L_Add,23653,1,1182650,-2990,-0.25,2780,0.24,-2970,-0.25,1222070,305.52
2955,多頭出場,2024-10-26 01:35,Trend Rev,23570,1,1184550,-6090,-0.51,880,0.07,-6070,-0.51,1216000,304.00
2955,多頭進場,2024-10-25 22:25,L_Add,23691,1,1184550,-6090,-0.51,880,0.07,-6070,-0.51,1216000,304.00
2956,多頭出場,2024-10-28 09:10,L_Exit,23566,1,1181500,-3240,-0.27,330,0.03,-3220,-0.27,1212760,303.19
2956,多頭進場,2024-10-28 08:50,L_Cmd,23630,1,1181500,-3240,-0.27,330,0.03,-3220,-0.27,1212760,303.19
2957,空頭出場,2024-10-28 12:45,S_Exit,23348,1,1162600,-4840,-0.42,1930,0.17,-4820,-0.41,1207920,301.98
2957,空頭進場,2024-10-28 12:00,S_Cmd,23252,1,1162600,-4840,-0.42,1930,0.17,-4820,-0.41,1207920,301.98
2958,空頭出場,2024-10-29 01:40,S_Exit,23224,1,1157550,-3690,-0.32,180,0.02,-3670,-0.32,1204230,301.06
2958,空頭進場,2024-10-28 23:05,S_Cmd,23151,1,1157550,-3690,-0.32,180,0.02,-3670,-0.32,1204230,301.06
2959,空頭出場,2024-10-29 09:00,S_Exit,23008,1,1155300,4860,0.42,4930,0.43,-920,-0.08,1209070,302.27
2959,空頭進場,2024-10-29 08:50,S_Cmd,23106,1,1155300,4860,0.42,4930,0.43,-920,-0.08,1209070,302.27
2960,空頭出場,2024-10-29 09:05,S_Exit_Add,22929,1,1152900,6410,0.56,6480,0.56,-120,-0.01,1215500,303.88
2960,空頭進場,2024-10-29 09:00,S_Add,23058,1,1152900,6410,0.56,6480,0.56,-120,-0.01,1215500,303.88
2961,空頭出場,2024-10-29 10:00,S_Exit,22718,1,1143450,7510,0.66,7580,0.66,-20,0.00,1223010,305.75
2961,空頭進場,2024-10-29 09:50,S_Cmd,22869,1,1143450,7510,0.66,7580,0.66,-20,0.00,1223010,305.75
2962,空頭出場,2024-10-30 04:40,Trend Rev,23052,1,1152050,-590,-0.05,330,0.03,-670,-0.06,1222420,305.61
2962,空頭進場,2024-10-30 04:35,S_Cmd,23041,1,1152050,-590,-0.05,330,0.03,-670,-0.06,1222420,305.61
2963,空頭出場,2024-10-30 09:30,S_Exit,23062,1,1149750,-3390,-0.29,580,0.05,-3370,-0.29,1219030,304.76
2963,空頭進場,2024-10-30 09:15,S_Cmd,22995,1,1149750,-3390,-0.29,580,0.05,-3370,-0.29,1219030,304.76
2964,空頭出場,2024-10-30 12:45,S_Exit,22854,1,1148250,5510,0.48,5580,0.49,-1520,-0.13,1224520,306.13
2964,空頭進場,2024-10-30 11:35,S_Cmd,22965,1,1148250,5510,0.48,5580,0.49,-1520,-0.13,1224520,306.13
2965,空頭出場,2024-10-30 19:45,S_Exit_Add,22806,1,1145100,4760,0.42,4830,0.42,-4720,-0.41,1229300,307.33
2965,空頭進場,2024-10-30 12:30,S_Add,22902,1,1145100,4760,0.42,4830,0.42,-4720,-0.41,1229300,307.33
2966,空頭出場,2024-10-31 04:10,S_Exit,22666,1,1136450,3110,0.27,3180,0.28,-620,-0.05,1232390,308.10
2966,空頭進場,2024-10-31 03:35,S_Cmd,22729,1,1136450,3110,0.27,3180,0.28,-620,-0.05,1232390,308.10
2967,空頭出場,2024-11-01 08:45,S_Exit_Add,22407,1,1134600,14210,1.25,14280,1.26,-1820,-0.16,1246620,311.66
2967,空頭進場,2024-10-31 04:00,S_Add,22692,1,1134600,14210,1.25,14280,1.26,-1820,-0.16,1246620,311.66
2968,空頭出場,2024-11-01 09:05,S_Exit,22434,1,1115900,-5840,-0.52,4230,0.38,-5820,-0.52,1240780,310.20
2968,空頭進場,2024-11-01 08:50,S_Cmd,22318,1,1115900,-5840,-0.52,4230,0.38,-5820,-0.52,1240780,310.20
2969,空頭出場,2024-11-04 08:45,S_Exit,22701,1,1139600,4510,0.40,4580,0.40,-120,-0.01,1245290,311.32
2969,空頭進場,2024-11-02 03:50,S_Cmd,22792,1,1139600,4510,0.40,4580,0.40,-120,-0.01,1245290,311.32
2970,空頭出場,2024-11-04 22:45,S_Exit,22978,1,1145600,-3340,-0.29,2330,0.20,-3320,-0.29,1241950,310.49
2970,空頭進場,2024-11-04 22:35,S_Cmd,22912,1,1145600,-3340,-0.29,2330,0.20,-3320,-0.29,1241950,310.49
2971,空頭出場,2024-11-05 01:05,S_Exit,22806,1,1145350,5010,0.44,5080,0.44,-20,0.00,1246960,311.74
2971,空頭進場,2024-11-05 00:45,S_Cmd,22907,1,1145350,5010,0.44,5080,0.44,-20,0.00,1246960,311.74
2972,空頭出場,2024-11-05 08:55,S_Exit,22849,1,1139700,-2790,-0.24,330,0.03,-2770,-0.24,1244170,311.04
2972,空頭進場,2024-11-05 08:50,S_Cmd,22794,1,1139700,-2790,-0.24,330,0.03,-2770,-0.24,1244170,311.04
2973,多頭出場,2024-11-05 21:15,Trend Rev,23079,1,1156150,-2240,-0.19,4180,0.36,-8220,-0.71,1241930,310.48
2973,多頭進場,2024-11-05 09:45,L_Cmd,23123,1,1156150,-2240,-0.19,4180,0.36,-8220,-0.71,1241930,310.48
2974,多頭出場,2024-11-05 23:00,L_Exit,23281,1,1157850,6160,0.53,6230,0.54,-870,-0.08,1248050,312.01
2974,多頭進場,2024-11-05 22:35,L_Cmd,23157,1,1157850,6160,0.53,6230,0.54,-870,-0.08,1248050,312.01
2975,多頭出場,2024-11-06 00:55,L_Exit_Add,23335,1,1161000,5710,0.49,5780,0.50,-1020,-0.09,1253740,313.44
2975,多頭進場,2024-11-05 22:50,L_Add,23220,1,1161000,5710,0.49,5780,0.50,-1020,-0.09,1253740,313.44
2976,多頭出場,2024-11-06 01:00,L_Exit_G,23343,1,1162250,4860,0.42,4930,0.42,-1670,-0.14,1258600,314.65
2976,多頭進場,2024-11-05 23:00,L_Add,23245,1,1162250,4860,0.42,4930,0.42,-1670,-0.14,1258600,314.65
2977,多頭出場,2024-11-06 02:30,L_G_Cut,23283,1,1164100,10,0.00,3180,0.27,-1020,-0.09,1258630,314.66
2977,多頭進場,2024-11-06 00:10,L_Add,23282,1,1164100,10,0.00,3180,0.27,-1020,-0.09,1258630,314.66
2978,多頭出場,2024-11-06 04:00,Trend Rev,23202,1,1165000,-4940,-0.42,2280,0.20,-4970,-0.43,1253710,313.43
2978,多頭進場,2024-11-06 00:25,L_G_進,23300,1,1165000,-4940,-0.42,2280,0.20,-4970,-0.43,1253710,313.43
2979,多頭出場,2024-11-06 04:00,Trend Rev,23202,1,1166650,-6590,-0.56,630,0.05,-6620,-0.57,1247140,311.78
2979,多頭進場,2024-11-06 01:00,L_G_進,23333,1,1166650,-6590,-0.56,630,0.05,-6620,-0.57,1247140,311.78
2980,多頭出場,2024-11-06 13:20,Trend Rev,23234,1,1163650,-1990,-0.17,8680,0.75,-2470,-0.21,1245130,311.28
2980,多頭進場,2024-11-06 10:40,L_Cmd,23273,1,1163650,-1990,-0.17,8680,0.75,-2470,-0.21,1245130,311.28
2981,多頭出場,2024-11-06 13:20,Trend Rev,23234,1,1171200,-9540,-0.81,1130,0.10,-10020,-0.86,1235610,308.90
2981,多頭進場,2024-11-06 11:00,L_Add,23424,1,1171200,-9540,-0.81,1130,0.10,-10020,-0.86,1235610,308.90
2982,多頭出場,2024-11-07 10:40,L_Exit,23514,1,1164450,11210,0.96,11280,0.97,-470,-0.04,1246760,311.69
2982,多頭進場,2024-11-07 09:05,L_Cmd,23289,1,1164450,11210,0.96,11280,0.97,-470,-0.04,1246760,311.69
2983,多頭出場,2024-11-07 10:50,L_Exit_G,23535,1,1170350,6360,0.54,6430,0.55,-5020,-0.43,1253140,313.28
2983,多頭進場,2024-11-07 09:15,L_Add,23407,1,1170350,6360,0.54,6430,0.55,-5020,-0.43,1253140,313.28
2984,多頭出場,2024-11-07 11:45,L_Exit_Add,23561,1,1171850,6160,0.53,6230,0.53,-5670,-0.48,1259300,314.83
2984,多頭進場,2024-11-07 09:45,L_Add,23437,1,1171850,6160,0.53,6230,0.53,-5670,-0.48,1259300,314.83
2985,多頭出場,2024-11-07 21:00,L_Exit_Add,23584,1,1174600,4560,0.39,4630,0.39,-970,-0.08,1263880,315.97
2985,多頭進場,2024-11-07 10:40,L_G_進,23492,1,1174600,4560,0.39,4630,0.39,-970,-0.08,1263880,315.97
2986,多頭出場,2024-11-07 22:40,L_Exit_Add,23652,1,1178050,4510,0.38,4730,0.40,-4420,-0.38,1268390,317.10
2986,多頭進場,2024-11-07 11:45,L_Add,23561,1,1178050,4510,0.38,4730,0.40,-4420,-0.38,1268390,317.10
2987,多頭出場,2024-11-08 00:55,L_Exit_Add,23730,1,1182650,3810,0.32,3880,0.33,-720,-0.06,1272220,318.06
2987,多頭進場,2024-11-07 22:40,L_Add,23653,1,1182650,3810,0.32,3880,0.33,-720,-0.06,1272220,318.06
2988,多頭出場,2024-11-08 09:30,L_Exit_Add,23662,1,1185750,-2690,-0.23,4030,0.34,-2670,-0.23,1269510,317.38
2988,多頭進場,2024-11-08 03:50,L_Cmd,23715,1,1185750,-2690,-0.23,4030,0.34,-2670,-0.23,1269510,317.38
2989,多頭出場,2024-11-08 09:30,L_Exit,23641,1,1188450,-6440,-0.54,130,0.01,-6420,-0.54,1263090,315.77
2989,多頭進場,2024-11-08 08:50,L_Add,23769,1,1188450,-6440,-0.54,130,0.01,-6420,-0.54,1263090,315.77
2990,多頭出場,2024-11-08 10:55,Trend Rev,23655,1,1187050,-4340,-0.37,380,0.03,-4470,-0.38,1258750,314.69
2990,多頭進場,2024-11-08 10:00,L_Cmd,23741,1,1187050,-4340,-0.37,380,0.03,-4470,-0.38,1258750,314.69
2991,多頭出場,2024-11-08 18:05,Trend Rev,23687,1,1187550,-3240,-0.27,4430,0.37,-3270,-0.28,1255510,313.88
2991,多頭進場,2024-11-08 13:35,L_Cmd,23751,1,1187550,-3240,-0.27,4430,0.37,-3270,-0.28,1255510,313.88
2992,多頭出場,2024-11-11 09:00,Trend Rev,23568,1,1180300,-1940,-0.16,530,0.04,-2120,-0.18,1253570,313.39
2992,多頭進場,2024-11-11 08:50,L_Cmd,23606,1,1180300,-1940,-0.16,530,0.04,-2120,-0.18,1253570,313.39
2993,多頭出場,2024-11-11 15:05,Trend Rev,23489,1,1177400,-2990,-0.25,4280,0.36,-3070,-0.26,1250580,312.65
2993,多頭進場,2024-11-11 13:15,L_Cmd,23548,1,1177400,-2990,-0.25,4280,0.36,-3070,-0.26,1250580,312.65
2994,空頭出場,2024-11-11 22:30,S_Exit,23218,1,1165000,4060,0.35,4130,0.35,-20,0.00,1254640,313.66
2994,空頭進場,2024-11-11 22:25,S_Cmd,23300,1,1165000,4060,0.35,4130,0.35,-20,0.00,1254640,313.66
2995,空頭出場,2024-11-12 01:00,S_Exit,23016,1,1156200,5360,0.46,5430,0.47,-2170,-0.19,1259980,315.00
2995,空頭進場,2024-11-11 22:55,S_Cmd,23124,1,1156200,5360,0.46,5430,0.47,-2170,-0.19,1259980,315.00
2996,空頭出場,2024-11-12 02:20,S_Exit_Add,22961,1,1152900,4810,0.42,4880,0.42,-620,-0.05,1264810,316.20
2996,空頭進場,2024-11-12 00:50,S_Add,23058,1,1152900,4810,0.42,4880,0.42,-620,-0.05,1264810,316.20
2997,空頭出場,2024-11-12 13:25,S_Exit,22909,1,1152850,7360,0.64,7430,0.64,-5370,-0.47,1272170,318.04
2997,空頭進場,2024-11-12 10:40,S_Cmd,23057,1,1152850,7360,0.64,7430,0.64,-5370,-0.47,1272170,318.04
2998,空頭出場,2024-11-12 15:20,S_Exit,22789,1,1146650,7160,0.62,7230,0.63,-920,-0.08,1279330,319.83
2998,空頭進場,2024-11-12 13:30,S_Cmd,22933,1,1146650,7160,0.62,7230,0.63,-920,-0.08,1279330,319.83
2999,空頭出場,2024-11-13 03:00,Trend Rev,22800,1,1138750,-1290,-0.11,5530,0.49,-2120,-0.19,1278020,319.51
2999,空頭進場,2024-11-12 23:35,S_Cmd,22775,1,1138750,-1290,-0.11,5530,0.49,-2120,-0.19,1278020,319.51
3000,空頭出場,2024-11-13 03:00,Trend Rev,22800,1,1133750,-6290,-0.55,30,0.00,-7120,-0.63,1271750,317.94
3000,空頭進場,2024-11-13 00:15,S_Add,22675,1,1133750,-6290,-0.55,30,0.00,-7120,-0.63,1271750,317.94
3001,空頭出場,2024-11-13 23:05,S_Exit,22710,1,1144500,8960,0.78,9030,0.79,-670,-0.06,1280690,320.17
3001,空頭進場,2024-11-13 22:50,S_Cmd,22890,1,1144500,8960,0.78,9030,0.79,-670,-0.06,1280690,320.17
3002,空頭出場,2024-11-13 23:25,S_Exit_Add,22686,1,1140750,6410,0.56,6480,0.57,-470,-0.04,1287100,321.78
3002,空頭進場,2024-11-13 23:00,S_Add,22815,1,1140750,6410,0.56,6480,0.57,-470,-0.04,1287100,321.78
3003,空頭出場,2024-11-14 09:15,Trend Rev,22842,1,1136950,-5190,-0.46,3230,0.28,-7020,-0.62,1281930,320.48
3003,空頭進場,2024-11-13 23:10,S_Add,22739,1,1136950,-5190,-0.46,3230,0.28,-7020,-0.62,1281930,320.48
3004,空頭出場,2024-11-14 09:45,S_Exit,22815,1,1135450,-5340,-0.47,1430,0.13,-5320,-0.47,1276590,319.15
3004,空頭進場,2024-11-14 09:30,S_Cmd,22709,1,1135450,-5340,-0.47,1430,0.13,-5320,-0.47,1276590,319.15
3005,空頭出場,2024-11-14 12:15,S_Exit,22760,1,1131100,-6940,-0.61,2180,0.19,-6920,-0.61,1269650,317.41
3005,空頭進場,2024-11-14 10:20,S_Cmd,22622,1,1131100,-6940,-0.61,2180,0.19,-6920,-0.61,1269650,317.41
3006,空頭出場,2024-11-15 08:55,Trend Rev,22767,1,1136100,-2290,-0.20,2530,0.22,-2770,-0.24,1267360,316.84
3006,空頭進場,2024-11-15 04:10,S_Cmd,22722,1,1136100,-2290,-0.20,2530,0.22,-2770,-0.24,1267360,316.84
3007,空頭出場,2024-11-15 11:10,Trend Rev,22791,1,1135150,-4440,-0.39,680,0.06,-4570,-0.40,1262920,315.73
3007,空頭進場,2024-11-15 10:45,S_Cmd,22703,1,1135150,-4440,-0.39,680,0.06,-4570,-0.40,1262920,315.73
3008,空頭出場,2024-11-15 16:05,S_Exit,22673,1,1139150,5460,0.48,5530,0.49,-70,-0.01,1268380,317.09
3008,空頭進場,2024-11-15 13:40,S_Cmd,22783,1,1139150,5460,0.48,5530,0.49,-70,-0.01,1268380,317.09
3009,空頭出場,2024-11-15 22:35,S_Exit,22646,1,1136450,4110,0.36,4180,0.37,-570,-0.05,1272470,318.12
3009,空頭進場,2024-11-15 22:20,S_Cmd,22729,1,1136450,4110,0.36,4180,0.37,-570,-0.05,1272470,318.12
3010,空頭出場,2024-11-16 00:40,S_Exit_Add,22563,1,1133950,5760,0.51,5830,0.51,-2320,-0.20,1278210,319.55
3010,空頭進場,2024-11-15 22:35,S_Add,22679,1,1133950,5760,0.51,5830,0.51,-2320,-0.20,1278210,319.55
3011,空頭出場,2024-11-16 01:50,S_Exit_Add,22534,1,1131400,4660,0.41,4730,0.42,-1120,-0.10,1282890,320.72
3011,空頭進場,2024-11-15 23:15,S_Add,22628,1,1131400,4660,0.41,4730,0.42,-1120,-0.10,1282890,320.72
3012,空頭出場,2024-11-16 02:45,S_Exit_Add,22483,1,1129500,5310,0.47,5380,0.48,-2720,-0.24,1288220,322.06
3012,空頭進場,2024-11-15 23:45,S_Add,22590,1,1129500,5310,0.47,5380,0.48,-2720,-0.24,1288220,322.06
3013,多頭出場,2024-11-20 09:20,L_Exit_Add,22887,1,1144700,-390,-0.03,5230,0.46,-2670,-0.23,1287810,321.95
3013,多頭進場,2024-11-20 00:20,L_Cmd,22894,1,1144700,-390,-0.03,5230,0.46,-2670,-0.23,1287810,321.95
3014,多頭出場,2024-11-20 09:50,Trend Rev,22866,1,1148850,-5590,-0.49,1080,0.09,-5670,-0.49,1282240,320.56
3014,多頭進場,2024-11-20 08:50,L_Add,22977,1,1148850,-5590,-0.49,1080,0.09,-5670,-0.49,1282240,320.56
3015,空頭出場,2024-11-20 20:50,Trend Rev,22794,1,1138700,-1040,-0.09,3080,0.27,-2470,-0.22,1281200,320.30
3015,空頭進場,2024-11-20 12:45,S_Cmd,22774,1,1138700,-1040,-0.09,3080,0.27,-2470,-0.22,1281200,320.30
3016,空頭出場,2024-11-20 22:30,S_Exit,22689,1,1137950,3460,0.30,3530,0.31,-820,-0.07,1284660,321.17
3016,空頭進場,2024-11-20 22:15,S_Cmd,22759,1,1137950,3460,0.30,3530,0.31,-820,-0.07,1284660,321.17
3017,空頭出場,2024-11-20 23:05,S_Exit_Add,22547,1,1134550,7160,0.63,7230,0.64,-170,-0.01,1291760,322.94
3017,空頭進場,2024-11-20 22:35,S_Cmd,22691,1,1134550,7160,0.63,7230,0.64,-170,-0.01,1291760,322.94
3018,空頭出場,2024-11-20 23:05,S_Exit_G,22547,1,1132050,4660,0.41,4730,0.42,-1120,-0.10,1296440,324.11
3018,空頭進場,2024-11-20 22:40,S_Add,22641,1,1132050,4660,0.41,4730,0.42,-1120,-0.10,1296440,324.11
3019,空頭出場,2024-11-20 23:15,S_Exit_Add,22507,1,1130150,4760,0.42,4830,0.43,-920,-0.08,1301180,325.29
3019,空頭進場,2024-11-20 23:00,S_Add,22603,1,1130150,4760,0.42,4830,0.43,-920,-0.08,1301180,325.29
3020,空頭出場,2024-11-20 23:20,S_Exit_G,22497,1,1129900,5010,0.44,5080,0.45,-20,0.00,1306210,326.55
3020,空頭進場,2024-11-20 23:05,S_G_進,22598,1,1129900,5010,0.44,5080,0.45,-20,0.00,1306210,326.55
3021,空頭出場,2024-11-20 23:35,S_BE,22598,1,1127750,-2190,-0.19,2930,0.26,-2170,-0.19,1304040,326.01
3021,空頭進場,2024-11-20 23:10,S_Add,22555,1,1127750,-2190,-0.19,2930,0.26,-2170,-0.19,1304040,326.01
3022,空頭出場,2024-11-21 04:30,S_Exit_Add,22685,1,1127150,-7140,-0.63,2330,0.21,-7120,-0.63,1296920,324.23
3022,空頭進場,2024-11-20 23:15,S_G_進,22543,1,1127150,-7140,-0.63,2330,0.21,-7120,-0.63,1296920,324.23
3023,空頭出場,2024-11-21 09:20,S_BE,22605,1,1130250,-40,0.00,4480,0.40,-1220,-0.11,1296860,324.22
3023,空頭進場,2024-11-21 09:00,S_Cmd,22605,1,1130250,-40,0.00,4480,0.40,-1220,-0.11,1296860,324.22
3024,空頭出場,2024-11-21 11:20,Trend Rev,22670,1,1126450,-7090,-0.63,680,0.06,-7820,-0.69,1289790,322.45
3024,空頭進場,2024-11-21 09:05,S_Add,22529,1,1126450,-7090,-0.63,680,0.06,-7820,-0.69,1289790,322.45
3025,空頭出場,2024-11-21 15:25,S_Exit,22431,1,1128300,6710,0.59,6780,0.60,-2620,-0.23,1296500,324.13
3025,空頭進場,2024-11-21 13:35,S_Cmd,22566,1,1128300,6710,0.59,6780,0.60,-2620,-0.23,1296500,324.13
3026,多頭出場,2024-11-22 10:40,L_Exit,23059,1,1145750,7160,0.62,7230,0.63,-3120,-0.27,1303640,325.91
3026,多頭進場,2024-11-22 09:05,L_Cmd,22915,1,1145750,7160,0.62,7230,0.63,-3120,-0.27,1303640,325.91
3027,多頭出場,2024-11-22 21:05,L_Exit_Add,23090,1,1149850,4610,0.40,6980,0.61,-7220,-0.63,1308230,327.06
3027,多頭進場,2024-11-22 09:15,L_Add,22997,1,1149850,4610,0.40,6980,0.61,-7220,-0.63,1308230,327.06
3028,多頭出場,2024-11-22 21:20,L_Exit_Add,23119,1,1152700,3210,0.28,4130,0.36,-4970,-0.43,1311460,327.87
3028,多頭進場,2024-11-22 10:45,L_Add,23054,1,1152700,3210,0.28,4130,0.36,-4970,-0.43,1311460,327.87
3029,多頭出場,2024-11-22 22:30,L_Exit_Add,23008,1,1154500,-4140,-0.36,1480,0.13,-4120,-0.36,1307340,326.83
3029,多頭進場,2024-11-22 21:05,L_Add,23090,1,1154500,-4140,-0.36,1480,0.13,-4120,-0.36,1307340,326.83
3030,多頭出場,2024-11-25 09:55,L_Exit,23143,1,1161350,-4240,-0.37,1480,0.13,-4220,-0.36,1303100,325.78
3030,多頭進場,2024-11-25 08:50,L_Cmd,23227,1,1161350,-4240,-0.37,1480,0.13,-4220,-0.36,1303100,325.78
3031,空頭出場,2024-11-26 09:05,S_Exit,22654,1,1136450,3710,0.33,3780,0.33,-2970,-0.26,1306810,326.70
3031,空頭進場,2024-11-26 08:50,S_Cmd,22729,1,1136450,3710,0.33,3780,0.33,-2970,-0.26,1306810,326.70
3032,空頭出場,2024-11-26 09:30,S_Exit,22745,1,1132750,-4540,-0.40,2130,0.19,-4520,-0.40,1302270,325.57
3032,空頭進場,2024-11-26 09:10,S_Cmd,22655,1,1132750,-4540,-0.40,2130,0.19,-4520,-0.40,1302270,325.57
3033,空頭出場,2024-11-26 15:30,S_Exit,22556,1,1132650,4810,0.42,4880,0.43,-120,-0.01,1307080,326.77
3033,空頭進場,2024-11-26 13:40,S_Cmd,22653,1,1132650,4810,0.42,4880,0.43,-120,-0.01,1307080,326.77
3034,空頭出場,2024-11-26 23:45,Trend Rev,22699,1,1133350,-1640,-0.14,1330,0.12,-1820,-0.16,1305440,326.36
3034,空頭進場,2024-11-26 23:10,S_Cmd,22667,1,1133350,-1640,-0.14,1330,0.12,-1820,-0.16,1305440,326.36
3035,空頭出場,2024-11-27 12:45,S_Exit,22414,1,1126300,5560,0.49,5630,0.50,-3370,-0.30,1311000,327.75
3035,空頭進場,2024-11-27 10:00,S_Cmd,22526,1,1126300,5560,0.49,5630,0.50,-3370,-0.30,1311000,327.75
3036,空頭出場,2024-11-27 17:30,S_Exit,22295,1,1120950,6160,0.55,6230,0.56,-2420,-0.22,1317140,329.29
3036,空頭進場,2024-11-27 12:50,S_Cmd,22419,1,1120950,6160,0.55,6230,0.56,-2420,-0.22,1317140,329.29
3037,空頭出場,2024-11-27 19:25,S_Exit_Add,22277,1,1118100,4210,0.38,4280,0.38,-5270,-0.47,1321370,330.34
3037,空頭進場,2024-11-27 13:15,S_Add,22362,1,1118100,4210,0.38,4280,0.38,-5270,-0.47,1321370,330.34
3038,空頭出場,2024-11-27 22:40,S_Exit,22405,1,1117200,-3090,-0.28,630,0.06,-3070,-0.27,1318280,329.57
3038,空頭進場,2024-11-27 22:35,S_Cmd,22344,1,1117200,-3090,-0.28,630,0.06,-3070,-0.27,1318280,329.57
3039,空頭出場,2024-11-27 23:35,S_Exit,22207,1,1115050,4660,0.42,4730,0.42,-620,-0.06,1322920,330.73
3039,空頭進場,2024-11-27 23:15,S_Cmd,22301,1,1115050,4660,0.42,4730,0.42,-620,-0.06,1322920,330.73
3040,空頭出場,2024-11-28 00:45,S_Exit_Add,22110,1,1111750,6210,0.56,6280,0.56,-870,-0.08,1329130,332.28
3040,空頭進場,2024-11-27 23:30,S_Add,22235,1,1111750,6210,0.56,6280,0.56,-870,-0.08,1329130,332.28
3041,空頭出場,2024-11-28 01:00,S_Exit_Add,22050,1,1108150,5610,0.51,5680,0.51,-1520,-0.14,1334740,333.69
3041,空頭進場,2024-11-28 00:20,S_Add,22163,1,1108150,5610,0.51,5680,0.51,-1520,-0.14,1334740,333.69
3042,空頭出場,2024-11-28 03:45,S_Exit_Add,22246,1,1105000,-7340,-0.66,2530,0.23,-7320,-0.66,1327420,331.86
3042,空頭進場,2024-11-28 00:55,S_Add,22100,1,1105000,-7340,-0.66,2530,0.23,-7320,-0.66,1327420,331.86
3043,空頭出場,2024-11-28 10:50,Trend Rev,22261,1,1109400,-3690,-0.33,3530,0.32,-4020,-0.36,1323730,330.93
3043,空頭進場,2024-11-28 09:55,S_Cmd,22188,1,1109400,-3690,-0.33,3530,0.32,-4020,-0.36,1323730,330.93
3044,空頭出場,2024-11-29 09:00,S_Exit_Add,22004,1,1107100,6860,0.62,6930,0.63,-70,-0.01,1330570,332.64
3044,空頭進場,2024-11-29 08:50,S_Cmd,22142,1,1107100,6860,0.62,6930,0.63,-70,-0.01,1330570,332.64
3045,空頭出場,2024-11-29 09:05,S_BE,22092,1,1104600,-40,0.00,4430,0.40,-720,-0.07,1330530,332.63
3045,空頭進場,2024-11-29 08:55,S_Add,22092,1,1104600,-40,0.00,4430,0.40,-720,-0.07,1330530,332.63
3046,空頭出場,2024-11-29 09:10,S_Exit_Add,22158,1,1100450,-7490,-0.68,80,0.01,-7470,-0.68,1323060,330.77
3046,空頭進場,2024-11-29 09:05,S_Add,22009,1,1100450,-7490,-0.68,80,0.01,-7470,-0.68,1323060,330.77
3047,多頭出場,2024-12-02 09:30,L_Exit,22724,1,1130500,5660,0.50,5730,0.51,-1920,-0.17,1328700,332.18
3047,多頭進場,2024-12-02 09:05,L_Cmd,22610,1,1130500,5660,0.50,5730,0.51,-1920,-0.17,1328700,332.18
3048,多頭出場,2024-12-02 12:30,L_Exit_Add,22809,1,1134500,5910,0.52,5980,0.53,-2670,-0.24,1334570,333.64
3048,多頭進場,2024-12-02 09:20,L_Add,22690,1,1134500,5910,0.52,5980,0.53,-2670,-0.24,1334570,333.64
3049,多頭出場,2024-12-02 12:30,L_Exit_G,22809,1,1136800,3610,0.32,3680,0.32,-1470,-0.13,1338200,334.55
3049,多頭進場,2024-12-02 09:55,L_Add,22736,1,1136800,3610,0.32,3680,0.32,-1470,-0.13,1338200,334.55
3050,多頭出場,2024-12-02 15:00,L_Exit_Add,22856,1,1138750,4010,0.35,4080,0.36,-1820,-0.16,1342210,335.55
3050,多頭進場,2024-12-02 10:35,L_Add,22775,1,1138750,4010,0.35,4080,0.36,-1820,-0.16,1342210,335.55
3051,多頭出場,2024-12-02 15:10,L_Exit_Add,22868,1,1138950,4410,0.39,4480,0.39,-2020,-0.18,1346640,336.66
3051,多頭進場,2024-12-02 10:45,L_G_進,22779,1,1138950,4410,0.39,4480,0.39,-2020,-0.18,1346640,336.66
3052,多頭出場,2024-12-02 20:05,L_Exit_Add,22933,1,1141500,5110,0.45,5180,0.45,-1370,-0.12,1351770,337.94
3052,多頭進場,2024-12-02 15:00,L_Add,22830,1,1141500,5110,0.45,5180,0.45,-1370,-0.12,1351770,337.94
3053,多頭出場,2024-12-02 22:40,L_BE,22961,1,1148050,-40,0.00,2180,0.19,-520,-0.05,1351710,337.93
3053,多頭進場,2024-12-02 22:30,L_Cmd,22961,1,1148050,-40,0.00,2180,0.19,-520,-0.05,1351710,337.93
3054,多頭出場,2024-12-03 00:35,L_Exit_Add,23092,1,1149900,4660,0.41,4730,0.41,-1870,-0.16,1356330,339.08
3054,多頭進場,2024-12-02 22:35,L_Add,22998,1,1149900,4660,0.41,4730,0.41,-1870,-0.16,1356330,339.08
3055,多頭出場,2024-12-03 03:05,L_Exit_G,23104,1,1152100,3060,0.27,3280,0.28,-2070,-0.18,1359390,339.85
3055,多頭進場,2024-12-02 23:15,L_Add,23042,1,1152100,3060,0.27,3280,0.28,-2070,-0.18,1359390,339.85
3056,多頭出場,2024-12-03 03:25,L_G_Cut,23075,1,1152900,810,0.07,2480,0.22,-570,-0.05,1360220,340.06
3056,多頭進場,2024-12-03 00:20,L_Add,23058,1,1152900,810,0.07,2480,0.22,-570,-0.05,1360220,340.06
3057,多頭出場,2024-12-03 08:45,L_Exit_Add,23180,1,1153700,5260,0.46,5330,0.46,-720,-0.06,1365500,341.38
3057,多頭進場,2024-12-03 00:30,L_G_進,23074,1,1153700,5260,0.46,5330,0.46,-720,-0.06,1365500,341.38
3058,多頭出場,2024-12-03 08:45,L_Exit_Add,23180,1,1155200,3760,0.33,3830,0.33,-2220,-0.19,1369280,342.32
3058,多頭進場,2024-12-03 03:05,L_G_進,23104,1,1155200,3760,0.33,3830,0.33,-2220,-0.19,1369280,342.32
3059,多頭出場,2024-12-03 09:55,L_Exit,23049,1,1156900,-4490,-0.39,1230,0.11,-4470,-0.39,1364790,341.20
3059,多頭進場,2024-12-03 09:20,L_Cmd,23138,1,1156900,-4490,-0.39,1230,0.11,-4470,-0.39,1364790,341.20
3060,多頭出場,2024-12-03 13:20,Trend Rev,23048,1,1156200,-3840,-0.33,1230,0.11,-3820,-0.33,1360950,340.24
3060,多頭進場,2024-12-03 11:40,L_Cmd,23124,1,1156200,-3840,-0.33,1230,0.11,-3820,-0.33,1360950,340.24
3061,多頭出場,2024-12-03 21:35,L_Exit,23089,1,1156450,-2040,-0.18,30,0.00,-2020,-0.17,1358910,339.73
3061,多頭進場,2024-12-03 21:15,L_Cmd,23129,1,1156450,-2040,-0.18,30,0.00,-2020,-0.17,1358910,339.73
3062,多頭出場,2024-12-04 08:45,L_Exit,23215,1,1156250,4460,0.39,4530,0.39,-970,-0.08,1363370,340.84
3062,多頭進場,2024-12-04 03:20,L_Cmd,23125,1,1156250,4460,0.39,4530,0.39,-970,-0.08,1363370,340.84
3063,多頭出場,2024-12-04 13:25,L_Exit,23275,1,1156900,6810,0.59,6880,0.59,-970,-0.08,1370120,342.53
3063,多頭進場,2024-12-04 09:55,L_Cmd,23138,1,1156900,6810,0.59,6880,0.59,-970,-0.08,1370120,342.53
3064,多頭出場,2024-12-04 13:25,L_Exit_G,23275,1,1160100,3610,0.31,3680,0.32,-3220,-0.28,1373750,343.44
3064,多頭進場,2024-12-04 11:40,L_Add,23202,1,1160100,3610,0.31,3680,0.32,-3220,-0.28,1373750,343.44
3065,多頭出場,2024-12-04 15:00,L_Exit_Add,23270,1,1161350,2110,0.18,3380,0.29,-220,-0.02,1375860,343.97
3065,多頭進場,2024-12-04 12:50,L_Add,23227,1,1161350,2110,0.18,3380,0.29,-220,-0.02,1375860,343.97
3066,多頭出場,2024-12-04 16:50,L_Exit_Add,23315,1,1162350,3360,0.29,3430,0.30,-1120,-0.10,1379240,344.81
3066,多頭進場,2024-12-04 13:05,L_G_進,23247,1,1162350,3360,0.29,3430,0.30,-1120,-0.10,1379240,344.81
3067,多頭出場,2024-12-04 22:35,Trend Rev,23252,1,1163500,-940,-0.08,2980,0.26,-2020,-0.17,1378320,344.58
3067,多頭進場,2024-12-04 15:00,L_Add,23270,1,1163500,-940,-0.08,2980,0.26,-2020,-0.17,1378320,344.58
3068,多頭出場,2024-12-05 08:45,L_Exit_Add,23259,1,1164950,-2040,-0.18,3280,0.28,-2020,-0.17,1376260,344.07
3068,多頭進場,2024-12-05 00:00,L_Cmd,23299,1,1164950,-2040,-0.18,3280,0.28,-2020,-0.17,1376260,344.07
3069,多頭出場,2024-12-05 08:50,Trend Rev,23281,1,1167600,-3590,-0.31,630,0.05,-5470,-0.47,1372690,343.17
3069,多頭進場,2024-12-05 03:15,L_Add,23352,1,1167600,-3590,-0.31,630,0.05,-5470,-0.47,1372690,343.17
3070,多頭出場,2024-12-06 00:20,L_Exit,23403,1,1166450,3660,0.31,3730,0.32,-1270,-0.11,1376310,344.08
3070,多頭進場,2024-12-05 22:00,L_Cmd,23329,1,1166450,3660,0.31,3730,0.32,-1270,-0.11,1376310,344.08
3071,多頭出場,2024-12-06 02:20,L_G_Cut,23387,1,1168600,710,0.06,4080,0.35,-420,-0.04,1377000,344.25
3071,多頭進場,2024-12-06 00:10,L_Add,23372,1,1168600,710,0.06,4080,0.35,-420,-0.04,1377000,344.25
3072,多頭出場,2024-12-06 04:30,Trend Rev,23353,1,1169200,-1590,-0.14,3480,0.30,-1670,-0.14,1375430,343.86
3072,多頭進場,2024-12-06 00:20,L_Add,23384,1,1169200,-1590,-0.14,3480,0.30,-1670,-0.14,1375430,343.86
3073,多頭出場,2024-12-06 04:30,Trend Rev,23353,1,1171150,-3540,-0.30,1530,0.13,-3620,-0.31,1371910,342.98
3073,多頭進場,2024-12-06 00:30,L_Add,23423,1,1171150,-3540,-0.30,1530,0.13,-3620,-0.31,1371910,342.98
3074,多頭出場,2024-12-06 04:30,Trend Rev,23353,1,1171200,-3590,-0.31,1480,0.13,-3670,-0.31,1368340,342.09
3074,多頭進場,2024-12-06 00:35,L_G_進,23424,1,1171200,-3590,-0.31,1480,0.13,-3670,-0.31,1368340,342.09
3075,多頭出場,2024-12-06 22:35,L_Exit,23254,1,1165350,-2690,-0.23,1030,0.09,-2670,-0.23,1365650,341.41
3075,多頭進場,2024-12-06 21:35,L_Cmd,23307,1,1165350,-2690,-0.23,1030,0.09,-2670,-0.23,1365650,341.41
3076,多頭出場,2024-12-09 23:35,L_Exit,23367,1,1171100,-2790,-0.24,2730,0.23,-2770,-0.24,1362840,340.71
3076,多頭進場,2024-12-09 22:45,L_Cmd,23422,1,1171100,-2790,-0.24,2730,0.23,-2770,-0.24,1362840,340.71
3077,多頭出場,2024-12-09 23:35,L_Exit_Add,23365,1,1173300,-5090,-0.43,530,0.05,-5070,-0.43,1357770,339.44
3077,多頭進場,2024-12-09 22:55,L_Add,23466,1,1173300,-5090,-0.43,530,0.05,-5070,-0.43,1357770,339.44
3078,空頭出場,2024-12-11 00:05,S_Exit,22951,1,1151750,4160,0.36,4230,0.37,-1720,-0.15,1361910,340.48
3078,空頭進場,2024-12-10 23:00,S_Cmd,23035,1,1151750,4160,0.36,4230,0.37,-1720,-0.15,1361910,340.48
3079,空頭出場,2024-12-11 01:15,S_Exit_Add,22906,1,1149400,4060,0.35,4130,0.36,-920,-0.08,1365970,341.49
3079,空頭進場,2024-12-11 00:00,S_Add,22988,1,1149400,4060,0.35,4130,0.36,-920,-0.08,1365970,341.49
3080,空頭出場,2024-12-11 03:05,S_Exit_Add,22874,1,1146650,2910,0.25,3530,0.31,-770,-0.07,1368880,342.22
3080,空頭進場,2024-12-11 00:35,S_Add,22933,1,1146650,2910,0.25,3530,0.31,-770,-0.07,1368880,342.22
3081,空頭出場,2024-12-11 09:15,S_Exit_Add,22956,1,1143650,-4190,-0.37,1530,0.13,-4170,-0.36,1364710,341.18
3081,空頭進場,2024-12-11 03:05,S_Add,22873,1,1143650,-4190,-0.37,1530,0.13,-4170,-0.36,1364710,341.18
3082,空頭出場,2024-12-11 12:25,S_Exit,22858,1,1146550,3610,0.31,3680,0.32,-270,-0.02,1368300,342.08
3082,空頭進場,2024-12-11 12:05,S_Cmd,22931,1,1146550,3610,0.31,3680,0.32,-270,-0.02,1368300,342.08
3083,空頭出場,2024-12-11 15:10,S_Exit_Add,22801,1,1144000,3910,0.34,3980,0.35,-770,-0.07,1372230,343.06
3083,空頭進場,2024-12-11 12:25,S_Add,22880,1,1144000,3910,0.34,3980,0.35,-770,-0.07,1372230,343.06
3084,空頭出場,2024-12-12 22:35,S_Exit,22969,1,1145750,-2740,-0.24,530,0.05,-2720,-0.24,1369490,342.37
3084,空頭進場,2024-12-12 22:20,S_Cmd,22915,1,1145750,-2740,-0.24,530,0.05,-2720,-0.24,1369490,342.37
3085,空頭出場,2024-12-13 08:45,S_Exit,22982,1,1145200,-3940,-0.34,2680,0.23,-3920,-0.34,1365550,341.39
3085,空頭進場,2024-12-12 23:00,S_Cmd,22904,1,1145200,-3940,-0.34,2680,0.23,-3920,-0.34,1365550,341.39
3086,多頭出場,2024-12-13 22:30,L_Exit,23162,1,1154500,3560,0.31,3630,0.31,-120,-0.01,1369090,342.27
3086,多頭進場,2024-12-13 21:40,L_Cmd,23090,1,1154500,3560,0.31,3630,0.31,-120,-0.01,1369090,342.27
3087,多頭出場,2024-12-13 22:45,L_Exit_Add,23197,1,1156150,3660,0.32,3730,0.32,-1670,-0.14,1372730,343.18
3087,多頭進場,2024-12-13 22:00,L_Add,23123,1,1156150,3660,0.32,3730,0.32,-1670,-0.14,1372730,343.18
3088,多頭出場,2024-12-13 23:45,L_G_Cut,23129,1,1157750,-1340,-0.12,3530,0.30,-2120,-0.18,1371370,342.84
3088,多頭進場,2024-12-13 22:35,L_Add,23155,1,1157750,-1340,-0.12,3530,0.30,-2120,-0.18,1371370,342.84
3089,多頭出場,2024-12-13 23:55,L_Exit_Add,23088,1,1158700,-4340,-0.37,2580,0.22,-4320,-0.37,1367050,341.76
3089,多頭進場,2024-12-13 22:45,L_Add,23174,1,1158700,-4340,-0.37,2580,0.22,-4320,-0.37,1367050,341.76
3090,多頭出場,2024-12-14 00:00,L_Exit_Add,23065,1,1159850,-6640,-0.57,1430,0.12,-6620,-0.57,1360430,340.11
3090,多頭進場,2024-12-13 23:00,L_Add,23197,1,1159850,-6640,-0.57,1430,0.12,-6620,-0.57,1360430,340.11
3091,多頭出場,2024-12-14 00:00,L_Exit_Add,23046,1,1160500,-8240,-0.71,780,0.07,-8220,-0.71,1352210,338.05
3091,多頭進場,2024-12-13 23:20,L_G_進,23210,1,1160500,-8240,-0.71,780,0.07,-8220,-0.71,1352210,338.05
3092,多頭出場,2024-12-16 08:45,L_Exit,23234,1,1156650,5010,0.43,5080,0.44,-370,-0.03,1357220,339.31
3092,多頭進場,2024-12-14 03:10,L_Cmd,23133,1,1156650,5010,0.43,5080,0.44,-370,-0.03,1357220,339.31
3093,多頭出場,2024-12-16 09:35,L_Exit,23136,1,1159700,-2940,-0.25,3730,0.32,-2920,-0.25,1354260,338.57
3093,多頭進場,2024-12-16 08:50,L_Cmd,23194,1,1159700,-2940,-0.25,3730,0.32,-2920,-0.25,1354260,338.57
3094,多頭出場,2024-12-16 10:25,L_Exit_Add,23133,1,1162100,-5490,-0.47,1330,0.11,-5470,-0.47,1348790,337.20
3094,多頭進場,2024-12-16 09:00,L_Add,23242,1,1162100,-5490,-0.47,1330,0.11,-5470,-0.47,1348790,337.20
3095,空頭出場,2024-12-16 19:00,Trend Rev,23041,1,1150200,-1890,-0.16,2880,0.25,-2070,-0.18,1346900,336.73
3095,空頭進場,2024-12-16 11:50,S_Cmd,23004,1,1150200,-1890,-0.16,2880,0.25,-2070,-0.18,1346900,336.73
3096,多頭出場,2024-12-16 23:35,L_Exit,23036,1,1154100,-2340,-0.20,1580,0.14,-2320,-0.20,1344560,336.14
3096,多頭進場,2024-12-16 22:40,L_Cmd,23082,1,1154100,-2340,-0.20,1580,0.14,-2320,-0.20,1344560,336.14
3097,空頭出場,2024-12-17 00:50,S_Exit,23058,1,1149850,-3090,-0.27,380,0.03,-3070,-0.27,1341470,335.37
3097,空頭進場,2024-12-17 00:00,S_Cmd,22997,1,1149850,-3090,-0.27,380,0.03,-3070,-0.27,1341470,335.37
3098,多頭出場,2024-12-17 08:45,L_Exit_Add,23103,1,1154050,1060,0.09,4580,0.40,-320,-0.03,1342490,335.62
3098,多頭進場,2024-12-17 01:00,L_Cmd,23081,1,1154050,1060,0.09,4580,0.40,-320,-0.03,1342490,335.62
3099,多頭出場,2024-12-17 08:45,L_Exit_Add,23093,1,1157800,-3190,-0.28,830,0.07,-3170,-0.27,1339320,334.83
3099,多頭進場,2024-12-17 03:05,L_Add,23156,1,1157800,-3190,-0.28,830,0.07,-3170,-0.27,1339320,334.83
3100,多頭出場,2024-12-17 09:00,Trend Rev,23096,1,1158300,-3540,-0.31,330,0.03,-4220,-0.36,1335800,333.95
3100,多頭進場,2024-12-17 03:15,L_Add,23166,1,1158300,-3540,-0.31,330,0.03,-4220,-0.36,1335800,333.95
3101,多頭出場,2024-12-17 10:35,L_Exit,23107,1,1159150,-3840,-0.33,1530,0.13,-3820,-0.33,1331960,332.99
3101,多頭進場,2024-12-17 09:25,L_Cmd,23183,1,1159150,-3840,-0.33,1530,0.13,-3820,-0.33,1331960,332.99
3102,空頭出場,2024-12-17 22:50,S_Exit,22938,1,1149650,2710,0.24,2780,0.24,-670,-0.06,1334650,333.66
3102,空頭進場,2024-12-17 22:35,S_Cmd,22993,1,1149650,2710,0.24,2780,0.24,-670,-0.06,1334650,333.66
3103,空頭出場,2024-12-18 00:40,Trend Rev,23031,1,1147750,-3840,-0.33,2330,0.20,-3870,-0.34,1330830,332.71
3103,空頭進場,2024-12-17 22:50,S_Add,22955,1,1147750,-3840,-0.33,2330,0.20,-3870,-0.34,1330830,332.71
3104,空頭出場,2024-12-18 03:35,Trend Rev,23028,1,1151050,-390,-0.03,0,0.00,-720,-0.06,1330440,332.61
3104,空頭進場,2024-12-18 03:25,S_Cmd,23021,1,1151050,-390,-0.03,0,0.00,-720,-0.06,1330440,332.61
3105,多頭出場,2024-12-18 11:30,Trend Rev,23037,1,1153900,-2090,-0.18,2130,0.18,-2070,-0.18,1328350,332.09
3105,多頭進場,2024-12-18 09:50,L_Cmd,23078,1,1153900,-2090,-0.18,2130,0.18,-2070,-0.18,1328350,332.09
3106,多頭出場,2024-12-18 13:00,L_Exit,23153,1,1162000,-4390,-0.38,330,0.03,-4370,-0.38,1323960,330.99
3106,多頭進場,2024-12-18 12:45,L_Cmd,23240,1,1162000,-4390,-0.38,330,0.03,-4370,-0.38,1323960,330.99
3107,多頭出場,2024-12-19 03:00,L_Exit,23287,1,1167250,-2940,-0.25,2030,0.17,-2920,-0.25,1321020,330.26
3107,多頭進場,2024-12-18 23:45,L_Cmd,23345,1,1167250,-2940,-0.25,2030,0.17,-2920,-0.25,1321020,330.26
3108,空頭出場,2024-12-19 04:25,S_Exit,22861,1,1151550,8460,0.73,8530,0.74,-70,-0.01,1329460,332.37
3108,空頭進場,2024-12-19 04:00,S_Cmd,23031,1,1151550,8460,0.73,8530,0.74,-70,-0.01,1329460,332.37
3109,空頭出場,2024-12-19 04:30,S_Exit_Add,22778,1,1146000,7060,0.62,7130,0.62,-2320,-0.20,1336540,334.14
3109,空頭進場,2024-12-19 04:20,S_Add,22920,1,1146000,7060,0.62,7130,0.62,-2320,-0.20,1336540,334.14
3110,空頭出場,2024-12-19 13:00,S_Exit,22873,1,1138750,-4940,-0.43,630,0.06,-4920,-0.43,1331600,332.90
3110,空頭進場,2024-12-19 11:30,S_Cmd,22775,1,1138750,-4940,-0.43,630,0.06,-4920,-0.43,1331600,332.90
3111,空頭出場,2024-12-19 23:05,S_Exit,22835,1,1145800,4010,0.35,4080,0.36,-1420,-0.12,1335590,333.90
3111,空頭進場,2024-12-19 22:40,S_Cmd,22916,1,1145800,4010,0.35,4080,0.36,-1420,-0.12,1335590,333.90
3112,空頭出場,2024-12-20 03:00,Trend Rev,22905,1,1143700,-1590,-0.14,3980,0.35,-2520,-0.22,1334000,333.50
3112,空頭進場,2024-12-19 23:05,S_Add,22874,1,1143700,-1590,-0.14,3980,0.35,-2520,-0.22,1334000,333.50
3113,空頭出場,2024-12-20 03:00,Trend Rev,22905,1,1140700,-4590,-0.40,980,0.09,-4620,-0.41,1329430,332.36
3113,空頭進場,2024-12-19 23:35,S_Add,22814,1,1140700,-4590,-0.40,980,0.09,-4620,-0.41,1329430,332.36
3114,空頭出場,2024-12-20 11:30,S_Exit,22656,1,1137100,4260,0.37,4330,0.38,-2570,-0.23,1333670,333.42
3114,空頭進場,2024-12-20 08:50,S_Cmd,22742,1,1137100,4260,0.37,4330,0.38,-2570,-0.23,1333670,333.42
3115,空頭出場,2024-12-20 12:30,S_Exit_Add,22590,1,1133850,4310,0.38,4380,0.39,-4470,-0.39,1337980,334.50
3115,空頭進場,2024-12-20 10:20,S_Add,22677,1,1133850,4310,0.38,4380,0.39,-4470,-0.39,1337980,334.50
3116,空頭出場,2024-12-20 13:05,S_Exit_Add,22730,1,1130600,-5940,-0.53,1130,0.10,-5920,-0.52,1332060,333.02
3116,空頭進場,2024-12-20 12:20,S_Add,22612,1,1130600,-5940,-0.53,1130,0.10,-5920,-0.52,1332060,333.02
3117,多頭出場,2024-12-23 15:00,L_Exit_Add,23265,1,1154350,8860,0.77,8930,0.77,-620,-0.05,1340860,335.22
3117,多頭進場,2024-12-23 09:45,L_Cmd,23087,1,1154350,8860,0.77,8930,0.77,-620,-0.05,1340860,335.22
3118,多頭出場,2024-12-23 15:05,L_Exit,23293,1,1158400,6210,0.54,6280,0.54,-1620,-0.14,1347090,336.77
3118,多頭進場,2024-12-23 10:45,L_Add,23168,1,1158400,6210,0.54,6280,0.54,-1620,-0.14,1347090,336.77
3119,多頭出場,2024-12-23 15:05,L_Exit_G,23293,1,1160600,4010,0.35,4080,0.35,-820,-0.07,1351120,337.78
3119,多頭進場,2024-12-23 13:35,L_Add,23212,1,1160600,4010,0.35,4080,0.35,-820,-0.07,1351120,337.78
3120,多頭出場,2024-12-23 21:55,Trend Rev,23151,1,1162600,-5090,-0.44,2130,0.18,-5370,-0.46,1346050,336.51
3120,多頭進場,2024-12-23 15:00,L_G_進,23252,1,1162600,-5090,-0.44,2130,0.18,-5370,-0.46,1346050,336.51
3121,多頭出場,2024-12-23 22:50,L_Exit,23217,1,1164050,-3240,-0.28,180,0.02,-3220,-0.28,1342810,335.70
3121,多頭進場,2024-12-23 22:40,L_Cmd,23281,1,1164050,-3240,-0.28,180,0.02,-3220,-0.28,1342810,335.70
3122,多頭出場,2024-12-24 02:35,L_Exit,23417,1,1164300,6510,0.56,6580,0.57,-20,0.00,1349300,337.33
3122,多頭進場,2024-12-24 00:40,L_Cmd,23286,1,1164300,6510,0.56,6580,0.57,-20,0.00,1349300,337.33
3123,多頭出場,2024-12-24 03:05,L_Exit_Add,23413,1,1166950,3660,0.31,4130,0.35,-420,-0.04,1352960,338.24
3123,多頭進場,2024-12-24 00:55,L_Add,23339,1,1166950,3660,0.31,4130,0.35,-420,-0.04,1352960,338.24
3124,多頭出場,2024-12-24 09:00,L_Exit_Add,23330,1,1170700,-4240,-0.36,1780,0.15,-4220,-0.36,1348740,337.19
3124,多頭進場,2024-12-24 03:05,L_Add,23414,1,1170700,-4240,-0.36,1780,0.15,-4220,-0.36,1348740,337.19
3125,多頭出場,2024-12-24 22:30,L_Exit,23265,1,1165000,-1790,-0.15,580,0.05,-1770,-0.15,1346950,336.74
3125,多頭進場,2024-12-24 21:55,L_Cmd,23300,1,1165000,-1790,-0.15,580,0.05,-1770,-0.15,1346950,336.74
3126,多頭出場,2024-12-25 08:45,L_Exit_Add,23327,1,1166350,-40,0.00,2480,0.21,-1170,-0.10,1346890,336.72
3126,多頭進場,2024-12-24 23:05,L_Cmd,23327,1,1166350,-40,0.00,2480,0.21,-1170,-0.10,1346890,336.72
3127,多頭出場,2024-12-25 08:50,Trend Rev,23323,1,1168700,-2590,-0.22,130,0.01,-2620,-0.22,1344320,336.08
3127,多頭進場,2024-12-25 03:05,L_Add,23374,1,1168700,-2590,-0.22,130,0.01,-2620,-0.22,1344320,336.08
3128,多頭出場,2024-12-25 18:00,L_Exit,23419,1,1166400,4510,0.39,4580,0.39,-1320,-0.11,1348830,337.21
3128,多頭進場,2024-12-25 12:45,L_Cmd,23328,1,1166400,4510,0.39,4580,0.39,-1320,-0.11,1348830,337.21
3129,多頭出場,2024-12-26 02:10,L_Exit,23376,1,1169900,-1140,-0.10,230,0.02,-1120,-0.10,1347690,336.92
3129,多頭進場,2024-12-25 22:15,L_Cmd,23398,1,1169900,-1140,-0.10,230,0.02,-1120,-0.10,1347690,336.92
3130,多頭出場,2024-12-26 12:10,Trend Rev,23335,1,1167400,-690,-0.06,80,0.01,-920,-0.08,1347000,336.75
3130,多頭進場,2024-12-26 12:05,L_Cmd,23348,1,1167400,-690,-0.06,80,0.01,-920,-0.08,1347000,336.75
3131,多頭出場,2024-12-26 22:50,Trend Rev,23268,1,1164950,-1590,-0.14,1780,0.15,-2070,-0.18,1345410,336.35
3131,多頭進場,2024-12-26 22:35,L_Cmd,23299,1,1164950,-1590,-0.14,1780,0.15,-2070,-0.18,1345410,336.35
3132,多頭出場,2024-12-27 00:55,Trend Rev,23273,1,1165150,-1540,-0.13,130,0.01,-1620,-0.14,1343870,335.97
3132,多頭進場,2024-12-27 00:45,L_Cmd,23303,1,1165150,-1540,-0.13,130,0.01,-1620,-0.14,1343870,335.97
3133,多頭出場,2024-12-27 15:00,L_Exit_Add,23394,1,1163950,5710,0.49,5780,0.50,-1920,-0.16,1349520,337.38
3133,多頭進場,2024-12-27 10:00,L_Cmd,23279,1,1163950,5710,0.49,5780,0.50,-1920,-0.16,1349520,337.38
3134,多頭出場,2024-12-27 15:00,L_Exit_G,23394,1,1166500,3160,0.27,3230,0.28,-1120,-0.10,1352700,338.17
3134,多頭進場,2024-12-27 10:30,L_Add,23330,1,1166500,3160,0.27,3230,0.28,-1120,-0.10,1352700,338.17
3135,多頭出場,2024-12-27 16:45,Trend Rev,23312,1,1167650,-2090,-0.18,2080,0.18,-2170,-0.19,1350630,337.66
3135,多頭進場,2024-12-27 13:10,L_Add,23353,1,1167650,-2090,-0.18,2080,0.18,-2170,-0.19,1350630,337.66
3136,多頭出場,2024-12-27 16:45,Trend Rev,23312,1,1168400,-2840,-0.24,1330,0.11,-2920,-0.25,1347810,336.95
3136,多頭進場,2024-12-27 13:30,L_G_進,23368,1,1168400,-2840,-0.24,1330,0.11,-2920,-0.25,1347810,336.95
3137,空頭出場,2024-12-28 00:25,S_Exit,23202,1,1156900,-3240,-0.28,2380,0.21,-3220,-0.28,1344570,336.14
3137,空頭進場,2024-12-27 23:05,S_Cmd,23138,1,1156900,-3240,-0.28,2380,0.21,-3220,-0.28,1344570,336.14
3138,多頭出場,2024-12-30 12:20,Trend Rev,23234,1,1164600,-2940,-0.25,1480,0.13,-3070,-0.26,1341630,335.41
3138,多頭進場,2024-12-30 09:45,L_Cmd,23292,1,1164600,-2940,-0.25,1480,0.13,-3070,-0.26,1341630,335.41
3139,空頭出場,2024-12-31 00:35,S_Exit,23029,1,1148750,-2740,-0.24,2680,0.23,-2720,-0.24,1338890,334.72
3139,空頭進場,2024-12-30 22:35,S_Cmd,22975,1,1148750,-2740,-0.24,2680,0.23,-2720,-0.24,1338890,334.72
3140,空頭出場,2024-12-31 10:05,S_Exit,23051,1,1150150,-2440,-0.21,2330,0.20,-2420,-0.21,1336430,334.11
3140,空頭進場,2024-12-31 08:45,S_Cmd,23003,1,1150150,-2440,-0.21,2330,0.20,-2420,-0.21,1336430,334.11
3141,空頭出場,2024-12-31 12:55,Trend Rev,23047,1,1148050,-4340,-0.38,230,0.02,-5470,-0.48,1332110,333.03
3141,空頭進場,2024-12-31 09:15,S_Add,22961,1,1148050,-4340,-0.38,230,0.02,-5470,-0.48,1332110,333.03
3142,空頭出場,2024-12-31 23:20,Trend Rev,23103,1,1152800,-2390,-0.21,230,0.02,-2370,-0.21,1329720,332.43
3142,空頭進場,2024-12-31 23:10,S_Cmd,23056,1,1152800,-2390,-0.21,230,0.02,-2370,-0.21,1329720,332.43
3143,空頭出場,2025-01-02 09:05,S_Exit,22978,1,1145350,-3590,-0.31,1230,0.11,-3570,-0.31,1326130,331.53
3143,空頭進場,2025-01-02 08:50,S_Cmd,22907,1,1145350,-3590,-0.31,1230,0.11,-3570,-0.31,1326130,331.53
3144,空頭出場,2025-01-02 11:10,S_Exit,22767,1,1144050,5660,0.49,5730,0.50,-3120,-0.27,1331770,332.94
3144,空頭進場,2025-01-02 09:35,S_Cmd,22881,1,1144050,5660,0.49,5730,0.50,-3120,-0.27,1331770,332.94
3145,空頭出場,2025-01-02 12:40,S_Exit_Add,22709,1,1140200,4710,0.41,4780,0.42,-120,-0.01,1336500,334.13
3145,空頭進場,2025-01-02 11:10,S_Add,22804,1,1140200,4710,0.41,4780,0.42,-120,-0.01,1336500,334.13
3146,空頭出場,2025-01-02 13:15,S_Exit,22773,1,1135600,-3090,-0.27,1080,0.10,-3070,-0.27,1333410,333.35
3146,空頭進場,2025-01-02 12:45,S_Cmd,22712,1,1135600,-3090,-0.27,1080,0.10,-3070,-0.27,1333410,333.35
3147,空頭出場,2025-01-02 22:25,Trend Rev,22882,1,1143100,-1040,-0.09,430,0.04,-1420,-0.12,1332370,333.09
3147,空頭進場,2025-01-02 22:05,S_Cmd,22862,1,1143100,-1040,-0.09,430,0.04,-1420,-0.12,1332370,333.09
3148,空頭出場,2025-01-02 22:45,S_Exit,22900,1,1141950,-3090,-0.27,230,0.02,-3320,-0.29,1329280,332.32
3148,空頭進場,2025-01-02 22:40,S_Cmd,22839,1,1141950,-3090,-0.27,230,0.02,-3320,-0.29,1329280,332.32
3149,多頭出場,2025-01-03 23:20,L_Exit,23063,1,1156500,-3390,-0.29,230,0.02,-3370,-0.29,1325890,331.47
3149,多頭進場,2025-01-03 23:05,L_Cmd,23130,1,1156500,-3390,-0.29,230,0.02,-3370,-0.29,1325890,331.47
3150,多頭出場,2025-01-06 08:45,L_Exit,23301,1,1157600,7410,0.64,7480,0.65,-1120,-0.10,1333260,333.32
3150,多頭進場,2025-01-04 00:30,L_Cmd,23152,1,1157600,7410,0.64,7480,0.65,-1120,-0.10,1333260,333.32
3151,多頭出場,2025-01-06 08:45,L_Exit_Add,23301,1,1160500,4510,0.39,4580,0.39,-370,-0.03,1337790,334.45
3151,多頭進場,2025-01-04 03:10,L_Add,23210,1,1160500,4510,0.39,4580,0.39,-370,-0.03,1337790,334.45
3152,多頭出場,2025-01-06 08:45,L_Exit_Add,23301,1,1161900,3110,0.27,3180,0.27,-1770,-0.15,1340920,335.23
3152,多頭進場,2025-01-04 03:30,L_Add,23238,1,1161900,3110,0.27,3180,0.27,-1770,-0.15,1340920,335.23
3153,多頭出場,2025-01-06 09:35,L_Exit,23399,1,1165000,4910,0.42,4980,0.43,-1820,-0.16,1345790,336.45
3153,多頭進場,2025-01-06 08:50,L_Cmd,23300,1,1165000,4910,0.42,4980,0.43,-1820,-0.16,1345790,336.45
3154,多頭出場,2025-01-06 10:05,L_Exit_G,23442,1,1167250,4810,0.41,4880,0.42,-970,-0.08,1350580,337.65
3154,多頭進場,2025-01-06 09:20,L_Add,23345,1,1167250,4810,0.41,4880,0.42,-970,-0.08,1350580,337.65
3155,多頭出場,2025-01-06 10:10,L_Exit_Add,23450,1,1168900,3560,0.30,3630,0.31,-420,-0.04,1354160,338.54
3155,多頭進場,2025-01-06 09:35,L_Add,23378,1,1168900,3560,0.30,3630,0.31,-420,-0.04,1354160,338.54
3156,多頭出場,2025-01-06 10:15,L_Exit_Add,23483,1,1170600,3510,0.30,3580,0.31,-320,-0.03,1357690,339.42
3156,多頭進場,2025-01-06 09:45,L_Add,23412,1,1170600,3510,0.30,3580,0.31,-320,-0.03,1357690,339.42
3157,多頭出場,2025-01-06 10:30,L_Exit_Add,23517,1,1171000,4810,0.41,4880,0.42,-720,-0.06,1362480,340.62
3157,多頭進場,2025-01-06 09:50,L_G_進,23420,1,1171000,4810,0.41,4880,0.42,-720,-0.06,1362480,340.62
3158,多頭出場,2025-01-06 11:30,L_Exit_G,23571,1,1174100,4410,0.38,4480,0.38,-570,-0.05,1366870,341.72
3158,多頭進場,2025-01-06 10:20,L_Add,23482,1,1174100,4410,0.38,4480,0.38,-570,-0.05,1366870,341.72
3159,多頭出場,2025-01-06 11:30,L_Exit_Add,23585,1,1174800,4410,0.38,4480,0.38,-1270,-0.11,1371300,342.83
3159,多頭進場,2025-01-06 10:25,L_Add,23496,1,1174800,4410,0.38,4480,0.38,-1270,-0.11,1371300,342.83
3160,多頭出場,2025-01-06 11:35,L_Exit_Add,23592,1,1176350,3210,0.27,3280,0.28,-720,-0.06,1374510,343.63
3160,多頭進場,2025-01-06 11:05,L_Add,23527,1,1176350,3210,0.27,3280,0.28,-720,-0.06,1374510,343.63
3161,多頭出場,2025-01-06 13:00,L_Exit_Add,23616,1,1177050,3710,0.32,3780,0.32,-420,-0.04,1378220,344.56
3161,多頭進場,2025-01-06 11:15,L_G_進,23541,1,1177050,3710,0.32,3780,0.32,-420,-0.04,1378220,344.56
3162,多頭出場,2025-01-06 15:10,L_Exit_Add,23675,1,1178900,4810,0.41,4880,0.41,-1170,-0.10,1383050,345.76
3162,多頭進場,2025-01-06 11:35,L_Add,23578,1,1178900,4810,0.41,4880,0.41,-1170,-0.10,1383050,345.76
3163,多頭出場,2025-01-06 15:25,L_Exit_Add,23693,1,1180000,4610,0.39,4680,0.40,-2270,-0.19,1387680,346.92
3163,多頭進場,2025-01-06 12:00,L_Add,23600,1,1180000,4610,0.39,4680,0.40,-2270,-0.19,1387680,346.92
3164,多頭出場,2025-01-06 22:15,L_Exit,23886,1,1196850,-2590,-0.22,930,0.08,-2570,-0.21,1385090,346.27
3164,多頭進場,2025-01-06 21:25,L_Cmd,23937,1,1196850,-2590,-0.22,930,0.08,-2570,-0.21,1385090,346.27
3165,多頭出場,2025-01-07 10:50,L_Exit,23804,1,1195250,-5090,-0.43,4380,0.37,-5070,-0.42,1380000,345.00
3165,多頭進場,2025-01-06 23:35,L_Cmd,23905,1,1195250,-5090,-0.43,4380,0.37,-5070,-0.42,1380000,345.00
3166,空頭出場,2025-01-09 12:10,S_Exit,23183,1,1163750,4560,0.39,4630,0.40,-1620,-0.14,1384540,346.14
3166,空頭進場,2025-01-09 11:20,S_Cmd,23275,1,1163750,4560,0.39,4630,0.40,-1620,-0.14,1384540,346.14
3167,空頭出場,2025-01-09 12:40,S_Exit_Add,23124,1,1160850,4610,0.40,4680,0.40,-320,-0.03,1389170,347.29
3167,空頭進場,2025-01-09 12:10,S_Add,23217,1,1160850,4610,0.40,4680,0.40,-320,-0.03,1389170,347.29
3168,空頭出場,2025-01-09 15:20,S_Exit,23049,1,1156750,4260,0.37,4330,0.37,-1420,-0.12,1393430,348.36
3168,空頭進場,2025-01-09 12:45,S_Cmd,23135,1,1156750,4260,0.37,4330,0.37,-1420,-0.12,1393430,348.36
3169,空頭出場,2025-01-10 09:00,S_Exit,23085,1,1152450,-1840,-0.16,1580,0.14,-1820,-0.16,1391590,347.90
3169,空頭進場,2025-01-10 08:50,S_Cmd,23049,1,1152450,-1840,-0.16,1580,0.14,-1820,-0.16,1391590,347.90
3170,空頭出場,2025-01-10 13:05,S_Exit,23077,1,1149450,-4440,-0.39,1630,0.14,-4420,-0.38,1387150,346.79
3170,空頭進場,2025-01-10 10:05,S_Cmd,22989,1,1149450,-4440,-0.39,1630,0.14,-4420,-0.38,1387150,346.79
3171,空頭出場,2025-01-10 23:30,S_Exit,22944,1,1141600,-5640,-0.49,1580,0.14,-5620,-0.49,1381510,345.38
3171,空頭進場,2025-01-10 23:05,S_Cmd,22832,1,1141600,-5640,-0.49,1580,0.14,-5620,-0.49,1381510,345.38
3172,空頭出場,2025-01-13 09:25,S_Exit,22658,1,1141150,8210,0.72,8280,0.73,-1070,-0.09,1389700,347.43
3172,空頭進場,2025-01-13 09:10,S_Cmd,22823,1,1141150,8210,0.72,8280,0.73,-1070,-0.09,1389700,347.43
3173,空頭出場,2025-01-13 09:35,S_Exit_Add,22562,1,1135800,7660,0.67,7730,0.68,-570,-0.05,1397360,349.34
3173,空頭進場,2025-01-13 09:25,S_Add,22716,1,1135800,7660,0.67,7730,0.68,-570,-0.05,1397360,349.34
3174,空頭出場,2025-01-13 09:45,S_Exit_Add,22432,1,1131400,9760,0.86,9830,0.87,-570,-0.05,1407120,351.78
3174,空頭進場,2025-01-13 09:35,S_Add,22628,1,1131400,9760,0.86,9830,0.87,-570,-0.05,1407120,351.78
3175,空頭出場,2025-01-13 18:05,S_Exit_Add,22345,1,1126350,9060,0.80,9130,0.81,-6870,-0.61,1416200,354.05
3175,空頭進場,2025-01-13 09:45,S_Add,22527,1,1126350,9060,0.80,9130,0.81,-6870,-0.61,1416200,354.05
3176,空頭出場,2025-01-13 22:50,S_Exit,22421,1,1118050,-3040,-0.27,2230,0.20,-3020,-0.27,1413160,353.29
3176,空頭進場,2025-01-13 22:10,S_Cmd,22361,1,1118050,-3040,-0.27,2230,0.20,-3020,-0.27,1413160,353.29
3177,空頭出場,2025-01-15 02:40,Trend Rev,22745,1,1135500,-1790,-0.16,4230,0.37,-1770,-0.16,1411370,352.84
3177,空頭進場,2025-01-15 00:00,S_Cmd,22710,1,1135500,-1790,-0.16,4230,0.37,-1770,-0.16,1411370,352.84
3178,空頭出場,2025-01-15 04:45,S_Exit,22725,1,1133650,-2640,-0.23,330,0.03,-2620,-0.23,1408730,352.18
3178,空頭進場,2025-01-15 04:05,S_Cmd,22673,1,1133650,-2640,-0.23,330,0.03,-2620,-0.23,1408730,352.18
3179,空頭出場,2025-01-15 12:35,S_Exit,22564,1,1132400,4160,0.37,4230,0.37,-920,-0.08,1412870,353.22
3179,空頭進場,2025-01-15 11:25,S_Cmd,22648,1,1132400,4160,0.37,4230,0.37,-920,-0.08,1412870,353.22
3180,空頭出場,2025-01-15 18:25,S_Exit_Add,22637,1,1129200,-2690,-0.24,3580,0.32,-2670,-0.24,1410180,352.55
3180,空頭進場,2025-01-15 12:05,S_Add,22584,1,1129200,-2690,-0.24,3580,0.32,-2670,-0.24,1410180,352.55
3181,空頭出場,2025-01-15 18:35,Trend Rev,22631,1,1126250,-5340,-0.47,630,0.06,-5620,-0.50,1404860,351.22
3181,空頭進場,2025-01-15 15:00,S_Add,22525,1,1126250,-5340,-0.47,630,0.06,-5620,-0.50,1404860,351.22
3182,多頭出場,2025-01-16 00:40,L_Exit,22886,1,1148650,-4390,-0.38,530,0.05,-4370,-0.38,1400470,350.12
3182,多頭進場,2025-01-16 00:05,L_Cmd,22973,1,1148650,-4390,-0.38,530,0.05,-4370,-0.38,1400470,350.12
3183,多頭出場,2025-01-16 08:45,L_Exit,23074,1,1149900,3760,0.33,3830,0.33,-2020,-0.18,1404230,351.06
3183,多頭進場,2025-01-16 03:30,L_Cmd,22998,1,1149900,3760,0.33,3830,0.33,-2020,-0.18,1404230,351.06
3184,多頭出場,2025-01-16 11:00,L_Exit,23136,1,1151900,4860,0.42,4930,0.43,-1870,-0.16,1409050,352.26
3184,多頭進場,2025-01-16 08:50,L_Cmd,23038,1,1151900,4860,0.42,4930,0.43,-1870,-0.16,1409050,352.26
3185,多頭出場,2025-01-16 11:10,L_Exit_G,23198,1,1154000,5860,0.51,5930,0.51,-3970,-0.34,1414890,353.72
3185,多頭進場,2025-01-16 09:15,L_Add,23080,1,1154000,5860,0.51,5930,0.51,-3970,-0.34,1414890,353.72
3186,多頭出場,2025-01-16 11:20,L_Exit_Add,23199,1,1155000,4910,0.43,4980,0.43,-320,-0.03,1419800,354.95
3186,多頭進場,2025-01-16 11:00,L_Add,23100,1,1155000,4910,0.43,4980,0.43,-320,-0.03,1419800,354.95
3187,多頭出場,2025-01-16 13:05,L_G_Cut,23123,1,1156850,-740,-0.06,3980,0.34,-770,-0.07,1419060,354.77
3187,多頭進場,2025-01-16 11:05,L_Add,23137,1,1156850,-740,-0.06,3980,0.34,-770,-0.07,1419060,354.77
3188,多頭出場,2025-01-16 13:05,L_G_Cut,23123,1,1157450,-1340,-0.12,3380,0.29,-1370,-0.12,1417740,354.44
3188,多頭進場,2025-01-16 11:10,L_G_進,23149,1,1157450,-1340,-0.12,3380,0.29,-1370,-0.12,1417740,354.44
3189,多頭出場,2025-01-16 13:40,Trend Rev,22997,1,1159700,-9890,-0.85,1130,0.10,-10220,-0.88,1407870,351.97
3189,多頭進場,2025-01-16 11:15,L_G_進,23194,1,1159700,-9890,-0.85,1130,0.10,-10220,-0.88,1407870,351.97
3190,多頭出場,2025-01-16 13:40,Trend Rev,22997,1,1160450,-10640,-0.92,380,0.03,-10970,-0.95,1397250,349.31
3190,多頭進場,2025-01-16 11:35,L_G_進,23209,1,1160450,-10640,-0.92,380,0.03,-10970,-0.95,1397250,349.31
3191,多頭出場,2025-01-16 22:45,L_Exit,23316,1,1169750,-3990,-0.34,2580,0.22,-3970,-0.34,1393260,348.32
3191,多頭進場,2025-01-16 21:40,L_Cmd,23395,1,1169750,-3990,-0.34,2580,0.22,-3970,-0.34,1393260,348.32
3192,多頭出場,2025-01-17 13:40,Trend Rev,23192,1,1159800,-240,-0.02,430,0.04,-720,-0.06,1393020,348.26
3192,多頭進場,2025-01-17 13:35,L_Cmd,23196,1,1159800,-240,-0.02,430,0.04,-720,-0.06,1393020,348.26
3193,多頭出場,2025-01-17 21:50,L_Exit,23298,1,1167350,-2490,-0.21,830,0.07,-2470,-0.21,1390530,347.63
3193,多頭進場,2025-01-17 21:05,L_Cmd,23347,1,1167350,-2490,-0.21,830,0.07,-2470,-0.21,1390530,347.63
3194,多頭出場,2025-01-17 22:35,L_Exit,23283,1,1167750,-3640,-0.31,230,0.02,-5470,-0.47,1386890,346.72
3194,多頭進場,2025-01-17 22:30,L_Cmd,23355,1,1167750,-3640,-0.31,230,0.02,-5470,-0.47,1386890,346.72
3195,多頭出場,2025-01-18 03:55,Trend Rev,23291,1,1168100,-3590,-0.31,630,0.05,-4320,-0.37,1383300,345.83
3195,多頭進場,2025-01-17 23:05,L_Cmd,23362,1,1168100,-3590,-0.31,630,0.05,-4320,-0.37,1383300,345.83
3196,多頭出場,2025-01-20 15:30,Trend Rev,23327,1,1166700,-390,-0.03,4080,0.35,-2620,-0.22,1382890,345.72
3196,多頭進場,2025-01-20 09:15,L_Cmd,23334,1,1166700,-390,-0.03,4080,0.35,-2620,-0.22,1382890,345.72
3197,多頭出場,2025-01-20 15:30,Trend Rev,23327,1,1170400,-4090,-0.35,380,0.03,-4820,-0.41,1378820,344.71
3197,多頭進場,2025-01-20 11:20,L_Add,23408,1,1170400,-4090,-0.35,380,0.03,-4820,-0.41,1378820,344.71
3198,多頭出場,2025-01-20 22:40,L_Exit,23436,1,1165350,6410,0.55,6480,0.56,-1320,-0.11,1385190,346.30
3198,多頭進場,2025-01-20 21:35,L_Cmd,23307,1,1165350,6410,0.55,6480,0.56,-1320,-0.11,1385190,346.30
3199,多頭出場,2025-01-21 01:15,Trend Rev,23328,1,1167950,-1590,-0.14,3980,0.34,-2270,-0.19,1383600,345.90
3199,多頭進場,2025-01-20 22:05,L_Add,23359,1,1167950,-1590,-0.14,3980,0.34,-2270,-0.19,1383600,345.90
3200,多頭出場,2025-01-21 01:15,Trend Rev,23328,1,1169150,-2790,-0.24,2780,0.24,-3470,-0.30,1380830,345.21
3200,多頭進場,2025-01-20 22:35,L_Add,23383,1,1169150,-2790,-0.24,2780,0.24,-3470,-0.30,1380830,345.21
3201,多頭出場,2025-01-21 01:15,Trend Rev,23328,1,1171800,-5440,-0.46,130,0.01,-6120,-0.52,1375410,343.85
3201,多頭進場,2025-01-20 22:45,L_Add,23436,1,1171800,-5440,-0.46,130,0.01,-6120,-0.52,1375410,343.85
3202,多頭出場,2025-01-21 08:45,L_Exit,23429,1,1166900,4510,0.39,4580,0.39,-820,-0.07,1379920,344.98
3202,多頭進場,2025-01-21 03:55,L_Cmd,23338,1,1166900,4510,0.39,4580,0.39,-820,-0.07,1379920,344.98
3203,多頭出場,2025-01-21 22:40,L_Exit,23402,1,1172050,-1990,-0.17,1980,0.17,-1970,-0.17,1377930,344.48
3203,多頭進場,2025-01-21 21:50,L_Cmd,23441,1,1172050,-1990,-0.17,1980,0.17,-1970,-0.17,1377930,344.48
3204,多頭出場,2025-01-22 01:25,L_Exit,23605,1,1174150,6060,0.52,6130,0.52,-20,0.00,1383950,345.99
3204,多頭進場,2025-01-22 00:10,L_Cmd,23483,1,1174150,6060,0.52,6130,0.52,-20,0.00,1383950,345.99
3205,多頭出場,2025-01-22 03:05,L_Exit_Add,23621,1,1176950,4060,0.34,4280,0.36,-1220,-0.10,1388010,347.00
3205,多頭進場,2025-01-22 00:35,L_Add,23539,1,1176950,4060,0.34,4280,0.36,-1220,-0.10,1388010,347.00
3206,多頭出場,2025-01-22 03:05,L_Exit_Add,23621,1,1177950,3060,0.26,3280,0.28,-470,-0.04,1391090,347.77
3206,多頭進場,2025-01-22 00:55,L_Add,23559,1,1177950,3060,0.26,3280,0.28,-470,-0.04,1391090,347.77
3207,多頭出場,2025-01-22 09:50,L_Exit_Add,23690,1,1181100,3360,0.28,3430,0.29,-2620,-0.22,1394470,348.62
3207,多頭進場,2025-01-22 03:05,L_Add,23622,1,1181100,3360,0.28,3430,0.29,-2620,-0.22,1394470,348.62
3208,多頭出場,2025-01-22 11:05,L_Exit,23609,1,1184550,-4140,-0.35,1430,0.12,-4120,-0.35,1390330,347.58
3208,多頭進場,2025-01-22 09:55,L_Cmd,23691,1,1184550,-4140,-0.35,1430,0.12,-4120,-0.35,1390330,347.58
3209,多頭出場,2025-01-22 17:05,L_Exit,23777,1,1182350,6460,0.55,6530,0.55,-1320,-0.11,1396770,349.19
3209,多頭進場,2025-01-22 11:45,L_Cmd,23647,1,1182350,6460,0.55,6530,0.55,-1320,-0.11,1396770,349.19
3210,多頭出場,2025-01-22 17:05,L_Exit_Add,23777,1,1184900,3910,0.33,3980,0.34,-2420,-0.20,1400700,350.18
3210,多頭進場,2025-01-22 13:20,L_Add,23698,1,1184900,3910,0.33,3980,0.34,-2420,-0.20,1400700,350.18
3211,多頭出場,2025-01-22 22:00,L_Exit,23774,1,1190300,-1640,-0.14,0,0.00,-1620,-0.14,1399060,349.77
3211,多頭進場,2025-01-22 21:15,L_Cmd,23806,1,1190300,-1640,-0.14,0,0.00,-1620,-0.14,1399060,349.77
3212,多頭出場,2025-02-03 08:45,L_Exit,22714,1,1189500,-53840,-4.53,2580,0.22,-53820,-4.52,1345220,336.31
3212,多頭進場,2025-01-23 00:40,L_Cmd,23790,1,1189500,-53840,-4.53,2580,0.22,-53820,-4.52,1345220,336.31
3213,空頭出場,2025-02-03 16:15,S_Exit,22681,1,1129750,-4340,-0.38,30,0.00,-4320,-0.38,1340880,335.22
3213,空頭進場,2025-02-03 13:45,S_Cmd,22595,1,1129750,-4340,-0.38,30,0.00,-4320,-0.38,1340880,335.22
3214,空頭出場,2025-02-03 22:35,S_Exit,22668,1,1131200,-2240,-0.20,1680,0.15,-2220,-0.20,1338640,334.66
3214,空頭進場,2025-02-03 22:30,S_Cmd,22624,1,1131200,-2240,-0.20,1680,0.15,-2220,-0.20,1338640,334.66
3215,空頭出場,2025-02-04 08:45,S_Exit,22917,1,1141600,-4290,-0.38,2080,0.18,-4270,-0.37,1334350,333.59
3215,空頭進場,2025-02-04 04:45,S_Cmd,22832,1,1141600,-4290,-0.38,2080,0.18,-4270,-0.37,1334350,333.59
3216,空頭出場,2025-02-04 08:50,Trend Rev,22904,1,1145850,610,0.05,1230,0.11,-1520,-0.13,1334960,333.74
3216,空頭進場,2025-02-04 08:45,S_Add,22917,1,1145850,610,0.05,1230,0.11,-1520,-0.13,1334960,333.74
3217,空頭出場,2025-02-04 12:20,Trend Rev,22838,1,1141100,-840,-0.07,680,0.06,-1220,-0.11,1334120,333.53
3217,空頭進場,2025-02-04 11:45,S_Cmd,22822,1,1141100,-840,-0.07,680,0.06,-1220,-0.11,1334120,333.53
3218,空頭出場,2025-02-04 13:40,S_Exit,22830,1,1138000,-3540,-0.31,2530,0.22,-3520,-0.31,1330580,332.65
3218,空頭進場,2025-02-04 13:10,S_Cmd,22760,1,1138000,-3540,-0.31,2530,0.22,-3520,-0.31,1330580,332.65
3219,多頭出場,2025-02-05 23:35,L_Exit,23250,1,1159100,3360,0.29,3430,0.30,-1370,-0.12,1333900,333.48
3219,多頭進場,2025-02-05 22:20,L_Cmd,23182,1,1159100,3360,0.29,3430,0.30,-1370,-0.12,1333900,333.48
3220,多頭出場,2025-02-06 00:50,L_Exit_Add,23337,1,1161950,4860,0.42,4930,0.42,-1070,-0.09,1338740,334.69
3220,多頭進場,2025-02-05 23:30,L_Add,23239,1,1161950,4860,0.42,4930,0.42,-1070,-0.09,1338740,334.69
3221,多頭出場,2025-02-06 00:50,L_Exit_Add,23337,1,1162050,4760,0.41,4830,0.42,-820,-0.07,1343520,335.88
3221,多頭進場,2025-02-05 23:35,L_Add,23241,1,1162050,4760,0.41,4830,0.42,-820,-0.07,1343520,335.88
3222,多頭出場,2025-02-06 00:50,L_Exit_G,23337,1,1164800,2010,0.17,2080,0.18,-1670,-0.14,1345550,336.39
3222,多頭進場,2025-02-06 00:10,L_Add,23296,1,1164800,2010,0.17,2080,0.18,-1670,-0.14,1345550,336.39
3223,多頭出場,2025-02-06 08:45,L_Exit_Add,23369,1,1164700,3710,0.32,3780,0.32,-1570,-0.13,1349240,337.31
3223,多頭進場,2025-02-06 00:15,L_G_進,23294,1,1164700,3710,0.32,3780,0.32,-1570,-0.13,1349240,337.31
3224,多頭出場,2025-02-06 10:40,Trend Rev,23275,1,1166450,-2740,-0.23,2430,0.21,-3070,-0.26,1346500,336.63
3224,多頭進場,2025-02-06 00:55,L_Add,23329,1,1166450,-2740,-0.23,2430,0.21,-3070,-0.26,1346500,336.63
3225,多頭出場,2025-02-06 10:40,Trend Rev,23275,1,1167100,-3390,-0.29,1780,0.15,-3720,-0.32,1343130,335.78
3225,多頭進場,2025-02-06 03:10,L_Add,23342,1,1167100,-3390,-0.29,1780,0.15,-3720,-0.32,1343130,335.78
3226,多頭出場,2025-02-06 10:40,Trend Rev,23275,1,1168500,-4790,-0.41,280,0.02,-5120,-0.44,1338360,334.59
3226,多頭進場,2025-02-06 09:15,L_Add,23370,1,1168500,-4790,-0.41,280,0.02,-5120,-0.44,1338360,334.59
3227,多頭出場,2025-02-06 13:20,Trend Rev,23271,1,1165250,-1740,-0.15,1130,0.10,-2120,-0.18,1336620,334.16
3227,多頭進場,2025-02-06 12:30,L_Cmd,23305,1,1165250,-1740,-0.15,1130,0.10,-2120,-0.18,1336620,334.16
3228,多頭出場,2025-02-06 22:40,Trend Rev,23295,1,1166250,-1540,-0.13,230,0.02,-2370,-0.20,1335080,333.77
3228,多頭進場,2025-02-06 22:30,L_Cmd,23325,1,1166250,-1540,-0.13,230,0.02,-2370,-0.20,1335080,333.77
3229,多頭出場,2025-02-06 23:25,Trend Rev,23290,1,1165750,-1290,-0.11,330,0.03,-1520,-0.13,1333790,333.45
3229,多頭進場,2025-02-06 23:15,L_Cmd,23315,1,1165750,-1290,-0.11,330,0.03,-1520,-0.13,1333790,333.45
3230,多頭出場,2025-02-07 17:35,L_Exit,23518,1,1170050,5810,0.50,5880,0.50,-1270,-0.11,1339600,334.90
3230,多頭進場,2025-02-07 10:30,L_Cmd,23401,1,1170050,5810,0.50,5880,0.50,-1270,-0.11,1339600,334.90
3231,多頭出場,2025-02-07 23:00,L_Exit,23434,1,1174700,-3040,-0.26,1130,0.10,-3020,-0.26,1336560,334.14
3231,多頭進場,2025-02-07 22:00,L_Cmd,23494,1,1174700,-3040,-0.26,1130,0.10,-3020,-0.26,1336560,334.14
3232,多頭出場,2025-02-10 09:05,Trend Rev,23292,1,1167800,-3240,-0.28,380,0.03,-3320,-0.28,1333320,333.33
3232,多頭進場,2025-02-10 09:00,L_Cmd,23356,1,1167800,-3240,-0.28,380,0.03,-3320,-0.28,1333320,333.33
3233,空頭出場,2025-02-10 13:30,S_Exit,23278,1,1160650,-3290,-0.28,2230,0.19,-3270,-0.28,1330030,332.51
3233,空頭進場,2025-02-10 11:00,S_Cmd,23213,1,1160650,-3290,-0.28,2230,0.19,-3270,-0.28,1330030,332.51
3234,多頭出場,2025-02-10 22:10,L_Exit,23369,1,1170200,-1790,-0.15,580,0.05,-1770,-0.15,1328240,332.06
3234,多頭進場,2025-02-10 21:30,L_Cmd,23404,1,1170200,-1790,-0.15,580,0.05,-1770,-0.15,1328240,332.06
3235,多頭出場,2025-02-11 09:00,L_Exit,23467,1,1170150,3160,0.27,3230,0.28,-1070,-0.09,1331400,332.85
3235,多頭進場,2025-02-11 04:00,L_Cmd,23403,1,1170150,3160,0.27,3230,0.28,-1070,-0.09,1331400,332.85
3236,多頭出場,2025-02-11 10:05,L_Exit,23417,1,1173300,-2490,-0.21,1830,0.16,-2470,-0.21,1328910,332.23
3236,多頭進場,2025-02-11 09:05,L_Cmd,23466,1,1173300,-2490,-0.21,1830,0.16,-2470,-0.21,1328910,332.23
3237,多頭出場,2025-02-11 13:40,Trend Rev,23351,1,1168500,-990,-0.08,30,0.00,-1120,-0.10,1327920,331.98
3237,多頭進場,2025-02-11 13:35,L_Cmd,23370,1,1168500,-990,-0.08,30,0.00,-1120,-0.10,1327920,331.98
3238,多頭出場,2025-02-12 09:00,L_Exit,23496,1,1169350,5410,0.46,5480,0.47,-1470,-0.13,1333290,333.32
3238,多頭進場,2025-02-11 23:30,L_Cmd,23387,1,1169350,5410,0.46,5480,0.47,-1470,-0.13,1333290,333.32
3239,多頭出場,2025-02-12 09:00,L_Exit_Add,23496,1,1171600,3160,0.27,3230,0.28,-3720,-0.32,1336470,334.12
3239,多頭進場,2025-02-12 00:05,L_Add,23432,1,1171600,3160,0.27,3230,0.28,-3720,-0.32,1336470,334.12
3240,多頭出場,2025-02-12 09:05,L_Exit_Add,23526,1,1173150,3110,0.27,3180,0.27,-1470,-0.13,1339600,334.90
3240,多頭進場,2025-02-12 08:50,L_Add,23463,1,1173150,3110,0.27,3180,0.27,-1470,-0.13,1339600,334.90
3241,多頭出場,2025-02-13 08:45,L_Exit,23454,1,1166200,6460,0.55,6530,0.56,-420,-0.04,1346040,336.51
3241,多頭進場,2025-02-13 01:00,L_Cmd,23324,1,1166200,6460,0.55,6530,0.56,-420,-0.04,1346040,336.51
3242,多頭出場,2025-02-13 09:00,Trend Rev,23330,1,1169300,-2840,-0.24,3430,0.29,-2820,-0.24,1343220,335.81
3242,多頭進場,2025-02-13 03:05,L_Add,23386,1,1169300,-2840,-0.24,3430,0.29,-2820,-0.24,1343220,335.81
3243,多頭出場,2025-02-13 15:45,Trend Rev,23369,1,1168550,-140,-0.01,2980,0.26,-820,-0.07,1343060,335.77
3243,多頭進場,2025-02-13 10:50,L_Cmd,23371,1,1168550,-140,-0.01,2980,0.26,-820,-0.07,1343060,335.77
3244,多頭出場,2025-02-13 15:45,Trend Rev,23369,1,1171300,-2890,-0.25,30,0.00,-3020,-0.26,1340190,335.05
3244,多頭進場,2025-02-13 13:40,L_Add,23426,1,1171300,-2890,-0.25,30,0.00,-3020,-0.26,1340190,335.05
3245,多頭出場,2025-02-14 01:15,Trend Rev,23320,1,1167900,-1940,-0.17,180,0.02,-2270,-0.19,1338250,334.56
3245,多頭進場,2025-02-14 00:05,L_Cmd,23358,1,1167900,-1940,-0.17,180,0.02,-2270,-0.19,1338250,334.56
3246,空頭出場,2025-02-14 13:10,S_Exit,23197,1,1157050,-2840,-0.25,1230,0.11,-2820,-0.24,1335410,333.85
3246,空頭進場,2025-02-14 12:05,S_Cmd,23141,1,1157050,-2840,-0.25,1230,0.11,-2820,-0.24,1335410,333.85
3247,多頭出場,2025-02-17 10:45,L_Exit,23505,1,1168300,6910,0.59,6980,0.60,-1470,-0.13,1342260,335.57
3247,多頭進場,2025-02-17 09:05,L_Cmd,23366,1,1168300,6910,0.59,6980,0.60,-1470,-0.13,1342260,335.57
3248,多頭出場,2025-02-17 10:45,L_Exit_G,23505,1,1171100,4110,0.35,4180,0.36,-220,-0.02,1346390,336.60
3248,多頭進場,2025-02-17 09:30,L_Add,23422,1,1171100,4110,0.35,4180,0.36,-220,-0.02,1346390,336.60
3249,多頭出場,2025-02-17 11:20,L_Exit_Add,23517,1,1172950,2860,0.24,3030,0.26,-1420,-0.12,1349250,337.31
3249,多頭進場,2025-02-17 09:55,L_Add,23459,1,1172950,2860,0.24,3030,0.26,-1420,-0.12,1349250,337.31
3250,多頭出場,2025-02-17 11:50,L_Exit_Add,23533,1,1173600,3010,0.26,3080,0.26,-20,0.00,1352280,338.07
3250,多頭進場,2025-02-17 10:40,L_G_進,23472,1,1173600,3010,0.26,3080,0.26,-20,0.00,1352280,338.07
3251,多頭出場,2025-02-18 02:05,Trend Rev,23499,1,1175850,-940,-0.08,2230,0.19,-2720,-0.23,1351360,337.84
3251,多頭進場,2025-02-17 11:20,L_Add,23517,1,1175850,-940,-0.08,2230,0.19,-2720,-0.23,1351360,337.84
3252,多頭出場,2025-02-18 09:00,L_Exit,23496,1,1176550,-1790,-0.15,630,0.05,-1770,-0.15,1349570,337.39
3252,多頭進場,2025-02-18 08:50,L_Cmd,23531,1,1176550,-1790,-0.15,630,0.05,-1770,-0.15,1349570,337.39
3253,多頭出場,2025-02-18 13:05,L_Exit_G,23624,1,1176250,4910,0.42,4980,0.42,-1120,-0.10,1354420,338.61
3253,多頭進場,2025-02-18 09:55,L_Cmd,23525,1,1176250,4910,0.42,4980,0.42,-1120,-0.10,1354420,338.61
3254,多頭出場,2025-02-18 13:30,L_Exit,23654,1,1178450,4210,0.36,4280,0.36,-870,-0.07,1358650,339.66
3254,多頭進場,2025-02-18 11:35,L_Add,23569,1,1178450,4210,0.36,4280,0.36,-870,-0.07,1358650,339.66
3255,多頭出場,2025-02-18 13:30,L_Exit_Add,23654,1,1179800,2860,0.24,2930,0.25,-170,-0.01,1361530,340.38
3255,多頭進場,2025-02-18 12:45,L_Add,23596,1,1179800,2860,0.24,2930,0.25,-170,-0.01,1361530,340.38
3256,多頭出場,2025-02-18 13:35,L_Exit_Add,23663,1,1180500,2610,0.22,2680,0.23,-120,-0.01,1364140,341.04
3256,多頭進場,2025-02-18 13:00,L_G_進,23610,1,1180500,2610,0.22,2680,0.23,-120,-0.01,1364140,341.04
3257,多頭出場,2025-02-18 22:50,Trend Rev,23623,1,1182700,-1590,-0.13,2380,0.20,-2120,-0.18,1362570,340.64
3257,多頭進場,2025-02-18 13:35,L_Add,23654,1,1182700,-1590,-0.13,2380,0.20,-2120,-0.18,1362570,340.64
3258,多頭出場,2025-02-19 09:45,L_Exit,23694,1,1180900,3760,0.32,3830,0.32,-1120,-0.09,1366270,341.57
3258,多頭進場,2025-02-19 08:50,L_Cmd,23618,1,1180900,3760,0.32,3830,0.32,-1120,-0.09,1366270,341.57
3259,多頭出場,2025-02-19 10:05,L_G_Cut,23613,1,1182600,-1990,-0.17,2130,0.18,-2020,-0.17,1364300,341.08
3259,多頭進場,2025-02-19 09:30,L_Add,23652,1,1182600,-1990,-0.17,2130,0.18,-2020,-0.17,1364300,341.08
3260,多頭出場,2025-02-19 10:20,Trend Rev,23597,1,1183350,-3540,-0.30,1380,0.12,-3770,-0.32,1360780,340.20
3260,多頭進場,2025-02-19 09:40,L_Add,23667,1,1183350,-3540,-0.30,1380,0.12,-3770,-0.32,1360780,340.20
3261,多頭出場,2025-02-19 10:20,Trend Rev,23597,1,1184450,-4640,-0.39,280,0.02,-4870,-0.41,1356160,339.04
3261,多頭進場,2025-02-19 09:45,L_G_進,23689,1,1184450,-4640,-0.39,280,0.02,-4870,-0.41,1356160,339.04
3262,多頭出場,2025-02-19 12:40,Trend Rev,23594,1,1182200,-2540,-0.21,1630,0.14,-2520,-0.21,1353620,338.41
3262,多頭進場,2025-02-19 11:10,L_Cmd,23644,1,1182200,-2540,-0.21,1630,0.14,-2520,-0.21,1353620,338.41
3263,空頭出場,2025-02-20 10:35,S_Exit,23469,1,1170100,-3390,-0.29,1480,0.13,-3370,-0.29,1350230,337.56
3263,空頭進場,2025-02-20 09:50,S_Cmd,23402,1,1170100,-3390,-0.29,1480,0.13,-3370,-0.29,1350230,337.56
3264,多頭出場,2025-02-20 12:00,Trend Rev,23533,1,1176900,-290,-0.02,1230,0.10,-370,-0.03,1349940,337.49
3264,多頭進場,2025-02-20 11:35,L_Cmd,23538,1,1176900,-290,-0.02,1230,0.10,-370,-0.03,1349940,337.49
3265,多頭出場,2025-02-20 22:15,L_Exit,23588,1,1181050,-1690,-0.14,0,0.00,-1670,-0.14,1348250,337.06
3265,多頭進場,2025-02-20 22:10,L_Cmd,23621,1,1181050,-1690,-0.14,0,0.00,-1670,-0.14,1348250,337.06
3266,空頭出場,2025-02-21 01:35,S_Exit,23543,1,1174100,-3090,-0.26,680,0.06,-3070,-0.26,1345160,336.29
3266,空頭進場,2025-02-21 00:00,S_Cmd,23482,1,1174100,-3090,-0.26,680,0.06,-3070,-0.26,1345160,336.29
3267,多頭出場,2025-02-21 12:00,L_Exit,23730,1,1180450,6010,0.51,6080,0.52,-670,-0.06,1351110,337.78
3267,多頭進場,2025-02-21 09:40,L_Cmd,23609,1,1180450,6010,0.51,6080,0.52,-670,-0.06,1351110,337.78
3268,多頭出場,2025-02-21 12:10,L_Exit_G,23733,1,1183300,3310,0.28,3380,0.29,-720,-0.06,1354440,338.61
3268,多頭進場,2025-02-21 10:15,L_Add,23666,1,1183300,3310,0.28,3380,0.29,-720,-0.06,1354440,338.61
3269,多頭出場,2025-02-21 15:00,L_Exit_Add,23779,1,1184650,4260,0.36,4330,0.37,-370,-0.03,1358720,339.68
3269,多頭進場,2025-02-21 10:40,L_Add,23693,1,1184650,4260,0.36,4330,0.37,-370,-0.03,1358720,339.68
3270,多頭出場,2025-02-21 22:30,Trend Rev,23711,1,1185650,-140,-0.01,3480,0.29,-1370,-0.12,1358600,339.65
3270,多頭進場,2025-02-21 10:50,L_G_進,23713,1,1185650,-140,-0.01,3480,0.29,-1370,-0.12,1358600,339.65
3271,空頭出場,2025-02-22 03:25,S_Exit,23444,1,1175150,2910,0.25,2980,0.25,-1120,-0.10,1361510,340.38
3271,空頭進場,2025-02-22 03:05,S_Cmd,23503,1,1175150,2910,0.25,2980,0.25,-1120,-0.10,1361510,340.38
3272,空頭出場,2025-02-24 10:45,S_Exit,23526,1,1172550,-3790,-0.32,430,0.04,-3770,-0.32,1357720,339.43
3272,空頭進場,2025-02-24 09:35,S_Cmd,23451,1,1172550,-3790,-0.32,430,0.04,-3770,-0.32,1357720,339.43
3273,多頭出場,2025-02-24 15:05,Trend Rev,23540,1,1178000,-1040,-0.09,180,0.02,-2520,-0.21,1356680,339.17
3273,多頭進場,2025-02-24 12:25,L_Cmd,23560,1,1178000,-1040,-0.09,180,0.02,-2520,-0.21,1356680,339.17
3274,空頭出場,2025-02-24 22:50,S_Exit,23432,1,1174000,2360,0.20,2430,0.21,-1520,-0.13,1359040,339.76
3274,空頭進場,2025-02-24 22:25,S_Cmd,23480,1,1174000,2360,0.20,2430,0.21,-1520,-0.13,1359040,339.76
3275,空頭出場,2025-02-24 23:00,S_Exit_Add,23306,1,1171800,6460,0.55,6530,0.56,-20,0.00,1365480,341.37
3275,空頭進場,2025-02-24 22:55,S_Cmd,23436,1,1171800,6460,0.55,6530,0.56,-20,0.00,1365480,341.37
3276,空頭出場,2025-02-25 00:25,S_BE,23380,1,1169000,-40,0.00,5780,0.49,-20,0.00,1365400,341.35
3276,空頭進場,2025-02-24 23:00,S_Add,23380,1,1169000,-40,0.00,5780,0.49,-20,0.00,1365400,341.35
3277,空頭出場,2025-02-25 08:45,S_Exit_Add,23203,1,1165750,5560,0.48,5630,0.48,-4420,-0.38,1370980,342.75
3277,空頭進場,2025-02-24 23:05,S_Add,23315,1,1165750,5560,0.48,5630,0.48,-4420,-0.38,1370980,342.75
3278,空頭出場,2025-02-25 08:45,S_Exit_G,23203,1,1164150,3960,0.34,4030,0.35,-6020,-0.52,1374960,343.74
3278,空頭進場,2025-02-24 23:45,S_Add,23283,1,1164150,3960,0.34,4030,0.35,-6020,-0.52,1374960,343.74
3279,空頭出場,2025-02-25 09:10,S_Exit_Add,23187,1,1163750,4360,0.37,4430,0.38,-6420,-0.55,1379320,344.83
3279,空頭進場,2025-02-24 23:55,S_G_進,23275,1,1163750,4360,0.37,4430,0.38,-6420,-0.55,1379320,344.83
3280,空頭出場,2025-02-25 10:00,S_Exit_Add,23298,1,1160800,-4140,-0.36,3880,0.33,-4120,-0.35,1375180,343.79
3280,空頭進場,2025-02-25 09:10,S_Add,23216,1,1160800,-4140,-0.36,3880,0.33,-4120,-0.35,1375180,343.79
3281,空頭出場,2025-02-25 20:10,Trend Rev,23245,1,1158350,-3940,-0.34,1430,0.12,-8870,-0.77,1371260,342.82
3281,空頭進場,2025-02-25 09:25,S_Add,23167,1,1158350,-3940,-0.34,1430,0.12,-8870,-0.77,1371260,342.82
3282,空頭出場,2025-02-25 23:10,S_Exit,23130,1,1161500,4960,0.43,5030,0.43,-1670,-0.14,1376220,344.06
3282,空頭進場,2025-02-25 22:55,S_Cmd,23230,1,1161500,4960,0.43,5030,0.43,-1670,-0.14,1376220,344.06
3283,空頭出場,2025-02-26 04:25,Trend Rev,23182,1,1156700,-2440,-0.21,4180,0.36,-3220,-0.28,1373780,343.45
3283,空頭進場,2025-02-25 23:15,S_Cmd,23134,1,1156700,-2440,-0.21,4180,0.36,-3220,-0.28,1373780,343.45
3284,空頭出場,2025-02-26 22:30,S_Exit,23427,1,1169000,-2390,-0.20,130,0.01,-2370,-0.20,1371390,342.85
3284,空頭進場,2025-02-26 22:25,S_Cmd,23380,1,1169000,-2390,-0.20,130,0.01,-2370,-0.20,1371390,342.85
3285,多頭出場,2025-02-27 02:25,L_Exit,23444,1,1176450,-4290,-0.36,3030,0.26,-4270,-0.36,1367100,341.78
3285,多頭進場,2025-02-26 23:20,L_Cmd,23529,1,1176450,-4290,-0.36,3030,0.26,-4270,-0.36,1367100,341.78
3286,空頭出場,2025-02-27 10:05,S_Exit,23207,1,1167400,7010,0.60,7080,0.61,-520,-0.04,1374110,343.53
3286,空頭進場,2025-02-27 09:50,S_Cmd,23348,1,1167400,7010,0.60,7080,0.61,-520,-0.04,1374110,343.53
3287,空頭出場,2025-02-27 19:05,Trend Rev,23257,1,1158500,-4390,-0.38,2130,0.18,-4420,-0.38,1369720,342.43
3287,空頭進場,2025-02-27 10:20,S_Cmd,23170,1,1158500,-4390,-0.38,2130,0.18,-4420,-0.38,1369720,342.43
3288,空頭出場,2025-02-27 22:55,S_Exit_Add,22974,1,1158800,10060,0.87,10130,0.87,-70,-0.01,1379740,344.94
3288,空頭進場,2025-02-27 22:40,S_Cmd,23176,1,1158800,10060,0.87,10130,0.87,-70,-0.01,1379740,344.94
3289,空頭出場,2025-02-27 23:00,S_Exit_Add,22894,1,1154950,10210,0.88,10280,0.89,-1520,-0.13,1389950,347.49
3289,空頭進場,2025-02-27 22:45,S_Add,23099,1,1154950,10210,0.88,10280,0.89,-1520,-0.13,1389950,347.49
3290,空頭出場,2025-02-27 23:20,S_BE,23029,1,1151450,-40,0.00,6780,0.59,-70,-0.01,1389930,347.48
3290,空頭進場,2025-02-27 22:55,S_Add,23029,1,1151450,-40,0.00,6780,0.59,-70,-0.01,1389930,347.48
3291,空頭出場,2025-02-28 03:25,S_Exit_Add,22886,1,1148650,4310,0.38,4630,0.40,-4270,-0.37,1394240,348.56
3291,空頭進場,2025-02-27 23:00,S_Add,22973,1,1148650,4310,0.38,4630,0.40,-4270,-0.37,1394240,348.56
3292,空頭出場,2025-02-28 03:40,S_Exit_Add,22789,1,1144250,4760,0.42,4830,0.42,-220,-0.02,1399000,349.75
3292,空頭進場,2025-02-28 03:25,S_Add,22885,1,1144250,4760,0.42,4830,0.42,-220,-0.02,1399000,349.75
3293,空頭出場,2025-02-28 04:15,S_Exit_Add,22709,1,1140950,5460,0.48,5530,0.48,-1020,-0.09,1404460,351.12
3293,空頭進場,2025-02-28 03:40,S_Add,22819,1,1140950,5460,0.48,5530,0.48,-1020,-0.09,1404460,351.12
3294,空頭出場,2025-02-28 04:55,S_Exit_Add,22603,1,1137550,7360,0.65,7430,0.65,-620,-0.05,1411800,352.95
3294,空頭進場,2025-02-28 04:15,S_Add,22751,1,1137550,7360,0.65,7430,0.65,-620,-0.05,1411800,352.95
3295,空頭出場,2025-03-03 16:25,S_Exit_Add,22565,1,1134650,6360,0.56,6430,0.57,-5270,-0.46,1418160,354.54
3295,空頭進場,2025-02-28 04:30,S_Add,22693,1,1134650,6360,0.56,6430,0.57,-5270,-0.46,1418160,354.54
3296,空頭出場,2025-03-03 20:05,Trend Rev,22742,1,1132550,-4590,-0.41,4330,0.38,-7370,-0.65,1413590,353.40
3296,空頭進場,2025-02-28 04:55,S_Add,22651,1,1132550,-4590,-0.41,4330,0.38,-7370,-0.65,1413590,353.40
3297,空頭出場,2025-03-03 20:05,Trend Rev,22742,1,1132450,-4690,-0.41,4230,0.37,-7470,-0.66,1408920,352.23
3297,空頭進場,2025-03-03 08:45,S_Add,22649,1,1132450,-4690,-0.41,4230,0.37,-7470,-0.66,1408920,352.23
3298,空頭出場,2025-03-03 23:00,S_Exit,22452,1,1127800,5160,0.46,5230,0.46,-1420,-0.13,1414080,353.52
3298,空頭進場,2025-03-03 22:40,S_Cmd,22556,1,1127800,5160,0.46,5230,0.46,-1420,-0.13,1414080,353.52
3299,空頭出場,2025-03-04 03:40,S_Exit,22459,1,1117950,-5040,-0.45,130,0.01,-5020,-0.45,1409040,352.26
3299,空頭進場,2025-03-04 03:30,S_Cmd,22359,1,1117950,-5040,-0.45,130,0.01,-5020,-0.45,1409040,352.26
3300,空頭出場,2025-03-04 04:20,S_Exit,22154,1,1116350,8610,0.77,8680,0.78,-270,-0.02,1417630,354.41
3300,空頭進場,2025-03-04 04:00,S_Cmd,22327,1,1116350,8610,0.77,8680,0.78,-270,-0.02,1417630,354.41
3301,空頭出場,2025-03-04 09:00,S_Exit_Add,22348,1,1111100,-6340,-0.57,5630,0.51,-6320,-0.57,1411290,352.82
3301,空頭進場,2025-03-04 04:15,S_Add,22222,1,1111100,-6340,-0.57,5630,0.51,-6320,-0.57,1411290,352.82
3302,空頭出場,2025-03-04 09:45,S_Exit_Add,22446,1,1106200,-16140,-1.46,130,0.01,-16120,-1.46,1395170,348.79
3302,空頭進場,2025-03-04 04:45,S_Add,22124,1,1106200,-16140,-1.46,130,0.01,-16120,-1.46,1395170,348.79
3303,空頭出場,2025-03-04 23:45,Trend Rev,22494,1,1118250,-6490,-0.58,1280,0.11,-6520,-0.58,1388680,347.17
3303,空頭進場,2025-03-04 23:20,S_Cmd,22365,1,1118250,-6490,-0.58,1280,0.11,-6520,-0.58,1388680,347.17
3304,空頭出場,2025-03-05 23:05,S_Exit,22870,1,1139800,-3740,-0.33,3830,0.34,-3720,-0.33,1384940,346.23
3304,空頭進場,2025-03-05 22:35,S_Cmd,22796,1,1139800,-3740,-0.33,3830,0.34,-3720,-0.33,1384940,346.23
3305,空頭出場,2025-03-06 16:00,S_Exit,22646,1,1138150,5810,0.51,5880,0.52,-2670,-0.23,1390750,347.69
3305,空頭進場,2025-03-06 10:40,S_Cmd,22763,1,1138150,5810,0.51,5880,0.52,-2670,-0.23,1390750,347.69
3306,空頭出場,2025-03-06 22:45,S_Exit,22591,1,1126250,-3340,-0.30,2080,0.18,-3320,-0.29,1387410,346.85
3306,空頭進場,2025-03-06 22:35,S_Cmd,22525,1,1126250,-3340,-0.30,2080,0.18,-3320,-0.29,1387410,346.85
3307,空頭出場,2025-03-07 01:45,S_Exit,22449,1,1128500,6010,0.53,6080,0.54,-20,0.00,1393420,348.36
3307,空頭進場,2025-03-07 00:55,S_Cmd,22570,1,1128500,6010,0.53,6080,0.54,-20,0.00,1393420,348.36
3308,空頭出場,2025-03-07 03:50,S_Exit,22534,1,1122100,-4640,-0.41,1430,0.13,-4620,-0.41,1388780,347.20
3308,空頭進場,2025-03-07 03:20,S_Cmd,22442,1,1122100,-4640,-0.41,1430,0.13,-4620,-0.41,1388780,347.20
3309,空頭出場,2025-03-08 02:50,Trend Rev,22459,1,1119100,-3890,-0.35,6980,0.62,-5620,-0.50,1384870,346.22
3309,空頭進場,2025-03-07 23:40,S_Cmd,22382,1,1119100,-3890,-0.35,6980,0.62,-5620,-0.50,1384870,346.22
3310,空頭出場,2025-03-08 02:50,Trend Rev,22459,1,1113850,-9140,-0.82,1730,0.16,-9970,-0.90,1375750,343.94
3310,空頭進場,2025-03-08 00:40,S_Add,22277,1,1113850,-9140,-0.82,1730,0.16,-9970,-0.90,1375750,343.94
3311,空頭出場,2025-03-10 09:10,S_Exit,22342,1,1123750,6610,0.59,6680,0.59,-3670,-0.33,1382360,345.59
3311,空頭進場,2025-03-10 08:50,S_Cmd,22475,1,1123750,6610,0.59,6680,0.59,-3670,-0.33,1382360,345.59
3312,空頭出場,2025-03-10 22:50,S_Exit,22120,1,1111250,5210,0.47,5280,0.48,-1270,-0.11,1387550,346.89
3312,空頭進場,2025-03-10 22:05,S_Cmd,22225,1,1111250,5210,0.47,5280,0.48,-1270,-0.11,1387550,346.89
3313,空頭出場,2025-03-11 01:00,S_Exit_Add,22039,1,1107650,5660,0.51,5730,0.52,-2020,-0.18,1393210,348.30
3313,空頭進場,2025-03-10 22:45,S_Add,22153,1,1107650,5660,0.51,5730,0.52,-2020,-0.18,1393210,348.30
3314,空頭出場,2025-03-11 02:00,S_Exit_Add,21956,1,1103300,5460,0.49,5530,0.50,-1270,-0.12,1398690,349.67
3314,空頭進場,2025-03-11 00:45,S_Add,22066,1,1103300,5460,0.49,5530,0.50,-1270,-0.12,1398690,349.67
3315,空頭出場,2025-03-11 09:05,S_Exit,21662,1,1092650,9510,0.87,9580,0.88,-1670,-0.15,1408200,352.05
3315,空頭進場,2025-03-11 08:50,S_Cmd,21853,1,1092650,9510,0.87,9580,0.88,-1670,-0.15,1408200,352.05
3316,空頭出場,2025-03-11 23:45,Trend Rev,22058,1,1099000,-3940,-0.36,6180,0.56,-4770,-0.43,1404260,351.07
3316,空頭進場,2025-03-11 22:25,S_Cmd,21980,1,1099000,-3940,-0.36,6180,0.56,-4770,-0.43,1404260,351.07
3317,空頭出場,2025-03-12 02:15,Trend Rev,22029,1,1096250,-5240,-0.48,4480,0.41,-5520,-0.50,1399020,349.76
3317,空頭進場,2025-03-12 00:55,S_Cmd,21925,1,1096250,-5240,-0.48,4480,0.41,-5520,-0.50,1399020,349.76
3318,空頭出場,2025-03-12 08:50,Trend Rev,22058,1,1100550,-2390,-0.22,780,0.07,-4770,-0.43,1396630,349.16
3318,空頭進場,2025-03-12 04:05,S_Cmd,22011,1,1100550,-2390,-0.22,780,0.07,-4770,-0.43,1396630,349.16
3319,空頭出場,2025-03-13 09:55,Trend Rev,22375,1,1116850,-1940,-0.17,880,0.08,-2020,-0.18,1394690,348.67
3319,空頭進場,2025-03-13 09:35,S_Cmd,22337,1,1116850,-1940,-0.17,880,0.08,-2020,-0.18,1394690,348.67
3320,空頭出場,2025-03-13 10:55,S_Exit,22196,1,1115500,5660,0.51,5730,0.51,-120,-0.01,1400330,350.08
3320,空頭進場,2025-03-13 10:20,S_Cmd,22310,1,1115500,5660,0.51,5730,0.51,-120,-0.01,1400330,350.08
3321,空頭出場,2025-03-13 11:25,S_Exit_Add,22121,1,1111850,5760,0.52,5830,0.52,-120,-0.01,1406090,351.52
3321,空頭進場,2025-03-13 10:55,S_Add,22237,1,1111850,5760,0.52,5830,0.52,-120,-0.01,1406090,351.52
3322,空頭出場,2025-03-13 11:35,S_Exit_Add,22058,1,1108400,5460,0.49,5530,0.50,-370,-0.03,1411570,352.89
3322,空頭進場,2025-03-13 11:20,S_Add,22168,1,1108400,5460,0.49,5530,0.50,-370,-0.03,1411570,352.89
3323,空頭出場,2025-03-13 12:35,S_Exit,21993,1,1105100,5410,0.49,5480,0.50,-2070,-0.19,1416980,354.25
3323,空頭進場,2025-03-13 11:40,S_Cmd,22102,1,1105100,5410,0.49,5480,0.50,-2070,-0.19,1416980,354.25
3324,空頭出場,2025-03-13 18:00,S_Exit,22056,1,1098600,-4240,-0.39,4930,0.45,-4220,-0.38,1412740,353.19
3324,空頭進場,2025-03-13 13:10,S_Cmd,21972,1,1098600,-4240,-0.39,4930,0.45,-4220,-0.38,1412740,353.19
3325,空頭出場,2025-03-14 16:25,Trend Rev,21988,1,1097700,-1740,-0.16,1430,0.13,-1920,-0.17,1411000,352.75
3325,空頭進場,2025-03-14 13:30,S_Cmd,21954,1,1097700,-1740,-0.16,1430,0.13,-1920,-0.17,1411000,352.75
3326,空頭出場,2025-03-17 09:15,S_Exit,22201,1,1107100,-2990,-0.27,480,0.04,-2970,-0.27,1408010,352.00
3326,空頭進場,2025-03-17 09:05,S_Cmd,22142,1,1107100,-2990,-0.27,480,0.04,-2970,-0.27,1408010,352.00
3327,空頭出場,2025-03-18 15:00,S_Exit,22273,1,1109800,-3890,-0.35,180,0.02,-3870,-0.35,1404120,351.03
3327,空頭進場,2025-03-18 10:50,S_Cmd,22196,1,1109800,-3890,-0.35,180,0.02,-3870,-0.35,1404120,351.03
3328,空頭出場,2025-03-18 22:40,S_Exit,22173,1,1105900,-2790,-0.25,130,0.01,-2770,-0.25,1401330,350.33
3328,空頭進場,2025-03-18 22:20,S_Cmd,22118,1,1105900,-2790,-0.25,130,0.01,-2770,-0.25,1401330,350.33
3329,空頭出場,2025-03-19 12:15,S_Exit,22029,1,1105900,4410,0.40,4480,0.41,-670,-0.06,1405720,351.43
3329,空頭進場,2025-03-19 10:25,S_Cmd,22118,1,1105900,4410,0.40,4480,0.41,-670,-0.06,1405720,351.43
3330,空頭出場,2025-03-19 12:35,S_Exit_Add,21984,1,1103150,3910,0.35,3980,0.36,-1970,-0.18,1409630,352.41
3330,空頭進場,2025-03-19 11:30,S_Add,22063,1,1103150,3910,0.35,3980,0.36,-1970,-0.18,1409630,352.41
3331,空頭出場,2025-03-19 18:50,Trend Rev,22083,1,1100300,-3890,-0.35,1780,0.16,-3970,-0.36,1405760,351.44
3331,空頭進場,2025-03-19 12:35,S_Add,22006,1,1100300,-3890,-0.35,1780,0.16,-3970,-0.36,1405760,351.44
3332,多頭出場,2025-03-20 17:15,Trend Rev,22289,1,1116400,-1990,-0.18,4480,0.40,-1970,-0.18,1403750,350.94
3332,多頭進場,2025-03-20 11:10,L_Cmd,22328,1,1116400,-1990,-0.18,4480,0.40,-1970,-0.18,1403750,350.94
3333,多頭出場,2025-03-20 17:15,Trend Rev,22289,1,1119650,-5240,-0.47,1230,0.11,-5220,-0.47,1398530,349.63
3333,多頭進場,2025-03-20 11:35,L_Add,22393,1,1119650,-5240,-0.47,1230,0.11,-5220,-0.47,1398530,349.63
3334,多頭出場,2025-03-21 00:30,Trend Rev,22257,1,1114200,-1390,-0.12,3780,0.34,-1670,-0.15,1397100,349.28
3334,多頭進場,2025-03-20 22:00,L_Cmd,22284,1,1114200,-1390,-0.12,3780,0.34,-1670,-0.15,1397100,349.28
3335,多頭出場,2025-03-21 00:30,Trend Rev,22257,1,1116700,-3890,-0.35,1280,0.11,-4170,-0.37,1393230,348.31
3335,多頭進場,2025-03-20 22:25,L_Add,22334,1,1116700,-3890,-0.35,1280,0.11,-4170,-0.37,1393230,348.31
3336,多頭出場,2025-03-21 00:30,Trend Rev,22257,1,1118000,-5190,-0.46,0,0.00,-5470,-0.49,1388060,347.02
3336,多頭進場,2025-03-20 23:15,L_Add,22360,1,1118000,-5190,-0.46,0,0.00,-5470,-0.49,1388060,347.02
3337,多頭出場,2025-03-21 12:45,Trend Rev,22263,1,1114650,-1540,-0.14,30,0.00,-1620,-0.15,1386520,346.63
3337,多頭進場,2025-03-21 12:15,L_Cmd,22293,1,1114650,-1540,-0.14,30,0.00,-1620,-0.15,1386520,346.63
3338,空頭出場,2025-03-24 15:15,Trend Rev,22187,1,1107750,-1640,-0.15,1480,0.13,-2020,-0.18,1384880,346.22
3338,空頭進場,2025-03-24 11:30,S_Cmd,22155,1,1107750,-1640,-0.15,1480,0.13,-2020,-0.18,1384880,346.22
3339,多頭出場,2025-03-24 23:10,L_Exit,22356,1,1113250,4510,0.41,4580,0.41,-770,-0.07,1389330,347.33
3339,多頭進場,2025-03-24 21:40,L_Cmd,22265,1,1113250,4510,0.41,4580,0.41,-770,-0.07,1389330,347.33
3340,多頭出場,2025-03-24 23:10,L_Exit_G,22356,1,1115200,2560,0.23,2630,0.24,-170,-0.02,1391910,347.98
3340,多頭進場,2025-03-24 22:20,L_Add,22304,1,1115200,2560,0.23,2630,0.24,-170,-0.02,1391910,347.98
3341,多頭出場,2025-03-25 00:05,L_Exit_Add,22367,1,1115900,2410,0.22,2480,0.22,-720,-0.06,1394320,348.58
3341,多頭進場,2025-03-24 22:25,L_Add,22318,1,1115900,2410,0.22,2480,0.22,-720,-0.06,1394320,348.58
3342,多頭出場,2025-03-25 08:45,L_Exit_Add,22383,1,1116500,2610,0.23,2680,0.24,-1220,-0.11,1396950,349.24
3342,多頭進場,2025-03-24 22:50,L_G_進,22330,1,1116500,2610,0.23,2680,0.24,-1220,-0.11,1396950,349.24
3343,多頭出場,2025-03-25 10:00,L_Exit_Add,22296,1,1118150,-3390,-0.30,4030,0.36,-3370,-0.30,1393560,348.39
3343,多頭進場,2025-03-24 23:20,L_Add,22363,1,1118150,-3390,-0.30,4030,0.36,-3370,-0.30,1393560,348.39
3344,多頭出場,2025-03-25 10:05,Trend Rev,22303,1,1121250,-6140,-0.55,930,0.08,-6570,-0.59,1387440,346.86
3344,多頭進場,2025-03-25 09:45,L_Add,22425,1,1121250,-6140,-0.55,930,0.08,-6570,-0.59,1387440,346.86
3345,多頭出場,2025-03-25 13:25,Trend Rev,22298,1,1115250,-390,-0.03,330,0.03,-1270,-0.11,1387050,346.76
3345,多頭進場,2025-03-25 13:05,L_Cmd,22305,1,1115250,-390,-0.03,330,0.03,-1270,-0.11,1387050,346.76
3346,多頭出場,2025-03-25 23:50,Trend Rev,22340,1,1118400,-1440,-0.13,580,0.05,-1770,-0.16,1385610,346.40
3346,多頭進場,2025-03-25 22:55,L_Cmd,22368,1,1118400,-1440,-0.13,580,0.05,-1770,-0.16,1385610,346.40
3347,多頭出場,2025-03-26 09:25,L_Exit,22349,1,1119250,-1840,-0.16,2130,0.19,-1820,-0.16,1383770,345.94
3347,多頭進場,2025-03-26 08:50,L_Cmd,22385,1,1119250,-1840,-0.16,2130,0.19,-1820,-0.16,1383770,345.94
3348,空頭出場,2025-03-27 00:10,S_Exit,22071,1,1106800,3210,0.29,3280,0.30,-1570,-0.14,1386960,346.74
3348,空頭進場,2025-03-26 22:20,S_Cmd,22136,1,1106800,3210,0.29,3280,0.30,-1570,-0.14,1386960,346.74
3349,空頭出場,2025-03-27 01:15,S_Exit_Add,22021,1,1104500,3410,0.31,3480,0.32,-220,-0.02,1390390,347.60
3349,空頭進場,2025-03-27 00:00,S_Add,22090,1,1104500,3410,0.31,3480,0.32,-220,-0.02,1390390,347.60
3350,空頭出場,2025-03-27 09:15,S_Exit,21986,1,1096150,-3190,-0.29,130,0.01,-3620,-0.33,1387200,346.80
3350,空頭進場,2025-03-27 09:10,S_Cmd,21923,1,1096150,-3190,-0.29,130,0.01,-3620,-0.33,1387200,346.80
3351,空頭出場,2025-03-27 13:35,S_Exit,21975,1,1095050,-3740,-0.34,230,0.02,-3720,-0.34,1383460,345.87
3351,空頭進場,2025-03-27 11:15,S_Cmd,21901,1,1095050,-3740,-0.34,230,0.02,-3720,-0.34,1383460,345.87
3352,空頭出場,2025-03-28 08:45,S_Exit,21721,1,1092400,6310,0.58,6380,0.58,-2420,-0.22,1389770,347.44
3352,空頭進場,2025-03-27 23:40,S_Cmd,21848,1,1092400,6310,0.58,6380,0.58,-2420,-0.22,1389770,347.44
3353,空頭出場,2025-03-28 09:00,S_Exit,21686,1,1088650,4310,0.40,4380,0.40,-1120,-0.10,1394080,348.52
3353,空頭進場,2025-03-28 08:50,S_Cmd,21773,1,1088650,4310,0.40,4380,0.40,-1120,-0.10,1394080,348.52
3354,空頭出場,2025-03-28 09:15,S_Exit,21764,1,1084650,-3590,-0.33,980,0.09,-3570,-0.33,1390490,347.62
3354,空頭進場,2025-03-28 09:05,S_Cmd,21693,1,1084650,-3590,-0.33,980,0.09,-3570,-0.33,1390490,347.62
3355,空頭出場,2025-03-28 10:55,S_Exit,21517,1,1081450,5560,0.51,5630,0.52,-2670,-0.25,1396030,349.01
3355,空頭進場,2025-03-28 10:00,S_Cmd,21629,1,1081450,5560,0.51,5630,0.52,-2670,-0.25,1396030,349.01
3356,空頭出場,2025-03-28 21:40,Trend Rev,21610,1,1077150,-3390,-0.31,2930,0.27,-5070,-0.47,1392660,348.17
3356,空頭進場,2025-03-28 10:50,S_Add,21543,1,1077150,-3390,-0.31,2930,0.27,-5070,-0.47,1392660,348.17
3357,空頭出場,2025-03-28 22:25,S_Exit,21358,1,1073850,5910,0.55,5980,0.56,-420,-0.04,1398550,349.64
3357,空頭進場,2025-03-28 22:10,S_Cmd,21477,1,1073850,5910,0.55,5980,0.56,-420,-0.04,1398550,349.64
3358,空頭出場,2025-03-28 23:00,S_Exit_Add,21284,1,1070450,6210,0.58,6280,0.59,-170,-0.02,1404760,351.19
3358,空頭進場,2025-03-28 22:25,S_Add,21409,1,1070450,6210,0.58,6280,0.59,-170,-0.02,1404760,351.19
3359,空頭出場,2025-03-29 00:55,S_Exit_Add,21213,1,1066950,6260,0.59,6330,0.59,-2120,-0.20,1411020,352.76
3359,空頭進場,2025-03-28 22:50,S_Add,21339,1,1066950,6260,0.59,6330,0.59,-2120,-0.20,1411020,352.76
3360,空頭出場,2025-03-29 01:25,S_Exit_Add,21139,1,1062500,5510,0.52,5580,0.53,-1420,-0.13,1416550,354.14
3360,空頭進場,2025-03-29 00:20,S_Add,21250,1,1062500,5510,0.52,5580,0.53,-1420,-0.13,1416550,354.14
3361,空頭出場,2025-03-31 08:45,S_Exit,20855,1,1057450,14660,1.39,14730,1.39,-370,-0.03,1431210,357.80
3361,空頭進場,2025-03-29 04:40,S_Cmd,21149,1,1057450,14660,1.39,14730,1.39,-370,-0.03,1431210,357.80
3362,空頭出場,2025-03-31 22:10,Trend Rev,20896,1,1042350,-2490,-0.24,7930,0.76,-3720,-0.36,1428700,357.18
3362,空頭進場,2025-03-31 10:20,S_Cmd,20847,1,1042350,-2490,-0.24,7930,0.76,-3720,-0.36,1428700,357.18
3363,空頭出場,2025-03-31 22:10,Trend Rev,20896,1,1036600,-8240,-0.79,2180,0.21,-9470,-0.91,1420480,355.12
3363,空頭進場,2025-03-31 11:20,S_Add,20732,1,1036600,-8240,-0.79,2180,0.21,-9470,-0.91,1420480,355.12
3364,空頭出場,2025-04-01 09:00,S_BE,20954,1,1047700,-40,0.00,3330,0.32,-320,-0.03,1420420,355.11
3364,空頭進場,2025-04-01 08:50,S_Cmd,20954,1,1047700,-40,0.00,3330,0.32,-320,-0.03,1420420,355.11
3365,空頭出場,2025-04-01 09:20,Trend Rev,21010,1,1044600,-5940,-0.57,230,0.02,-6820,-0.65,1414500,353.63
3365,空頭進場,2025-04-01 08:55,S_Add,20892,1,1044600,-5940,-0.57,230,0.02,-6820,-0.65,1414500,353.63
3366,空頭出場,2025-04-01 22:35,S_Exit,21155,1,1053650,-4140,-0.39,630,0.06,-4120,-0.39,1410360,352.59
3366,空頭進場,2025-04-01 22:15,S_Cmd,21073,1,1053650,-4140,-0.39,630,0.06,-4120,-0.39,1410360,352.59
3367,空頭出場,2025-04-02 10:25,S_Exit,21301,1,1060050,-5040,-0.48,630,0.06,-5020,-0.47,1405320,351.33
3367,空頭進場,2025-04-02 10:10,S_Cmd,21201,1,1060050,-5040,-0.48,630,0.06,-5020,-0.47,1405320,351.33
3368,空頭出場,2025-04-03 04:40,S_Exit,20901,1,1060250,15160,1.43,15230,1.44,-470,-0.04,1420480,355.12
3368,空頭進場,2025-04-03 04:30,S_Cmd,21205,1,1060250,15160,1.43,15230,1.44,-470,-0.04,1420480,355.12
3369,空頭出場,2025-04-07 15:00,S_Exit,17588,1,1045650,166210,15.90,166280,15.90,-920,-0.09,1586630,396.66
3369,空頭進場,2025-04-03 04:45,S_Cmd,20913,1,1045650,166210,15.90,166280,15.90,-920,-0.09,1586630,396.66
3370,空頭出場,2025-04-07 15:00,S_Exit_Add,17588,1,958350,78910,8.23,78980,8.24,-20,0.00,1665560,416.39
3370,空頭進場,2025-04-07 08:50,S_Add,19167,1,958350,78910,8.23,78980,8.24,-20,0.00,1665560,416.39
3371,空頭出場,2025-04-07 15:00,S_Exit_Add,17588,1,958350,78910,8.23,78980,8.24,-20,0.00,1744490,436.12
3371,空頭進場,2025-04-07 08:55,S_Add,19167,1,958350,78910,8.23,78980,8.24,-20,0.00,1744490,436.12
3372,空頭出場,2025-04-07 15:00,S_Exit_G,17588,1,958350,78910,8.23,78980,8.24,-20,0.00,1823420,455.86
3372,空頭進場,2025-04-07 09:00,S_G_進,19167,1,958350,78910,8.23,78980,8.24,-20,0.00,1823420,455.86
3373,空頭出場,2025-04-08 15:25,Trend Rev,18336,1,914600,-2240,-0.24,14430,1.58,-4170,-0.46,1821160,455.29
3373,空頭進場,2025-04-08 10:30,S_Cmd,18292,1,914600,-2240,-0.24,14430,1.58,-4170,-0.46,1821160,455.29
3374,空頭出場,2025-04-08 15:25,Trend Rev,18336,1,900750,-16090,-1.79,580,0.06,-16970,-1.88,1805090,451.27
3374,空頭進場,2025-04-08 11:15,S_Add,18015,1,900750,-16090,-1.79,580,0.06,-16970,-1.88,1805090,451.27
3375,空頭出場,2025-04-09 01:10,S_Exit,18245,1,923650,11360,1.23,11430,1.24,-1020,-0.11,1816430,454.11
3375,空頭進場,2025-04-09 00:35,S_Cmd,18473,1,923650,11360,1.23,11430,1.24,-1020,-0.11,1816430,454.11
3376,空頭出場,2025-04-09 01:25,S_Exit_Add,18124,1,917250,11010,1.20,11080,1.21,-1420,-0.15,1827460,456.87
3376,空頭進場,2025-04-09 01:00,S_Add,18345,1,917250,11010,1.20,11080,1.21,-1420,-0.15,1827460,456.87
3377,空頭出場,2025-04-09 03:35,S_Exit,17741,1,905400,18310,2.02,18380,2.03,-970,-0.11,1845750,461.44
3377,空頭進場,2025-04-09 03:05,S_Cmd,18108,1,905400,18310,2.02,18380,2.03,-970,-0.11,1845750,461.44
3378,空頭出場,2025-04-09 09:10,S_Exit_Add,18276,1,894650,-19190,-2.14,8480,0.95,-19170,-2.14,1826580,456.65
3378,空頭進場,2025-04-09 03:20,S_Add,17893,1,894650,-19190,-2.14,8480,0.95,-19170,-2.14,1826580,456.65
3379,空頭出場,2025-04-09 12:05,S_Exit,17335,1,882050,15260,1.73,15330,1.74,-870,-0.10,1841840,460.46
3379,空頭進場,2025-04-09 11:15,S_Cmd,17641,1,882050,15260,1.73,15330,1.74,-870,-0.10,1841840,460.46
3380,空頭出場,2025-04-09 15:30,S_Exit,17608,1,866750,-13690,-1.58,9830,1.13,-13670,-1.58,1828150,457.04
3380,空頭進場,2025-04-09 12:10,S_Cmd,17335,1,866750,-13690,-1.58,9830,1.13,-13670,-1.58,1828150,457.04
3381,空頭出場,2025-04-10 00:15,Trend Rev,17492,1,863200,-11440,-1.33,2280,0.26,-11770,-1.36,1816710,454.18
3381,空頭進場,2025-04-09 22:55,S_Cmd,17264,1,863200,-11440,-1.33,2280,0.26,-11770,-1.36,1816710,454.18
3382,空頭出場,2025-04-10 22:35,Trend Rev,19140,1,946850,-10190,-1.08,230,0.02,-10970,-1.16,1806520,451.63
3382,空頭進場,2025-04-10 22:15,S_Cmd,18937,1,946850,-10190,-1.08,230,0.02,-10970,-1.16,1806520,451.63
3383,空頭出場,2025-04-11 00:00,S_Exit,18608,1,945100,14660,1.55,14730,1.56,-1070,-0.11,1821160,455.29
3383,空頭進場,2025-04-10 23:30,S_Cmd,18902,1,945100,14660,1.55,14730,1.56,-1070,-0.11,1821160,455.29
3384,空頭出場,2025-04-11 00:20,S_Exit_Add,18385,1,934700,15410,1.65,15480,1.66,-2420,-0.26,1836590,459.15
3384,空頭進場,2025-04-11 00:00,S_Add,18694,1,934700,15410,1.65,15480,1.66,-2420,-0.26,1836590,459.15
3385,空頭出場,2025-04-11 09:15,S_Exit,18766,1,926300,-12040,-1.30,3580,0.39,-12020,-1.30,1824550,456.14
3385,空頭進場,2025-04-11 09:05,S_Cmd,18526,1,926300,-12040,-1.30,3580,0.39,-12020,-1.30,1824550,456.14
3386,多頭出場,2025-04-14 08:45,L_Exit,19845,1,971850,20360,2.09,20430,2.10,-4020,-0.41,1844910,461.23
3386,多頭進場,2025-04-12 00:00,L_Cmd,19437,1,971850,20360,2.09,20430,2.10,-4020,-0.41,1844910,461.23
3387,多頭出場,2025-04-14 09:20,L_Exit,19697,1,993650,-8840,-0.89,5380,0.54,-8820,-0.89,1836070,459.02
3387,多頭進場,2025-04-14 09:05,L_Cmd,19873,1,993650,-8840,-0.89,5380,0.54,-8820,-0.89,1836070,459.02
3388,多頭出場,2025-04-14 23:30,Trend Rev,19493,1,979000,-4390,-0.45,2730,0.28,-4470,-0.46,1831680,457.92
3388,多頭進場,2025-04-14 22:30,L_Cmd,19580,1,979000,-4390,-0.45,2730,0.28,-4470,-0.46,1831680,457.92
3389,多頭出場,2025-04-15 03:50,L_Exit,19514,1,980350,-4690,-0.48,880,0.09,-4670,-0.48,1826990,456.75
3389,多頭進場,2025-04-15 03:10,L_Cmd,19607,1,980350,-4690,-0.48,880,0.09,-4670,-0.48,1826990,456.75
3390,多頭出場,2025-04-15 10:15,L_Exit,19762,1,980200,7860,0.80,7930,0.81,-4420,-0.45,1834810,458.70
3390,多頭進場,2025-04-15 08:55,L_Cmd,19604,1,980200,7860,0.80,7930,0.81,-4420,-0.45,1834810,458.70
3391,多頭出場,2025-04-15 15:05,L_Exit_Add,19837,1,984050,7760,0.79,7830,0.80,-420,-0.04,1842550,460.64
3391,多頭進場,2025-04-15 10:05,L_Add,19681,1,984050,7760,0.79,7830,0.80,-420,-0.04,1842550,460.64
3392,多頭出場,2025-04-15 16:05,L_G_Cut,19781,1,985900,3110,0.32,7480,0.76,-1220,-0.12,1845680,461.42
3392,多頭進場,2025-04-15 10:10,L_Add,19718,1,985900,3110,0.32,7480,0.76,-1220,-0.12,1845680,461.42
3393,多頭出場,2025-04-15 19:50,Trend Rev,19731,1,988500,-1990,-0.20,4880,0.49,-2020,-0.20,1843710,460.93
3393,多頭進場,2025-04-15 10:50,L_Add,19770,1,988500,-1990,-0.20,4880,0.49,-2020,-0.20,1843710,460.93
3394,多頭出場,2025-04-15 19:50,Trend Rev,19731,1,991000,-4490,-0.45,2380,0.24,-4520,-0.46,1839240,459.81
3394,多頭進場,2025-04-15 11:30,L_G_進,19820,1,991000,-4490,-0.45,2380,0.24,-4520,-0.46,1839240,459.81
3395,多頭出場,2025-04-15 22:10,L_Exit,19886,1,989750,4510,0.46,4580,0.46,-370,-0.04,1843730,460.93
3395,多頭進場,2025-04-15 21:30,L_Cmd,19795,1,989750,4510,0.46,4580,0.46,-370,-0.04,1843730,460.93
3396,多頭出場,2025-04-15 22:20,L_Exit_Add,19734,1,991900,-5240,-0.53,2430,0.24,-5220,-0.53,1838510,459.63
3396,多頭進場,2025-04-15 21:40,L_Add,19838,1,991900,-5240,-0.53,2430,0.24,-5220,-0.53,1838510,459.63
3397,空頭出場,2025-04-16 15:20,S_Exit,19257,1,969300,6410,0.66,6480,0.67,-2820,-0.29,1844920,461.23
3397,空頭進場,2025-04-16 10:55,S_Cmd,19386,1,969300,6410,0.66,6480,0.67,-2820,-0.29,1844920,461.23
3398,空頭出場,2025-04-17 03:50,S_Exit,19107,1,950400,-4990,-0.53,30,0.00,-4970,-0.52,1839930,459.98
3398,空頭進場,2025-04-17 03:30,S_Cmd,19008,1,950400,-4990,-0.53,30,0.00,-4970,-0.52,1839930,459.98
3399,空頭出場,2025-04-17 12:45,Trend Rev,19299,1,963400,-1590,-0.17,80,0.01,-1870,-0.19,1838340,459.59
3399,空頭進場,2025-04-17 12:40,S_Cmd,19268,1,963400,-1590,-0.17,80,0.01,-1870,-0.19,1838340,459.59
3400,空頭出場,2025-04-18 00:25,Trend Rev,19393,1,966000,-3690,-0.38,3330,0.34,-3770,-0.39,1834650,458.66
3400,空頭進場,2025-04-17 22:25,S_Cmd,19320,1,966000,-3690,-0.38,3330,0.34,-3770,-0.39,1834650,458.66
3401,空頭出場,2025-04-18 08:45,S_Exit,19377,1,965550,-3340,-0.35,1880,0.19,-3320,-0.34,1831310,457.83
3401,空頭進場,2025-04-18 03:50,S_Cmd,19311,1,965550,-3340,-0.35,1880,0.19,-3320,-0.34,1831310,457.83
3402,空頭出場,2025-04-19 00:10,Trend Rev,19341,1,965550,-1540,-0.16,80,0.01,-2820,-0.29,1829770,457.44
3402,空頭進場,2025-04-18 11:50,S_Cmd,19311,1,965550,-1540,-0.16,80,0.01,-2820,-0.29,1829770,457.44
3403,空頭出場,2025-04-21 09:00,S_Exit,19208,1,964000,3560,0.37,3630,0.38,-2120,-0.22,1833330,458.33
3403,空頭進場,2025-04-21 08:50,S_Cmd,19280,1,964000,3560,0.37,3630,0.38,-2120,-0.22,1833330,458.33
3404,空頭出場,2025-04-21 09:15,S_Exit,19079,1,960800,6810,0.71,6880,0.72,-270,-0.03,1840120,460.03
3404,空頭進場,2025-04-21 09:05,S_Cmd,19216,1,960800,6810,0.71,6880,0.72,-270,-0.03,1840120,460.03
3405,空頭出場,2025-04-21 10:40,S_Exit_Add,19038,1,957000,5060,0.53,5130,0.54,-2820,-0.29,1845180,461.29
3405,空頭進場,2025-04-21 09:15,S_Add,19140,1,957000,5060,0.53,5130,0.54,-2820,-0.29,1845180,461.29
3406,空頭出場,2025-04-21 22:00,S_Exit_Add,18956,1,953950,6110,0.64,6180,0.65,-5870,-0.62,1851310,462.83
3406,空頭進場,2025-04-21 09:20,S_Add,19079,1,953950,6110,0.64,6180,0.65,-5870,-0.62,1851310,462.83
3407,空頭出場,2025-04-21 23:45,S_Exit,18797,1,945100,5210,0.55,5280,0.56,-1770,-0.19,1856500,464.13
3407,空頭進場,2025-04-21 22:20,S_Cmd,18902,1,945100,5210,0.55,5280,0.56,-1770,-0.19,1856500,464.13
3408,空頭出場,2025-04-22 08:50,Trend Rev,18956,1,941150,-6690,-0.71,3530,0.38,-7370,-0.78,1849830,462.46
3408,空頭進場,2025-04-21 23:35,S_Add,18823,1,941150,-6690,-0.71,3530,0.38,-7370,-0.78,1849830,462.46
3409,空頭出場,2025-04-22 16:25,Trend Rev,18877,1,943350,-540,-0.06,4680,0.50,-1070,-0.11,1849270,462.32
3409,空頭進場,2025-04-22 10:55,S_Cmd,18867,1,943350,-540,-0.06,4680,0.50,-1070,-0.11,1849270,462.32
3410,空頭出場,2025-04-22 16:25,Trend Rev,18877,1,939100,-4790,-0.51,430,0.05,-5320,-0.57,1844500,461.13
3410,空頭進場,2025-04-22 11:15,S_Add,18782,1,939100,-4790,-0.51,430,0.05,-5320,-0.57,1844500,461.13
3411,多頭出場,2025-04-23 16:10,L_Exit_Add,19631,1,972750,8760,0.90,8830,0.91,-570,-0.06,1853220,463.31
3411,多頭進場,2025-04-23 10:30,L_Cmd,19455,1,972750,8760,0.90,8830,0.91,-570,-0.06,1853220,463.31
3412,多頭出場,2025-04-23 16:15,L_Exit,19649,1,977000,5410,0.55,5480,0.56,-1470,-0.15,1858650,464.66
3412,多頭進場,2025-04-23 12:10,L_Add,19540,1,977000,5410,0.55,5480,0.56,-1470,-0.15,1858650,464.66
3413,多頭出場,2025-04-23 19:00,L_Exit_Add,19686,1,979600,4660,0.48,4730,0.48,-4070,-0.42,1863330,465.83
3413,多頭進場,2025-04-23 12:35,L_Add,19592,1,979600,4660,0.48,4730,0.48,-4070,-0.42,1863330,465.83
3414,多頭出場,2025-04-24 09:15,L_Exit,19585,1,983650,-4440,-0.45,480,0.05,-4420,-0.45,1858890,464.72
3414,多頭進場,2025-04-24 09:00,L_Cmd,19673,1,983650,-4440,-0.45,480,0.05,-4420,-0.45,1858890,464.72
3415,多頭出場,2025-04-24 21:55,L_Exit,19709,1,979150,6260,0.64,6330,0.65,-1670,-0.17,1865110,466.28
3415,多頭進場,2025-04-24 21:05,L_Cmd,19583,1,979150,6260,0.64,6330,0.65,-1670,-0.17,1865110,466.28
3416,多頭出場,2025-04-24 22:35,L_Exit_Add,19758,1,982200,5660,0.58,5730,0.58,-420,-0.04,1870750,467.69
3416,多頭進場,2025-04-24 21:45,L_Add,19644,1,982200,5660,0.58,5730,0.58,-420,-0.04,1870750,467.69
3417,多頭出場,2025-04-24 23:05,L_Exit_G,19772,1,983800,4760,0.48,4830,0.49,-570,-0.06,1875510,468.88
3417,多頭進場,2025-04-24 21:55,L_Add,19676,1,983800,4760,0.48,4830,0.49,-570,-0.06,1875510,468.88
3418,多頭出場,2025-04-24 23:10,L_Exit_Add,19796,1,985200,4560,0.46,4630,0.47,-1320,-0.13,1880090,470.02
3418,多頭進場,2025-04-24 22:00,L_Add,19704,1,985200,4560,0.46,4630,0.47,-1320,-0.13,1880090,470.02
3419,多頭出場,2025-04-24 23:15,L_Exit_G,19803,1,986350,3760,0.38,3830,0.39,-1370,-0.14,1883850,470.96
3419,多頭進場,2025-04-24 22:25,L_G_進,19727,1,986350,3760,0.38,3830,0.39,-1370,-0.14,1883850,470.96
3420,多頭出場,2025-04-24 23:50,L_Exit_Add,19810,1,988000,2460,0.25,2530,0.26,-870,-0.09,1886330,471.58
3420,多頭進場,2025-04-24 23:05,L_G_進,19760,1,988000,2460,0.25,2530,0.26,-870,-0.09,1886330,471.58
3421,多頭出場,2025-04-25 00:55,L_Exit_Add,19897,1,989700,5110,0.52,5180,0.52,-2570,-0.26,1891420,472.86
3421,多頭進場,2025-04-24 23:15,L_Add,19794,1,989700,5110,0.52,5180,0.52,-2570,-0.26,1891420,472.86
3422,多頭出場,2025-04-25 03:50,L_Exit_Add,19917,1,992200,3610,0.36,3680,0.37,-270,-0.03,1895030,473.76
3422,多頭進場,2025-04-25 00:30,L_Add,19844,1,992200,3610,0.36,3680,0.37,-270,-0.03,1895030,473.76
3423,多頭出場,2025-04-25 04:10,L_Exit_Add,19945,1,993550,3660,0.37,3730,0.38,-1420,-0.14,1898710,474.68
3423,多頭進場,2025-04-25 00:35,L_Add,19871,1,993550,3660,0.37,3730,0.38,-1420,-0.14,1898710,474.68
3424,多頭出場,2025-04-25 08:45,L_Exit_Add,19982,1,995000,4060,0.41,4130,0.42,-320,-0.03,1902790,475.70
3424,多頭進場,2025-04-25 03:45,L_Add,19900,1,995000,4060,0.41,4130,0.42,-320,-0.03,1902790,475.70
3425,多頭出場,2025-04-25 12:55,L_Exit,19864,1,997700,-4540,-0.46,230,0.02,-4520,-0.45,1898250,474.56
3425,多頭進場,2025-04-25 12:10,L_Cmd,19954,1,997700,-4540,-0.46,230,0.02,-4520,-0.45,1898250,474.56
3426,多頭出場,2025-04-28 15:00,Trend Rev,20000,1,999500,460,0.05,1230,0.12,-1470,-0.15,1898710,474.68
3426,多頭進場,2025-04-28 12:40,L_Cmd,19990,1,999500,460,0.05,1230,0.12,-1470,-0.15,1898710,474.68
3427,多頭出場,2025-04-29 09:05,L_Exit,20049,1,997650,4760,0.48,4830,0.48,-620,-0.06,1903430,475.86
3427,多頭進場,2025-04-29 03:05,L_Cmd,19953,1,997650,4760,0.48,4830,0.48,-620,-0.06,1903430,475.86
3428,多頭出場,2025-04-29 10:00,L_Exit_Add,20108,1,1000000,5360,0.54,5430,0.54,-1870,-0.19,1908810,477.20
3428,多頭進場,2025-04-29 03:55,L_Add,20000,1,1000000,5360,0.54,5430,0.54,-1870,-0.19,1908810,477.20
3429,多頭出場,2025-04-29 10:00,L_Exit_Add,20108,1,1001150,4210,0.42,4280,0.43,-3020,-0.30,1913040,478.26
3429,多頭進場,2025-04-29 08:55,L_Add,20023,1,1001150,4210,0.42,4280,0.43,-3020,-0.30,1913040,478.26
3430,多頭出場,2025-04-29 18:50,Trend Rev,20102,1,1005000,60,0.01,5280,0.53,-870,-0.09,1913080,478.27
3430,多頭進場,2025-04-29 10:05,L_Cmd,20100,1,1005000,60,0.01,5280,0.53,-870,-0.09,1913080,478.27
3431,多頭出場,2025-04-29 18:50,Trend Rev,20102,1,1009350,-4290,-0.43,930,0.09,-4870,-0.48,1908810,477.20
3431,多頭進場,2025-04-29 10:15,L_Add,20187,1,1009350,-4290,-0.43,930,0.09,-4870,-0.48,1908810,477.20
3432,多頭出場,2025-04-30 00:50,Trend Rev,20113,1,1008000,-2390,-0.24,1680,0.17,-2820,-0.28,1906420,476.61
3432,多頭進場,2025-04-29 22:10,L_Cmd,20160,1,1008000,-2390,-0.24,1680,0.17,-2820,-0.28,1906420,476.61
3433,多頭出場,2025-04-30 10:55,Trend Rev,20156,1,1009500,-1740,-0.17,3780,0.37,-3220,-0.32,1904660,476.17
3433,多頭進場,2025-04-30 09:40,L_Cmd,20190,1,1009500,-1740,-0.17,3780,0.37,-3220,-0.32,1904660,476.17
3434,多頭出場,2025-04-30 10:55,Trend Rev,20156,1,1012250,-4490,-0.44,1030,0.10,-4920,-0.49,1900190,475.05
3434,多頭進場,2025-04-30 10:25,L_Add,20245,1,1012250,-4490,-0.44,1030,0.10,-4920,-0.49,1900190,475.05
3435,多頭出場,2025-04-30 20:20,Trend Rev,20170,1,1007600,860,0.09,5130,0.51,-1120,-0.11,1901050,475.26
3435,多頭進場,2025-04-30 13:10,L_Cmd,20152,1,1007600,860,0.09,5130,0.51,-1120,-0.11,1901050,475.26
3436,多頭出場,2025-05-01 04:55,L_Exit,20406,1,1012000,8260,0.82,8480,0.84,-2020,-0.20,1909310,477.33
3436,多頭進場,2025-05-01 03:55,L_Cmd,20240,1,1012000,8260,0.82,8480,0.84,-2020,-0.20,1909310,477.33
3437,多頭出場,2025-05-02 20:30,L_Exit_Add,20756,1,1028150,9610,0.93,9680,0.94,-4170,-0.41,1918880,479.72
3437,多頭進場,2025-05-02 09:15,L_Cmd,20563,1,1028150,9610,0.93,9680,0.94,-4170,-0.41,1918880,479.72
3438,多頭出場,2025-05-02 20:35,L_Exit,20796,1,1032850,6910,0.67,6980,0.68,-1670,-0.16,1925810,481.45
3438,多頭進場,2025-05-02 11:35,L_Add,20657,1,1032850,6910,0.67,6980,0.68,-1670,-0.16,1925810,481.45
3439,多頭出場,2025-05-02 20:35,L_Exit_Add,20796,1,1035050,4710,0.46,4780,0.46,-3870,-0.37,1930540,482.64
3439,多頭進場,2025-05-02 13:25,L_Add,20701,1,1035050,4710,0.46,4780,0.46,-3870,-0.37,1930540,482.64
3440,多頭出場,2025-05-03 01:50,L_Exit,20787,1,1043750,-4440,-0.43,1230,0.12,-4420,-0.42,1926100,481.53
3440,多頭進場,2025-05-03 00:05,L_Cmd,20875,1,1043750,-4440,-0.43,1230,0.12,-4420,-0.42,1926100,481.53
3441,多頭出場,2025-05-06 12:55,L_G_Cut,20406,1,1015350,4910,0.48,8780,0.86,-2120,-0.21,1930950,482.74
3441,多頭進場,2025-05-06 09:15,L_Cmd,20307,1,1015350,4910,0.48,8780,0.86,-2120,-0.21,1930950,482.74
3442,多頭出場,2025-05-06 13:20,Trend Rev,20337,1,1020500,-3690,-0.36,3630,0.36,-4020,-0.39,1927280,481.82
3442,多頭進場,2025-05-06 10:10,L_Add,20410,1,1020500,-3690,-0.36,3630,0.36,-4020,-0.39,1927280,481.82
3443,多頭出場,2025-05-06 13:20,Trend Rev,20337,1,1022200,-5390,-0.53,1930,0.19,-5720,-0.56,1921910,480.48
3443,多頭進場,2025-05-06 10:40,L_Add,20444,1,1022200,-5390,-0.53,1930,0.19,-5720,-0.56,1921910,480.48
3444,多頭出場,2025-05-06 13:20,Trend Rev,20337,1,1023600,-6790,-0.66,530,0.05,-7120,-0.70,1915140,478.79
3444,多頭進場,2025-05-06 11:35,L_G_進,20472,1,1023600,-6790,-0.66,530,0.05,-7120,-0.70,1915140,478.79
3445,多頭出場,2025-05-07 00:10,L_Exit,20433,1,1014100,7510,0.74,7580,0.75,-1070,-0.11,1922630,480.66
3445,多頭進場,2025-05-06 22:25,L_Cmd,20282,1,1014100,7510,0.74,7580,0.75,-1070,-0.11,1922630,480.66
3446,多頭出場,2025-05-07 01:00,Trend Rev,20283,1,1017050,-2940,-0.29,4680,0.46,-3170,-0.31,1919690,479.92
3446,多頭進場,2025-05-06 23:05,L_Add,20341,1,1017050,-2940,-0.29,4680,0.46,-3170,-0.31,1919690,479.92
3447,多頭出場,2025-05-07 01:00,Trend Rev,20283,1,1021450,-7340,-0.72,280,0.03,-7570,-0.74,1912370,478.09
3447,多頭進場,2025-05-07 00:15,L_Add,20429,1,1021450,-7340,-0.72,280,0.03,-7570,-0.74,1912370,478.09
3448,多頭出場,2025-05-07 09:15,L_Exit,20398,1,1025150,-5290,-0.52,2730,0.27,-5270,-0.51,1907080,476.77
3448,多頭進場,2025-05-07 08:50,L_Cmd,20503,1,1025150,-5290,-0.52,2730,0.27,-5270,-0.51,1907080,476.77
3449,多頭出場,2025-05-07 10:55,Trend Rev,20312,1,1019100,-3540,-0.35,1030,0.10,-3720,-0.37,1903540,475.89
3449,多頭進場,2025-05-07 10:30,L_Cmd,20382,1,1019100,-3540,-0.35,1030,0.10,-3720,-0.37,1903540,475.89
3450,多頭出場,2025-05-07 22:50,Trend Rev,20411,1,1022950,-2440,-0.24,130,0.01,-2520,-0.25,1901100,475.28
3450,多頭進場,2025-05-07 22:30,L_Cmd,20459,1,1022950,-2440,-0.24,130,0.01,-2520,-0.25,1901100,475.28
3451,多頭出場,2025-05-08 01:20,Trend Rev,20384,1,1019800,-640,-0.06,380,0.04,-620,-0.06,1900460,475.12
3451,多頭進場,2025-05-08 01:00,L_Cmd,20396,1,1019800,-640,-0.06,380,0.04,-620,-0.06,1900460,475.12
3452,多頭出場,2025-05-08 03:50,L_Exit,20369,1,1026300,-7890,-0.77,4380,0.43,-7870,-0.77,1892570,473.14
3452,多頭進場,2025-05-08 03:45,L_Cmd,20526,1,1026300,-7890,-0.77,4380,0.43,-7870,-0.77,1892570,473.14
3453,多頭出場,2025-05-08 20:40,Trend Rev,20572,1,1031400,-2840,-0.28,3330,0.32,-6520,-0.63,1889730,472.43
3453,多頭進場,2025-05-08 09:15,L_Cmd,20628,1,1031400,-2840,-0.28,3330,0.32,-6520,-0.63,1889730,472.43
3454,多頭出場,2025-05-08 23:45,L_Exit,20795,1,1032200,7510,0.73,7580,0.73,-20,0.00,1897220,474.31
3454,多頭進場,2025-05-08 23:25,L_Cmd,20644,1,1032200,7510,0.73,7580,0.73,-20,0.00,1897220,474.31
3455,多頭出場,2025-05-09 04:00,Trend Rev,20676,1,1038600,-4840,-0.47,2480,0.24,-5620,-0.54,1892400,473.10
3455,多頭進場,2025-05-08 23:45,L_Add,20772,1,1038600,-4840,-0.47,2480,0.24,-5620,-0.54,1892400,473.10
3456,多頭出場,2025-05-09 15:35,L_Exit,20877,1,1036050,7760,0.75,7830,0.76,-1070,-0.10,1900120,475.03
3456,多頭進場,2025-05-09 10:35,L_Cmd,20721,1,1036050,7760,0.75,7830,0.76,-1070,-0.10,1900120,475.03
3457,多頭出場,2025-05-09 22:20,Trend Rev,20797,1,1040400,-590,-0.06,3830,0.37,-720,-0.07,1899550,474.89
3457,多頭進場,2025-05-09 11:55,L_Add,20808,1,1040400,-590,-0.06,3830,0.37,-720,-0.07,1899550,474.89
3458,多頭出場,2025-05-09 22:20,Trend Rev,20797,1,1041800,-1990,-0.19,2430,0.23,-2120,-0.20,1897580,474.40
3458,多頭進場,2025-05-09 12:05,L_Add,20836,1,1041800,-1990,-0.19,2430,0.23,-2120,-0.20,1897580,474.40
3459,多頭出場,2025-05-12 15:05,L_Exit,21278,1,1053250,10610,1.01,10680,1.01,-3170,-0.30,1908190,477.05
3459,多頭進場,2025-05-12 09:05,L_Cmd,21065,1,1053250,10610,1.01,10680,1.01,-3170,-0.30,1908190,477.05
3460,多頭出場,2025-05-13 09:00,L_Exit_G,21517,1,1069800,6010,0.56,6080,0.57,-1620,-0.15,1914140,478.54
3460,多頭進場,2025-05-12 23:20,L_Cmd,21396,1,1069800,6010,0.56,6080,0.57,-1620,-0.15,1914140,478.54
3461,多頭出場,2025-05-13 10:15,Trend Rev,21383,1,1072800,-3690,-0.34,3080,0.29,-3670,-0.34,1910470,477.62
3461,多頭進場,2025-05-13 00:45,L_Add,21456,1,1072800,-3690,-0.34,3080,0.29,-3670,-0.34,1910470,477.62
3462,多頭出場,2025-05-13 10:15,Trend Rev,21383,1,1073850,-4740,-0.44,2030,0.19,-4720,-0.44,1905750,476.44
3462,多頭進場,2025-05-13 01:00,L_Add,21477,1,1073850,-4740,-0.44,2030,0.19,-4720,-0.44,1905750,476.44
3463,多頭出場,2025-05-13 10:15,Trend Rev,21383,1,1075000,-5890,-0.55,880,0.08,-5870,-0.55,1899880,474.97
3463,多頭進場,2025-05-13 09:00,L_G_進,21500,1,1075000,-5890,-0.55,880,0.08,-5870,-0.55,1899880,474.97
3464,多頭出場,2025-05-13 22:35,L_Exit,21603,1,1074500,5610,0.52,5680,0.53,-920,-0.09,1905430,476.36
3464,多頭進場,2025-05-13 21:45,L_Cmd,21490,1,1074500,5610,0.52,5680,0.53,-920,-0.09,1905430,476.36
3465,多頭出場,2025-05-13 22:50,L_Exit_G,21632,1,1077350,4210,0.39,4280,0.40,-320,-0.03,1909640,477.41
3465,多頭進場,2025-05-13 22:15,L_Add,21547,1,1077350,4210,0.39,4280,0.40,-320,-0.03,1909640,477.41
3466,多頭出場,2025-05-13 23:00,L_Exit_Add,21661,1,1077950,5060,0.47,5130,0.48,-520,-0.05,1914700,478.67
3466,多頭進場,2025-05-13 22:30,L_Add,21559,1,1077950,5060,0.47,5130,0.48,-520,-0.05,1914700,478.67
3467,多頭出場,2025-05-13 23:00,L_Exit_Add,21661,1,1078750,4260,0.39,4330,0.40,-120,-0.01,1918980,479.75
3467,多頭進場,2025-05-13 22:35,L_G_進,21575,1,1078750,4260,0.39,4330,0.40,-120,-0.01,1918980,479.75
3468,多頭出場,2025-05-13 23:00,L_Exit_G,21661,1,1080050,2960,0.27,3030,0.28,-1370,-0.13,1921960,480.49
3468,多頭進場,2025-05-13 22:40,L_G_進,21601,1,1080050,2960,0.27,3030,0.28,-1370,-0.13,1921960,480.49
3469,多頭出場,2025-05-13 23:00,L_Exit_G,21661,1,1081150,1860,0.17,1930,0.18,-170,-0.02,1923840,480.96
3469,多頭進場,2025-05-13 22:55,L_G_進,21623,1,1081150,1860,0.17,1930,0.18,-170,-0.02,1923840,480.96
3470,多頭出場,2025-05-14 10:25,L_Exit,21611,1,1084150,-3640,-0.34,2280,0.21,-4670,-0.43,1920200,480.05
3470,多頭進場,2025-05-14 00:00,L_Cmd,21683,1,1084150,-3640,-0.34,2280,0.21,-4670,-0.43,1920200,480.05
3471,多頭出場,2025-05-14 15:05,L_Exit,21834,1,1084050,7610,0.70,7680,0.71,-520,-0.05,1927770,481.94
3471,多頭進場,2025-05-14 11:35,L_Cmd,21681,1,1084050,7610,0.70,7680,0.71,-520,-0.05,1927770,481.94
3472,多頭出場,2025-05-14 15:05,L_Exit_Add,21834,1,1087300,4360,0.40,4430,0.41,-870,-0.08,1932150,483.04
3472,多頭進場,2025-05-14 12:30,L_Add,21746,1,1087300,4360,0.40,4430,0.41,-870,-0.08,1932150,483.04
3473,多頭出場,2025-05-14 15:05,L_Exit_Add,21864,1,1088750,4410,0.41,4480,0.41,-2320,-0.21,1936580,484.15
3473,多頭進場,2025-05-14 12:40,L_Add,21775,1,1088750,4410,0.41,4480,0.41,-2320,-0.21,1936580,484.15
3474,多頭出場,2025-05-15 01:20,Trend Rev,21783,1,1091950,-2840,-0.26,280,0.03,-3270,-0.30,1933740,483.43
3474,多頭進場,2025-05-14 22:55,L_Cmd,21839,1,1091950,-2840,-0.26,280,0.03,-3270,-0.30,1933740,483.43
3475,多頭出場,2025-05-15 11:30,Trend Rev,21767,1,1089600,-1290,-0.12,880,0.08,-1370,-0.13,1932450,483.11
3475,多頭進場,2025-05-15 11:00,L_Cmd,21792,1,1089600,-1290,-0.12,880,0.08,-1370,-0.13,1932450,483.11
3476,多頭出場,2025-05-16 03:30,Trend Rev,21726,1,1085750,510,0.05,5080,0.47,-420,-0.04,1932920,483.23
3476,多頭進場,2025-05-15 23:25,L_Cmd,21715,1,1085750,510,0.05,5080,0.47,-420,-0.04,1932920,483.23
3477,多頭出場,2025-05-16 03:30,Trend Rev,21726,1,1088400,-2140,-0.20,2430,0.22,-2670,-0.25,1930800,482.70
3477,多頭進場,2025-05-16 00:10,L_Add,21768,1,1088400,-2140,-0.20,2430,0.22,-2670,-0.25,1930800,482.70
3478,多頭出場,2025-05-16 03:30,Trend Rev,21726,1,1089350,-3090,-0.28,1480,0.14,-3620,-0.33,1927730,481.93
3478,多頭進場,2025-05-16 00:50,L_Add,21787,1,1089350,-3090,-0.28,1480,0.14,-3620,-0.33,1927730,481.93
3479,多頭出場,2025-05-16 08:50,Trend Rev,21740,1,1089200,-2240,-0.21,180,0.02,-2620,-0.24,1925490,481.37
3479,多頭進場,2025-05-16 04:00,L_Cmd,21784,1,1089200,-2240,-0.21,180,0.02,-2620,-0.24,1925490,481.37
3480,多頭出場,2025-05-16 17:25,L_Exit,21916,1,1089350,6410,0.59,6480,0.59,-870,-0.08,1931860,482.97
3480,多頭進場,2025-05-16 09:40,L_Cmd,21787,1,1089350,6410,0.59,6480,0.59,-870,-0.08,1931860,482.97
3481,多頭出場,2025-05-16 21:35,Trend Rev,21847,1,1092250,60,0.01,4280,0.39,-3420,-0.31,1931940,482.99
3481,多頭進場,2025-05-16 10:35,L_Add,21845,1,1092250,60,0.01,4280,0.39,-3420,-0.31,1931940,482.99
3482,多頭出場,2025-05-16 21:35,Trend Rev,21847,1,1093350,-1040,-0.10,3180,0.29,-4520,-0.41,1930920,482.73
3482,多頭進場,2025-05-16 10:40,L_Add,21867,1,1093350,-1040,-0.10,3180,0.29,-4520,-0.41,1930920,482.73
3483,多頭出場,2025-05-17 04:55,Trend Rev,21828,1,1092300,-940,-0.09,2630,0.24,-1320,-0.12,1929960,482.49
3483,多頭進場,2025-05-17 00:25,L_Cmd,21846,1,1092300,-940,-0.09,2630,0.24,-1320,-0.12,1929960,482.49
3484,多頭出場,2025-05-17 04:55,Trend Rev,21828,1,1094200,-2840,-0.26,730,0.07,-2820,-0.26,1927140,481.79
3484,多頭進場,2025-05-17 03:05,L_Add,21884,1,1094200,-2840,-0.26,730,0.07,-2820,-0.26,1927140,481.79
3485,多頭出場,2025-05-19 23:35,L_Exit,21695,1,1079450,5260,0.49,5330,0.49,-320,-0.03,1932340,483.09
3485,多頭進場,2025-05-19 21:40,L_Cmd,21589,1,1079450,5260,0.49,5330,0.49,-320,-0.03,1932340,483.09
3486,多頭出場,2025-05-19 23:40,L_Exit_G,21711,1,1081650,3860,0.36,3930,0.36,-520,-0.05,1936220,484.06
3486,多頭進場,2025-05-19 22:05,L_Add,21633,1,1081650,3860,0.36,3930,0.36,-520,-0.05,1936220,484.06
3487,多頭出場,2025-05-20 00:30,L_Exit_Add,21720,1,1083000,2960,0.27,3130,0.29,-1870,-0.17,1939180,484.80
3487,多頭進場,2025-05-19 22:10,L_Add,21660,1,1083000,2960,0.27,3130,0.29,-1870,-0.17,1939180,484.80
3488,多頭出場,2025-05-20 01:00,L_Exit_Add,21736,1,1083650,3110,0.29,3180,0.29,-2520,-0.23,1942310,485.58
3488,多頭進場,2025-05-19 22:20,L_G_進,21673,1,1083650,3110,0.29,3180,0.29,-2520,-0.23,1942310,485.58
3489,多頭出場,2025-05-20 03:55,L_Exit_Add,21772,1,1085950,2610,0.24,2680,0.25,-1370,-0.13,1944920,486.23
3489,多頭進場,2025-05-20 00:30,L_Add,21719,1,1085950,2610,0.24,2680,0.25,-1370,-0.13,1944920,486.23
3490,多頭出場,2025-05-20 09:00,L_Exit_Add,21693,1,1088200,-3590,-0.33,1080,0.10,-3570,-0.33,1941350,485.34
3490,多頭進場,2025-05-20 03:55,L_Add,21764,1,1088200,-3590,-0.33,1080,0.10,-3570,-0.33,1941350,485.34
3491,空頭出場,2025-05-21 03:15,S_Exit,21457,1,1070900,-1990,-0.19,80,0.01,-1970,-0.18,1939360,484.84
3491,空頭進場,2025-05-21 03:05,S_Cmd,21418,1,1070900,-1990,-0.19,80,0.01,-1970,-0.18,1939360,484.84
3492,多頭出場,2025-05-21 09:10,L_Exit,21611,1,1075750,4760,0.44,4830,0.45,-770,-0.07,1944100,486.03
3492,多頭進場,2025-05-21 08:50,L_Cmd,21515,1,1075750,4760,0.44,4830,0.45,-770,-0.07,1944100,486.03
3493,多頭出場,2025-05-21 11:00,L_Exit_Add,21665,1,1077950,5260,0.49,5330,0.49,-1370,-0.13,1949320,487.33
3493,多頭進場,2025-05-21 09:05,L_Add,21559,1,1077950,5260,0.49,5330,0.49,-1370,-0.13,1949320,487.33
3494,多頭出場,2025-05-21 11:00,L_Exit_G,21665,1,1080400,2810,0.26,2880,0.27,-3820,-0.35,1952150,488.04
3494,多頭進場,2025-05-21 09:15,L_Add,21608,1,1080400,2810,0.26,2880,0.27,-3820,-0.35,1952150,488.04
3495,多頭出場,2025-05-21 13:00,L_Exit_G,21703,1,1081200,3910,0.36,3980,0.37,-120,-0.01,1956040,489.01
3495,多頭進場,2025-05-21 10:45,L_Add,21624,1,1081200,3910,0.36,3980,0.37,-120,-0.01,1956040,489.01
3496,多頭出場,2025-05-21 13:05,L_Exit_Add,21710,1,1081850,3610,0.33,3680,0.34,-620,-0.06,1959650,489.91
3496,多頭進場,2025-05-21 10:50,L_G_進,21637,1,1081850,3610,0.33,3680,0.34,-620,-0.06,1959650,489.91
3497,多頭出場,2025-05-21 13:05,L_Exit_G,21710,1,1083500,1960,0.18,2030,0.19,-2020,-0.19,1961630,490.41
3497,多頭進場,2025-05-21 11:10,L_Add,21670,1,1083500,1960,0.18,2030,0.19,-2020,-0.19,1961630,490.41
3498,多頭出場,2025-05-21 13:20,L_Exit_Add,21718,1,1084000,1860,0.17,2030,0.19,-770,-0.07,1963490,490.87
3498,多頭進場,2025-05-21 12:40,L_G_進,21680,1,1084000,1860,0.17,2030,0.19,-770,-0.07,1963490,490.87
3499,多頭出場,2025-05-21 13:20,L_Exit_Add,21743,1,1084750,2360,0.22,2430,0.22,-470,-0.04,1965870,491.47
3499,多頭進場,2025-05-21 13:05,L_G_進,21695,1,1084750,2360,0.22,2430,0.22,-470,-0.04,1965870,491.47
3500,多頭出場,2025-05-21 17:40,L_Exit_Add,21622,1,1085950,-4890,-0.45,1230,0.11,-4870,-0.45,1961000,490.25
3500,多頭進場,2025-05-21 13:20,L_Add,21719,1,1085950,-4890,-0.45,1230,0.11,-4870,-0.45,1961000,490.25
3501,多頭出場,2025-05-21 22:35,Trend Rev,21616,1,1082500,-1740,-0.16,130,0.01,-1920,-0.18,1959260,489.82
3501,多頭進場,2025-05-21 22:05,L_Cmd,21650,1,1082500,-1740,-0.16,130,0.01,-1920,-0.18,1959260,489.82
3502,多頭出場,2025-05-22 01:15,L_Exit,21629,1,1084550,-3140,-0.29,1780,0.16,-3120,-0.29,1956120,489.03
3502,多頭進場,2025-05-21 23:10,L_Cmd,21691,1,1084550,-3140,-0.29,1780,0.16,-3120,-0.29,1956120,489.03
3503,空頭出場,2025-05-22 13:35,Trend Rev,21506,1,1071800,-3540,-0.33,1880,0.18,-3970,-0.37,1952580,488.15
3503,空頭進場,2025-05-22 09:55,S_Cmd,21436,1,1071800,-3540,-0.33,1880,0.18,-3970,-0.37,1952580,488.15
3504,多頭出場,2025-05-23 09:00,L_Exit,21639,1,1076000,5910,0.55,5980,0.56,-2570,-0.24,1958430,489.61
3504,多頭進場,2025-05-23 00:00,L_Cmd,21520,1,1076000,5910,0.55,5980,0.56,-2570,-0.24,1958430,489.61
3505,多頭出場,2025-05-23 09:00,L_Exit_Add,21639,1,1078550,3360,0.31,3430,0.32,-3470,-0.32,1961810,490.45
3505,多頭進場,2025-05-23 03:05,L_Add,21571,1,1078550,3360,0.31,3430,0.32,-3470,-0.32,1961810,490.45
3506,多頭出場,2025-05-23 09:25,L_G_Cut,21525,1,1079850,-3640,-0.34,2130,0.20,-4270,-0.40,1958190,489.55
3506,多頭進場,2025-05-23 08:50,L_Add,21597,1,1079850,-3640,-0.34,2130,0.20,-4270,-0.40,1958190,489.55
3507,多頭出場,2025-05-23 09:30,L_Exit_Add,21510,1,1081650,-6190,-0.57,330,0.03,-6170,-0.57,1952020,488.01
3507,多頭進場,2025-05-23 09:00,L_G_進,21633,1,1081650,-6190,-0.57,330,0.03,-6170,-0.57,1952020,488.01
3508,空頭出場,2025-05-23 10:30,Trend Rev,21510,1,1073200,-2340,-0.22,1480,0.14,-2420,-0.23,1949680,487.42
3508,空頭進場,2025-05-23 10:00,S_Cmd,21464,1,1073200,-2340,-0.22,1480,0.14,-2420,-0.23,1949680,487.42
3509,空頭出場,2025-05-23 12:55,S_Exit,21373,1,1072000,3310,0.31,3380,0.32,-470,-0.04,1952970,488.24
3509,空頭進場,2025-05-23 12:05,S_Cmd,21440,1,1072000,3310,0.31,3380,0.32,-470,-0.04,1952970,488.24
3510,空頭出場,2025-05-23 15:25,Trend Rev,21483,1,1069650,-4540,-0.42,1030,0.10,-4820,-0.45,1948450,487.11
3510,空頭進場,2025-05-23 12:30,S_Add,21393,1,1069650,-4540,-0.42,1030,0.10,-4820,-0.45,1948450,487.11
3511,空頭出場,2025-05-26 23:05,S_Exit,21335,1,1068350,1560,0.15,1630,0.15,-420,-0.04,1949990,487.50
3511,空頭進場,2025-05-26 22:40,S_Cmd,21367,1,1068350,1560,0.15,1630,0.15,-420,-0.04,1949990,487.50
3512,空頭出場,2025-05-26 23:45,S_Exit_Add,21391,1,1066750,-2840,-0.27,30,0.00,-2820,-0.26,1947170,486.79
3512,空頭進場,2025-05-26 23:05,S_Add,21335,1,1066750,-2840,-0.27,30,0.00,-2820,-0.26,1947170,486.79
3513,空頭出場,2025-05-27 09:25,S_Exit,21358,1,1065300,-2640,-0.25,1680,0.16,-2620,-0.25,1944530,486.13
3513,空頭進場,2025-05-27 09:05,S_Cmd,21306,1,1065300,-2640,-0.25,1680,0.16,-2620,-0.25,1944530,486.13
3514,空頭出場,2025-05-27 11:55,S_Exit,21159,1,1062700,4710,0.44,4780,0.45,-70,-0.01,1949220,487.31
3514,空頭進場,2025-05-27 09:55,S_Cmd,21254,1,1062700,4710,0.44,4780,0.45,-70,-0.01,1949220,487.31
3515,空頭出場,2025-05-27 16:25,Trend Rev,21268,1,1059450,-3990,-0.38,2830,0.27,-4120,-0.39,1945250,486.31
3515,空頭進場,2025-05-27 10:05,S_Add,21189,1,1059450,-3990,-0.38,2830,0.27,-4120,-0.39,1945250,486.31
3516,空頭出場,2025-05-28 11:35,S_Exit,21243,1,1067050,4860,0.46,4930,0.46,-570,-0.05,1950090,487.52
3516,空頭進場,2025-05-28 09:50,S_Cmd,21341,1,1067050,4860,0.46,4930,0.46,-570,-0.05,1950090,487.52
3517,空頭出場,2025-05-28 12:30,S_Exit_Add,21179,1,1063750,4760,0.45,4830,0.45,-3220,-0.30,1954850,488.71
3517,空頭進場,2025-05-28 10:25,S_Add,21275,1,1063750,4760,0.45,4830,0.45,-3220,-0.30,1954850,488.71
3518,空頭出場,2025-05-28 18:40,Trend Rev,21285,1,1060850,-3440,-0.32,3330,0.31,-3720,-0.35,1951430,487.86
3518,空頭進場,2025-05-28 11:50,S_Add,21217,1,1060850,-3440,-0.32,3330,0.31,-3720,-0.35,1951430,487.86
3519,空頭出場,2025-05-29 04:20,S_Exit,21251,1,1060200,-2390,-0.23,530,0.05,-2370,-0.22,1949040,487.26
3519,空頭進場,2025-05-29 03:55,S_Cmd,21204,1,1060200,-2390,-0.23,530,0.05,-2370,-0.22,1949040,487.26
3520,空頭出場,2025-05-29 13:20,Trend Rev,21328,1,1064950,-1490,-0.14,1280,0.12,-1670,-0.16,1947550,486.89
3520,空頭進場,2025-05-29 13:05,S_Cmd,21299,1,1064950,-1490,-0.14,1280,0.12,-1670,-0.16,1947550,486.89
3521,空頭出場,2025-05-30 01:00,S_Exit,21088,1,1050200,-4240,-0.40,3530,0.34,-4220,-0.40,1943310,485.83
3521,空頭進場,2025-05-29 22:10,S_Cmd,21004,1,1050200,-4240,-0.40,3530,0.34,-4220,-0.40,1943310,485.83
3522,空頭出場,2025-06-02 09:20,S_Exit,20912,1,1049700,4060,0.39,4130,0.39,-2770,-0.26,1947370,486.84
3522,空頭進場,2025-06-02 08:50,S_Cmd,20994,1,1049700,4060,0.39,4130,0.39,-2770,-0.26,1947370,486.84
3523,空頭出場,2025-06-02 21:05,Trend Rev,20918,1,1043000,-2940,-0.28,3480,0.33,-3970,-0.38,1944430,486.11
3523,空頭進場,2025-06-02 09:45,S_Cmd,20860,1,1043000,-2940,-0.28,3480,0.33,-3970,-0.38,1944430,486.11
3524,空頭出場,2025-06-03 11:45,Trend Rev,21031,1,1048500,-3090,-0.29,480,0.05,-3270,-0.31,1941340,485.34
3524,空頭進場,2025-06-03 10:40,S_Cmd,20970,1,1048500,-3090,-0.29,480,0.05,-3270,-0.31,1941340,485.34
3525,多頭出場,2025-06-04 09:00,L_Exit,21323,1,1061800,4310,0.41,4380,0.41,-1770,-0.17,1945610,486.40
3525,多頭進場,2025-06-04 00:05,L_Cmd,21236,1,1061800,4310,0.41,4380,0.41,-1770,-0.17,1945610,486.40
3526,多頭出場,2025-06-04 09:05,L_Exit_Add,21353,1,1064700,2910,0.27,2980,0.28,-1670,-0.16,1948540,487.14
3526,多頭進場,2025-06-04 08:50,L_Add,21294,1,1064700,2910,0.27,2980,0.28,-1670,-0.16,1948540,487.14
3527,多頭出場,2025-06-04 09:20,L_Exit_Add,21432,1,1065400,6160,0.58,6230,0.58,-2370,-0.22,1954660,488.67
3527,多頭進場,2025-06-04 08:55,L_Add,21308,1,1065400,6160,0.58,6230,0.58,-2370,-0.22,1954660,488.67
3528,多頭出場,2025-06-04 09:20,L_Exit_G,21432,1,1067350,4210,0.39,4280,0.40,-520,-0.05,1958890,489.72
3528,多頭進場,2025-06-04 09:10,L_Add,21347,1,1067350,4210,0.39,4280,0.40,-520,-0.05,1958890,489.72
3529,多頭出場,2025-06-04 09:35,L_Exit_Add,21454,1,1068750,3910,0.37,3980,0.37,-1020,-0.10,1962780,490.70
3529,多頭進場,2025-06-04 09:15,L_Add,21375,1,1068750,3910,0.37,3980,0.37,-1020,-0.10,1962780,490.70
3530,多頭出場,2025-06-04 10:05,L_Exit_G,21470,1,1069450,4010,0.37,4080,0.38,-170,-0.02,1966810,491.70
3530,多頭進場,2025-06-04 09:20,L_G_進,21389,1,1069450,4010,0.37,4080,0.38,-170,-0.02,1966810,491.70
3531,多頭出場,2025-06-04 10:10,L_Exit_Add,21483,1,1071600,2510,0.23,2580,0.24,-770,-0.07,1969340,492.34
3531,多頭進場,2025-06-04 09:25,L_Add,21432,1,1071600,2510,0.23,2580,0.24,-770,-0.07,1969340,492.34
3532,多頭出場,2025-06-04 10:35,L_Exit_Add,21529,1,1072450,3960,0.37,4030,0.38,-1620,-0.15,1973280,493.32
3532,多頭進場,2025-06-04 09:30,L_G_進,21449,1,1072450,3960,0.37,4030,0.38,-1620,-0.15,1973280,493.32
3533,多頭出場,2025-06-04 21:40,L_Exit_Add,21575,1,1075050,3660,0.34,3730,0.35,-2370,-0.22,1976940,494.24
3533,多頭進場,2025-06-04 10:25,L_Add,21501,1,1075050,3660,0.34,3730,0.35,-2370,-0.22,1976940,494.24
3534,多頭出場,2025-06-04 22:00,L_Exit_Add,21475,1,1075800,-2090,-0.19,2980,0.28,-3120,-0.29,1974870,493.72
3534,多頭進場,2025-06-04 10:30,L_Add,21516,1,1075800,-2090,-0.19,2980,0.28,-3120,-0.29,1974870,493.72
3535,多頭出場,2025-06-04 22:05,Trend Rev,21479,1,1078000,-4090,-0.38,780,0.07,-4870,-0.45,1970800,492.70
3535,多頭進場,2025-06-04 21:40,L_Add,21560,1,1078000,-4090,-0.38,780,0.07,-4870,-0.45,1970800,492.70
3536,多頭出場,2025-06-05 09:40,L_Exit_G,21651,1,1076950,5560,0.52,5630,0.52,-1920,-0.18,1976300,494.08
3536,多頭進場,2025-06-04 22:40,L_Cmd,21539,1,1076950,5560,0.52,5630,0.52,-1920,-0.18,1976300,494.08
3537,多頭出場,2025-06-05 09:45,L_Exit,21677,1,1079400,4410,0.41,4480,0.42,-2220,-0.21,1980730,495.18
3537,多頭進場,2025-06-05 03:05,L_Add,21588,1,1079400,4410,0.41,4480,0.42,-2220,-0.21,1980730,495.18
3538,多頭出場,2025-06-05 09:45,L_Exit_Add,21677,1,1080650,3160,0.29,3230,0.30,-1670,-0.15,1983910,495.98
3538,多頭進場,2025-06-05 09:10,L_Add,21613,1,1080650,3160,0.29,3230,0.30,-1670,-0.15,1983910,495.98
3539,多頭出場,2025-06-05 10:20,L_Exit_Add,21552,1,1081350,-3790,-0.35,2530,0.23,-3770,-0.35,1980120,495.03
3539,多頭進場,2025-06-05 09:40,L_G_進,21627,1,1081350,-3790,-0.35,2530,0.23,-3770,-0.35,1980120,495.03
3540,多頭出場,2025-06-05 10:25,Trend Rev,21534,1,1083800,-7140,-0.66,30,0.00,-7170,-0.66,1973000,493.25
3540,多頭進場,2025-06-05 09:50,L_Add,21676,1,1083800,-7140,-0.66,30,0.00,-7170,-0.66,1973000,493.25
3541,多頭出場,2025-06-06 00:50,L_Exit_Add,21611,1,1081850,-1340,-0.12,5730,0.53,-1320,-0.12,1971620,492.91
3541,多頭進場,2025-06-05 22:45,L_Cmd,21637,1,1081850,-1340,-0.12,5730,0.53,-1320,-0.12,1971620,492.91
3542,多頭出場,2025-06-06 01:00,Trend Rev,21622,1,1085950,-4890,-0.45,1630,0.15,-5570,-0.51,1966750,491.69
3542,多頭進場,2025-06-05 23:20,L_Add,21719,1,1085950,-4890,-0.45,1630,0.15,-5570,-0.51,1966750,491.69
3543,多頭出場,2025-06-06 01:00,Trend Rev,21622,1,1087200,-6140,-0.56,380,0.03,-6820,-0.63,1960630,490.16
3543,多頭進場,2025-06-05 23:45,L_Add,21744,1,1087200,-6140,-0.56,380,0.03,-6820,-0.63,1960630,490.16
3544,多頭出場,2025-06-09 08:45,L_Exit,21728,1,1082550,3810,0.35,3880,0.36,-1570,-0.15,1964400,491.10
3544,多頭進場,2025-06-06 21:20,L_Cmd,21651,1,1082550,3810,0.35,3880,0.36,-1570,-0.15,1964400,491.10
3545,多頭出場,2025-06-09 08:50,L_Exit_Add,21766,1,1084650,3610,0.33,3680,0.34,-3670,-0.34,1968030,492.01
3545,多頭進場,2025-06-06 21:50,L_Add,21693,1,1084650,3610,0.33,3680,0.34,-3670,-0.34,1968030,492.01
3546,多頭出場,2025-06-09 08:55,L_Exit_Add,21774,1,1085250,3410,0.31,3480,0.32,-4270,-0.39,1971440,492.86
3546,多頭進場,2025-06-06 23:10,L_Add,21705,1,1085250,3410,0.31,3480,0.32,-4270,-0.39,1971440,492.86
3547,多頭出場,2025-06-09 09:15,L_Exit_Add,21686,1,1088150,-3890,-0.36,1230,0.11,-3870,-0.36,1967570,491.89
3547,多頭進場,2025-06-09 08:55,L_Add,21763,1,1088150,-3890,-0.36,1230,0.11,-3870,-0.36,1967570,491.89
3548,多頭出場,2025-06-09 21:35,Trend Rev,21738,1,1085300,1560,0.14,4830,0.45,-2170,-0.20,1969110,492.28
3548,多頭進場,2025-06-09 10:50,L_Cmd,21706,1,1085300,1560,0.14,4830,0.45,-2170,-0.20,1969110,492.28
3549,多頭出場,2025-06-09 21:35,Trend Rev,21738,1,1088550,-1690,-0.16,80,0.01,-1920,-0.18,1967440,491.86
3549,多頭進場,2025-06-09 21:05,L_Add,21771,1,1088550,-1690,-0.16,80,0.01,-1920,-0.18,1967440,491.86
3550,多頭出場,2025-06-10 00:35,L_Exit,21855,1,1089000,3710,0.34,3780,0.35,-220,-0.02,1971090,492.77
3550,多頭進場,2025-06-09 22:15,L_Cmd,21780,1,1089000,3710,0.34,3780,0.35,-220,-0.02,1971090,492.77
3551,多頭出場,2025-06-10 00:50,L_Exit_G,21878,1,1091800,2060,0.19,2130,0.20,-1320,-0.12,1973170,493.29
3551,多頭進場,2025-06-09 22:35,L_Add,21836,1,1091800,2060,0.19,2130,0.20,-1320,-0.12,1973170,493.29
3552,多頭出場,2025-06-10 08:55,L_Exit_Add,21893,1,1092000,2610,0.24,2680,0.25,-1520,-0.14,1975780,493.95
3552,多頭進場,2025-06-09 22:40,L_Add,21840,1,1092000,2610,0.24,2680,0.25,-1520,-0.14,1975780,493.95
3553,多頭出場,2025-06-10 08:55,L_Exit_Add,21893,1,1092500,2110,0.19,2180,0.20,-2020,-0.18,1977910,494.48
3553,多頭進場,2025-06-09 23:10,L_G_進,21850,1,1092500,2110,0.19,2180,0.20,-2020,-0.18,1977910,494.48
3554,多頭出場,2025-06-10 09:20,L_Exit_Add,21952,1,1094450,3110,0.28,3180,0.29,-1570,-0.14,1981020,495.25
3554,多頭進場,2025-06-10 08:55,L_Add,21889,1,1094450,3110,0.28,3180,0.29,-1570,-0.14,1981020,495.25
3555,多頭出場,2025-06-10 09:25,L_Exit_Add,22011,1,1096150,4360,0.40,4430,0.40,-870,-0.08,1985400,496.35
3555,多頭進場,2025-06-10 09:10,L_Add,21923,1,1096150,4360,0.40,4430,0.40,-870,-0.08,1985400,496.35
3556,多頭出場,2025-06-10 12:55,L_Exit_G,22223,1,1105050,6060,0.55,6130,0.55,-1070,-0.10,1991400,497.85
3556,多頭進場,2025-06-10 09:45,L_Cmd,22101,1,1105050,6060,0.55,6130,0.55,-1070,-0.10,1991400,497.85
3557,多頭出場,2025-06-10 13:05,L_Exit,22236,1,1107800,3960,0.36,4030,0.36,-870,-0.08,1995380,498.85
3557,多頭進場,2025-06-10 10:25,L_Add,22156,1,1107800,3960,0.36,4030,0.36,-870,-0.08,1995380,498.85
3558,多頭出場,2025-06-10 13:30,L_Exit_Add,22059,1,1109600,-6690,-0.60,2230,0.20,-6670,-0.60,1988710,497.18
3558,多頭進場,2025-06-10 10:45,L_Add,22192,1,1109600,-6690,-0.60,2230,0.20,-6670,-0.60,1988710,497.18
3559,多頭出場,2025-06-10 22:40,L_Exit_Add,22259,1,1110100,2810,0.25,2880,0.26,-8170,-0.74,1991540,497.89
3559,多頭進場,2025-06-10 11:15,L_G_進,22202,1,1110100,2810,0.25,2880,0.26,-8170,-0.74,1991540,497.89
3560,多頭出場,2025-06-11 09:00,L_Exit,22331,1,1110850,5660,0.51,5730,0.52,-2070,-0.19,1997140,499.29
3560,多頭進場,2025-06-11 00:35,L_Cmd,22217,1,1110850,5660,0.51,5730,0.52,-2070,-0.19,1997140,499.29
3561,多頭出場,2025-06-11 09:00,L_Exit_G,22331,1,1114300,2210,0.20,2280,0.20,-1170,-0.10,1999370,499.84
3561,多頭進場,2025-06-11 03:05,L_Add,22286,1,1114300,2210,0.20,2280,0.20,-1170,-0.10,1999370,499.84
3562,多頭出場,2025-06-11 09:40,L_Exit_Add,22221,1,1114750,-3740,-0.34,1830,0.16,-3720,-0.33,1995650,498.91
3562,多頭進場,2025-06-11 03:10,L_Add,22295,1,1114750,-3740,-0.34,1830,0.16,-3720,-0.33,1995650,498.91
3563,多頭出場,2025-06-11 10:20,L_Exit_Add,22212,1,1115350,-4790,-0.43,1230,0.11,-4770,-0.43,1990880,497.72
3563,多頭進場,2025-06-11 09:00,L_G_進,22307,1,1115350,-4790,-0.43,1230,0.11,-4770,-0.43,1990880,497.72
3564,多頭出場,2025-06-11 15:35,L_Exit,22410,1,1114100,6360,0.57,6430,0.58,-170,-0.02,1997220,499.31
3564,多頭進場,2025-06-11 11:15,L_Cmd,22282,1,1114100,6360,0.57,6430,0.58,-170,-0.02,1997220,499.31
3565,多頭出場,2025-06-11 16:00,L_Exit_Add,22434,1,1116700,4960,0.44,5030,0.45,-2220,-0.20,2002200,500.55
3565,多頭進場,2025-06-11 11:50,L_Add,22334,1,1116700,4960,0.44,5030,0.45,-2220,-0.20,2002200,500.55
3566,多頭出場,2025-06-12 00:20,Trend Rev,22386,1,1122800,-3540,-0.32,1030,0.09,-3570,-0.32,1998660,499.67
3566,多頭進場,2025-06-11 22:20,L_Cmd,22456,1,1122800,-3540,-0.32,1030,0.09,-3570,-0.32,1998660,499.67
3567,多頭出場,2025-06-12 21:55,Trend Rev,22213,1,1111050,-440,-0.04,1030,0.09,-670,-0.06,1998220,499.55
3567,多頭進場,2025-06-12 21:40,L_Cmd,22221,1,1111050,-440,-0.04,1030,0.09,-670,-0.06,1998220,499.55
3568,多頭出場,2025-06-13 08:45,L_Exit,21971,1,1112550,-14040,-1.26,4880,0.44,-14020,-1.26,1984140,496.04
3568,多頭進場,2025-06-12 22:15,L_Cmd,22251,1,1112550,-14040,-1.26,4880,0.44,-14020,-1.26,1984140,496.04
3569,多頭出場,2025-06-13 08:45,L_Exit_Add,21971,1,1115000,-16490,-1.48,2430,0.22,-16470,-1.48,1967670,491.92
3569,多頭進場,2025-06-12 22:25,L_Add,22300,1,1115000,-16490,-1.48,2430,0.22,-16470,-1.48,1967670,491.92
3570,多頭出場,2025-06-13 08:45,L_Exit_Add,21971,1,1117100,-18590,-1.66,80,0.01,-18570,-1.66,1949100,487.28
3570,多頭進場,2025-06-12 23:05,L_Add,22342,1,1117100,-18590,-1.66,80,0.01,-18570,-1.66,1949100,487.28
3571,多頭出場,2025-06-13 22:25,L_Exit,21987,1,1101900,-2590,-0.24,1880,0.17,-2570,-0.23,1946510,486.63
3571,多頭進場,2025-06-13 21:35,L_Cmd,22038,1,1101900,-2590,-0.24,1880,0.17,-2570,-0.23,1946510,486.63
3572,多頭出場,2025-06-14 02:20,Trend Rev,22058,1,1104250,-1390,-0.13,3030,0.27,-2070,-0.19,1945100,486.28
3572,多頭進場,2025-06-13 23:15,L_Cmd,22085,1,1104250,-1390,-0.13,3030,0.27,-2070,-0.19,1945100,486.28
3573,多頭出場,2025-06-14 02:20,Trend Rev,22058,1,1106900,-4040,-0.36,380,0.03,-4720,-0.43,1941080,485.27
3573,多頭進場,2025-06-14 00:20,L_Add,22138,1,1106900,-4040,-0.36,380,0.03,-4720,-0.43,1941080,485.27
3574,空頭出場,2025-06-16 09:10,S_Exit,21967,1,1094850,-3540,-0.32,1430,0.13,-3520,-0.32,1937540,484.39
3574,空頭進場,2025-06-16 09:05,S_Cmd,21897,1,1094850,-3540,-0.32,1430,0.13,-3520,-0.32,1937540,484.39
3575,多頭出場,2025-06-16 22:00,L_Exit,22194,1,1106000,3660,0.33,3730,0.34,-1270,-0.11,1941180,485.29
3575,多頭進場,2025-06-16 21:35,L_Cmd,22120,1,1106000,3660,0.33,3730,0.34,-1270,-0.11,1941180,485.29
3576,多頭出場,2025-06-16 22:30,L_Exit_Add,22246,1,1108600,3660,0.33,3730,0.34,-20,0.00,1944820,486.21
3576,多頭進場,2025-06-16 22:00,L_Add,22172,1,1108600,3660,0.33,3730,0.34,-20,0.00,1944820,486.21
3577,多頭出場,2025-06-16 23:20,L_Exit_Add,22276,1,1110100,3660,0.33,3730,0.34,-270,-0.02,1948460,487.12
3577,多頭進場,2025-06-16 22:20,L_Add,22202,1,1110100,3660,0.33,3730,0.34,-270,-0.02,1948460,487.12
3578,多頭出場,2025-06-17 01:10,L_G_Cut,22217,1,1111300,-490,-0.04,2530,0.23,-770,-0.07,1947990,487.00
3578,多頭進場,2025-06-16 22:30,L_Add,22226,1,1111300,-490,-0.04,2530,0.23,-770,-0.07,1947990,487.00
3579,多頭出場,2025-06-17 08:45,L_Exit_Add,22143,1,1112350,-5240,-0.47,1480,0.13,-5220,-0.47,1942770,485.69
3579,多頭進場,2025-06-16 22:35,L_Add,22247,1,1112350,-5240,-0.47,1480,0.13,-5220,-0.47,1942770,485.69
3580,多頭出場,2025-06-17 09:20,Trend Rev,22153,1,1113200,-5590,-0.50,630,0.06,-6620,-0.59,1937200,484.30
3580,多頭進場,2025-06-16 23:20,L_G_進,22264,1,1113200,-5590,-0.50,630,0.06,-6620,-0.59,1937200,484.30
3581,多頭出場,2025-06-17 10:10,Trend Rev,22171,1,1111750,-3240,-0.29,80,0.01,-3270,-0.29,1933960,483.49
3581,多頭進場,2025-06-17 09:55,L_Cmd,22235,1,1111750,-3240,-0.29,80,0.01,-3270,-0.29,1933960,483.49
3582,多頭出場,2025-06-17 15:00,L_Exit,21780,1,1107450,-18490,-1.67,1080,0.10,-18470,-1.67,1915470,478.87
3582,多頭進場,2025-06-17 13:35,L_Cmd,22149,1,1107450,-18490,-1.67,1080,0.10,-18470,-1.67,1915470,478.87
3583,空頭出場,2025-06-18 08:45,S_Exit,21714,1,1083900,-1840,-0.17,130,0.01,-1820,-0.17,1913630,478.41
3583,空頭進場,2025-06-18 04:20,S_Cmd,21678,1,1083900,-1840,-0.17,130,0.01,-1820,-0.17,1913630,478.41
3584,空頭出場,2025-06-19 08:55,S_Exit,21839,1,1089350,-2640,-0.24,330,0.03,-2620,-0.24,1910990,477.75
3584,空頭進場,2025-06-19 08:50,S_Cmd,21787,1,1089350,-2640,-0.24,330,0.03,-2620,-0.24,1910990,477.75
3585,空頭出場,2025-06-19 10:40,S_Exit,21685,1,1088800,4510,0.41,4580,0.42,-1420,-0.13,1915480,478.87
3585,空頭進場,2025-06-19 09:05,S_Cmd,21776,1,1088800,4510,0.41,4580,0.42,-1420,-0.13,1915480,478.87
3586,空頭出場,2025-06-19 15:20,S_Exit_Add,21612,1,1085850,5210,0.48,5280,0.49,-1920,-0.18,1920710,480.18
3586,空頭進場,2025-06-19 09:40,S_Add,21717,1,1085850,5210,0.48,5280,0.49,-1920,-0.18,1920710,480.18
3587,空頭出場,2025-06-19 23:55,S_Exit,21469,1,1076050,2560,0.24,2630,0.24,-620,-0.06,1923270,480.82
3587,空頭進場,2025-06-19 22:35,S_Cmd,21521,1,1076050,2560,0.24,2630,0.24,-620,-0.06,1923270,480.82
3588,空頭出場,2025-06-20 01:25,S_Exit,21514,1,1073650,-2090,-0.19,30,0.00,-2070,-0.19,1921180,480.30
3588,空頭進場,2025-06-20 00:00,S_Cmd,21473,1,1073650,-2090,-0.19,30,0.00,-2070,-0.19,1921180,480.30
3589,空頭出場,2025-06-20 04:55,S_Exit,21572,1,1077400,-1240,-0.12,780,0.07,-1220,-0.11,1919940,479.99
3589,空頭進場,2025-06-20 04:05,S_Cmd,21548,1,1077400,-1240,-0.12,780,0.07,-1220,-0.11,1919940,479.99
3590,空頭出場,2025-06-20 11:30,Trend Rev,21577,1,1076400,-2490,-0.23,2930,0.27,-2520,-0.23,1917450,479.36
3590,空頭進場,2025-06-20 09:40,S_Cmd,21528,1,1076400,-2490,-0.23,2930,0.27,-2520,-0.23,1917450,479.36
3591,空頭出場,2025-06-20 23:00,S_Exit,21409,1,1076750,6260,0.58,6330,0.59,-120,-0.01,1923690,480.92
3591,空頭進場,2025-06-20 22:45,S_Cmd,21535,1,1076750,6260,0.58,6330,0.59,-120,-0.01,1923690,480.92
3592,空頭出場,2025-06-23 08:50,S_Exit_Add,21326,1,1072100,5760,0.54,6080,0.57,-4620,-0.43,1929450,482.36
3592,空頭進場,2025-06-20 22:55,S_Add,21442,1,1072100,5760,0.54,6080,0.57,-4620,-0.43,1929450,482.36
3593,空頭出場,2025-06-23 09:00,S_Exit_Add,21231,1,1066250,4660,0.44,4730,0.44,-370,-0.03,1934130,483.53
3593,空頭進場,2025-06-23 08:50,S_Add,21325,1,1066250,4660,0.44,4730,0.44,-370,-0.03,1934130,483.53
3594,空頭出場,2025-06-24 00:30,S_Exit,21402,1,1073450,3310,0.31,3380,0.31,-70,-0.01,1937440,484.36
3594,空頭進場,2025-06-24 00:25,S_Cmd,21469,1,1073450,3310,0.31,3380,0.31,-70,-0.01,1937440,484.36
3595,多頭出場,2025-06-24 23:10,L_Exit,22074,1,1099300,4360,0.40,4430,0.40,-1770,-0.16,1941740,485.44
3595,多頭進場,2025-06-24 21:45,L_Cmd,21986,1,1099300,4360,0.40,4430,0.40,-1770,-0.16,1941740,485.44
3596,多頭出場,2025-06-25 00:40,L_Exit_G,22089,1,1101500,2910,0.26,2980,0.27,-770,-0.07,1944650,486.16
3596,多頭進場,2025-06-24 22:35,L_Add,22030,1,1101500,2910,0.26,2980,0.27,-770,-0.07,1944650,486.16
3597,多頭出場,2025-06-25 02:00,L_Exit_Add,22118,1,1102650,3210,0.29,3280,0.30,-970,-0.09,1947880,486.97
3597,多頭進場,2025-06-24 23:05,L_Add,22053,1,1102650,3210,0.29,3280,0.30,-970,-0.09,1947880,486.97
3598,多頭出場,2025-06-25 02:00,L_Exit_G,22118,1,1103000,2860,0.26,2930,0.27,-1320,-0.12,1950760,487.69
3598,多頭進場,2025-06-24 23:10,L_G_進,22060,1,1103000,2860,0.26,2930,0.27,-1320,-0.12,1950760,487.69
3599,多頭出場,2025-06-25 02:35,L_Exit_Add,22143,1,1104250,2860,0.26,2930,0.27,-720,-0.07,1953640,488.41
3599,多頭進場,2025-06-25 00:40,L_G_進,22085,1,1104250,2860,0.26,2930,0.27,-720,-0.07,1953640,488.41
3600,多頭出場,2025-06-25 08:45,L_Exit,22123,1,1107800,-1690,-0.15,180,0.02,-1670,-0.15,1951950,487.99
3600,多頭進場,2025-06-25 03:05,L_Cmd,22156,1,1107800,-1690,-0.15,180,0.02,-1670,-0.15,1951950,487.99
3601,多頭出場,2025-06-25 21:05,L_Exit_Add,22187,1,1105450,3860,0.35,4380,0.40,-1670,-0.15,1955770,488.94
3601,多頭進場,2025-06-25 11:25,L_Cmd,22109,1,1105450,3860,0.35,4380,0.40,-1670,-0.15,1955770,488.94
3602,多頭出場,2025-06-25 21:50,L_Exit_Add,22132,1,1107300,-740,-0.07,2630,0.24,-1970,-0.18,1955050,488.76
3602,多頭進場,2025-06-25 15:00,L_Add,22146,1,1107300,-740,-0.07,2630,0.24,-1970,-0.18,1955050,488.76
3603,多頭出場,2025-06-25 23:15,Trend Rev,22139,1,1109350,-2440,-0.22,1380,0.12,-3020,-0.27,1952630,488.16
3603,多頭進場,2025-06-25 21:05,L_Add,22187,1,1109350,-2440,-0.22,1380,0.12,-3020,-0.27,1952630,488.16
3604,多頭出場,2025-06-26 10:35,L_Exit,22161,1,1112100,-4090,-0.37,1080,0.10,-4070,-0.37,1948540,487.14
3604,多頭進場,2025-06-26 10:10,L_Cmd,22242,1,1112100,-4090,-0.37,1080,0.10,-4070,-0.37,1948540,487.14
3605,多頭出場,2025-06-26 22:40,Trend Rev,22096,1,1105200,-440,-0.04,80,0.01,-620,-0.06,1948100,487.03
3605,多頭進場,2025-06-26 22:35,L_Cmd,22104,1,1105200,-440,-0.04,80,0.01,-620,-0.06,1948100,487.03
3606,多頭出場,2025-06-26 23:30,Trend Rev,22104,1,1106000,-840,-0.08,1480,0.13,-920,-0.08,1947260,486.82
3606,多頭進場,2025-06-26 23:10,L_Cmd,22120,1,1106000,-840,-0.08,1480,0.13,-920,-0.08,1947260,486.82
3607,多頭出場,2025-06-27 09:00,L_Exit,22142,1,1108650,-1590,-0.14,2330,0.21,-1570,-0.14,1945650,486.41
3607,多頭進場,2025-06-27 03:25,L_Cmd,22173,1,1108650,-1590,-0.14,2330,0.21,-1570,-0.14,1945650,486.41
3608,多頭出場,2025-06-27 09:00,L_Exit_Add,22141,1,1110200,-3190,-0.29,780,0.07,-3170,-0.29,1942480,485.62
3608,多頭進場,2025-06-27 08:50,L_Add,22204,1,1110200,-3190,-0.29,780,0.07,-3170,-0.29,1942480,485.62
3609,多頭出場,2025-06-27 12:50,Trend Rev,22092,1,1104900,-340,-0.03,230,0.02,-620,-0.06,1942140,485.54
3609,多頭進場,2025-06-27 12:45,L_Cmd,22098,1,1104900,-340,-0.03,230,0.02,-620,-0.06,1942140,485.54
3610,多頭出場,2025-06-27 15:30,Trend Rev,22078,1,1104900,-1040,-0.09,230,0.02,-2770,-0.25,1941100,485.28
3610,多頭進場,2025-06-27 15:00,L_Cmd,22098,1,1104900,-1040,-0.09,230,0.02,-2770,-0.25,1941100,485.28
3611,多頭出場,2025-06-27 23:40,L_Exit,22212,1,1106050,4510,0.41,4580,0.41,-1220,-0.11,1945570,486.39
3611,多頭進場,2025-06-27 21:45,L_Cmd,22121,1,1106050,4510,0.41,4580,0.41,-1220,-0.11,1945570,486.39
3612,多頭出場,2025-06-28 01:50,Trend Rev,22128,1,1108050,-1690,-0.15,2780,0.25,-2070,-0.19,1943880,485.97
3612,多頭進場,2025-06-27 23:15,L_Add,22161,1,1108050,-1690,-0.15,2780,0.25,-2070,-0.19,1943880,485.97
3613,多頭出場,2025-06-28 01:50,Trend Rev,22128,1,1109500,-3140,-0.28,1330,0.12,-3520,-0.32,1940760,485.19
3613,多頭進場,2025-06-27 23:40,L_Add,22190,1,1109500,-3140,-0.28,1330,0.12,-3520,-0.32,1940760,485.19
3614,多頭出場,2025-06-28 01:50,Trend Rev,22128,1,1110500,-4140,-0.37,330,0.03,-4520,-0.41,1936640,484.16
3614,多頭進場,2025-06-27 23:45,L_Add,22210,1,1110500,-4140,-0.37,330,0.03,-4520,-0.41,1936640,484.16
3615,多頭出場,2025-06-30 08:45,L_Exit,22256,1,1107850,4910,0.44,4980,0.45,-1770,-0.16,1941550,485.39
3615,多頭進場,2025-06-28 03:55,L_Cmd,22157,1,1107850,4910,0.44,4980,0.45,-1770,-0.16,1941550,485.39
3616,多頭出場,2025-06-30 09:00,L_Exit,22133,1,1109750,-3140,-0.28,2680,0.24,-3120,-0.28,1938390,484.60
3616,多頭進場,2025-06-30 08:50,L_Cmd,22195,1,1109750,-3140,-0.28,2680,0.24,-3120,-0.28,1938390,484.60
3617,多頭出場,2025-06-30 09:05,L_Exit_Add,22123,1,1111850,-5740,-0.52,580,0.05,-5720,-0.51,1932670,483.17
3617,多頭進場,2025-06-30 09:00,L_Add,22237,1,1111850,-5740,-0.52,580,0.05,-5720,-0.51,1932670,483.17
3618,多頭出場,2025-06-30 13:30,Trend Rev,22117,1,1108050,-2240,-0.20,1180,0.11,-2220,-0.20,1930430,482.61
3618,多頭進場,2025-06-30 12:40,L_Cmd,22161,1,1108050,-2240,-0.20,1180,0.11,-2220,-0.20,1930430,482.61
3619,多頭出場,2025-07-01 00:20,Trend Rev,22104,1,1105600,-440,-0.04,1380,0.12,-620,-0.06,1929990,482.50
3619,多頭進場,2025-06-30 23:45,L_Cmd,22112,1,1105600,-440,-0.04,1380,0.12,-620,-0.06,1929990,482.50
3620,多頭出場,2025-07-01 03:20,Trend Rev,22092,1,1105150,-590,-0.05,80,0.01,-570,-0.05,1929400,482.35
3620,多頭進場,2025-07-01 03:10,L_Cmd,22103,1,1105150,-590,-0.05,80,0.01,-570,-0.05,1929400,482.35
3621,多頭出場,2025-07-01 08:45,L_Exit,22224,1,1106400,4760,0.43,4830,0.44,-870,-0.08,1934160,483.54
3621,多頭進場,2025-07-01 03:55,L_Cmd,22128,1,1106400,4760,0.43,4830,0.44,-870,-0.08,1934160,483.54
3622,多頭出場,2025-07-01 09:20,L_Exit_Add,22491,1,1111900,12610,1.13,12680,1.14,-120,-0.01,1946710,486.68
3622,多頭進場,2025-07-01 09:00,L_Cmd,22238,1,1111900,12610,1.13,12680,1.14,-120,-0.01,1946710,486.68
3623,多頭出場,2025-07-01 09:20,L_Exit_G,22491,1,1118200,6310,0.56,6380,0.57,-120,-0.01,1953040,488.26
3623,多頭進場,2025-07-01 09:05,L_Add,22364,1,1118200,6310,0.56,6380,0.57,-120,-0.01,1953040,488.26
3624,多頭出場,2025-07-01 09:40,L_Exit_Add,22591,1,1121700,7810,0.70,7880,0.70,-920,-0.08,1960830,490.21
3624,多頭進場,2025-07-01 09:10,L_Add,22434,1,1121700,7810,0.70,7880,0.70,-920,-0.08,1960830,490.21
3625,多頭出場,2025-07-01 09:40,L_Exit_G,22591,1,1122600,6910,0.62,6980,0.62,-1820,-0.16,1967760,491.94
3625,多頭進場,2025-07-01 09:15,L_G_進,22452,1,1122600,6910,0.62,6980,0.62,-1820,-0.16,1967760,491.94
3626,多頭出場,2025-07-01 11:15,L_BE,22502,1,1125100,-40,0.00,4480,0.40,-220,-0.02,1967700,491.93
3626,多頭進場,2025-07-01 09:35,L_Add,22502,1,1125100,-40,0.00,4480,0.40,-220,-0.02,1967700,491.93
3627,多頭出場,2025-07-01 11:35,L_G_Cut,22435,1,1127250,-5540,-0.49,2330,0.21,-5870,-0.52,1962180,490.55
3627,多頭進場,2025-07-01 09:40,L_G_進,22545,1,1127250,-5540,-0.49,2330,0.21,-5870,-0.52,1962180,490.55
3628,多頭出場,2025-07-01 11:40,L_Exit_Add,22392,1,1129000,-9440,-0.84,530,0.05,-9420,-0.83,1952760,488.19
3628,多頭進場,2025-07-01 09:45,L_Add,22580,1,1129000,-9440,-0.84,530,0.05,-9420,-0.83,1952760,488.19
3629,多頭出場,2025-07-01 12:20,L_Exit_Add,22314,1,1129000,-13340,-1.18,530,0.05,-13320,-1.18,1939440,484.86
3629,多頭進場,2025-07-01 10:10,L_G_進,22580,1,1129000,-13340,-1.18,530,0.05,-13320,-1.18,1939440,484.86
3630,多頭出場,2025-07-01 22:10,Trend Rev,22339,1,1118450,-1540,-0.14,130,0.01,-1870,-0.17,1937900,484.48
3630,多頭進場,2025-07-01 21:55,L_Cmd,22369,1,1118450,-1540,-0.14,130,0.01,-1870,-0.17,1937900,484.48
3631,多頭出場,2025-07-01 22:25,Trend Rev,22341,1,1118100,-1090,-0.10,480,0.04,-1770,-0.16,1936810,484.20
3631,多頭進場,2025-07-01 22:15,L_Cmd,22362,1,1118100,-1090,-0.10,480,0.04,-1770,-0.16,1936810,484.20
3632,多頭出場,2025-07-02 16:25,Trend Rev,22337,1,1115750,1060,0.10,4230,0.38,-1170,-0.10,1937850,484.46
3632,多頭進場,2025-07-02 10:25,L_Cmd,22315,1,1115750,1060,0.10,4230,0.38,-1170,-0.10,1937850,484.46
3633,多頭出場,2025-07-02 16:25,Trend Rev,22337,1,1119100,-2290,-0.20,880,0.08,-2420,-0.22,1935580,483.90
3633,多頭進場,2025-07-02 12:25,L_Add,22382,1,1119100,-2290,-0.20,880,0.08,-2420,-0.22,1935580,483.90
3634,多頭出場,2025-07-02 22:25,L_Exit,22430,1,1117250,4210,0.38,4280,0.38,-670,-0.06,1939730,484.93
3634,多頭進場,2025-07-02 21:40,L_Cmd,22345,1,1117250,4210,0.38,4280,0.38,-670,-0.06,1939730,484.93
3635,多頭出場,2025-07-02 22:30,L_Exit_Add,22464,1,1119150,4010,0.36,4080,0.36,-220,-0.02,1943740,485.94
3635,多頭進場,2025-07-02 22:05,L_Add,22383,1,1119150,4010,0.36,4080,0.36,-220,-0.02,1943740,485.94
3636,多頭出場,2025-07-02 22:30,L_Exit_Add,22464,1,1119750,3410,0.30,3480,0.31,-220,-0.02,1947170,486.79
3636,多頭進場,2025-07-02 22:10,L_Add,22395,1,1119750,3410,0.30,3480,0.31,-220,-0.02,1947170,486.79
3637,多頭出場,2025-07-02 22:30,L_Exit_G,22464,1,1120750,2410,0.22,2480,0.22,-1220,-0.11,1949600,487.40
3637,多頭進場,2025-07-02 22:15,L_G_進,22415,1,1120750,2410,0.22,2480,0.22,-1220,-0.11,1949600,487.40
3638,多頭出場,2025-07-02 22:30,L_Exit_G,22464,1,1121400,1760,0.16,1830,0.16,-20,0.00,1951380,487.85
3638,多頭進場,2025-07-02 22:30,L_G_進,22428,1,1121400,1760,0.16,1830,0.16,-20,0.00,1951380,487.85
3639,多頭出場,2025-07-03 08:45,L_Exit,22604,1,1124050,6110,0.54,6180,0.55,-520,-0.05,1957450,489.36
3639,多頭進場,2025-07-03 00:10,L_Cmd,22481,1,1124050,6110,0.54,6180,0.55,-520,-0.05,1957450,489.36
3640,多頭出場,2025-07-03 08:45,L_Exit_Add,22604,1,1127250,2910,0.26,2980,0.26,-670,-0.06,1960380,490.10
3640,多頭進場,2025-07-03 03:05,L_Add,22545,1,1127250,2910,0.26,2980,0.26,-670,-0.06,1960380,490.10
3641,多頭出場,2025-07-03 08:45,L_Exit_Add,22604,1,1127650,2510,0.22,2580,0.23,-370,-0.03,1962910,490.73
3641,多頭進場,2025-07-03 03:55,L_Add,22553,1,1127650,2510,0.22,2580,0.23,-370,-0.03,1962910,490.73
3642,多頭出場,2025-07-03 09:00,L_BE,22600,1,1130000,-40,0.00,2580,0.23,-120,-0.01,1962850,490.71
3642,多頭進場,2025-07-03 08:50,L_Cmd,22600,1,1130000,-40,0.00,2580,0.23,-120,-0.01,1962850,490.71
3643,多頭出場,2025-07-03 10:15,L_Exit_G,22707,1,1131550,3760,0.33,3830,0.34,-2670,-0.24,1966570,491.64
3643,多頭進場,2025-07-03 08:55,L_Add,22631,1,1131550,3760,0.33,3830,0.34,-2670,-0.24,1966570,491.64
3644,多頭出場,2025-07-03 11:50,L_G_Cut,22660,1,1132900,60,0.01,2880,0.25,-1420,-0.13,1966630,491.66
3644,多頭進場,2025-07-03 09:25,L_Add,22658,1,1132900,60,0.01,2880,0.25,-1420,-0.13,1966630,491.66
3645,多頭出場,2025-07-03 20:30,L_Exit_Add,22751,1,1133900,3610,0.32,3680,0.32,-2420,-0.21,1970260,492.57
3645,多頭進場,2025-07-03 09:35,L_Add,22678,1,1133900,3610,0.32,3680,0.32,-2420,-0.21,1970260,492.57
3646,多頭出場,2025-07-03 21:10,L_Exit_Add,22723,1,1134100,2010,0.18,3530,0.31,-2320,-0.20,1972270,493.07
3646,多頭進場,2025-07-03 10:00,L_G_進,22682,1,1134100,2010,0.18,3530,0.31,-2320,-0.20,1972270,493.07
3647,多頭出場,2025-07-03 21:30,L_Exit_Add,22758,1,1134950,2910,0.26,2980,0.26,-3170,-0.28,1975200,493.80
3647,多頭進場,2025-07-03 11:30,L_G_進,22699,1,1134950,2910,0.26,2980,0.26,-3170,-0.28,1975200,493.80
3648,多頭出場,2025-07-03 21:45,L_Exit_Add,22803,1,1136050,4060,0.36,4130,0.36,-920,-0.08,1979220,494.81
3648,多頭進場,2025-07-03 21:10,L_Add,22721,1,1136050,4060,0.36,4130,0.36,-920,-0.08,1979220,494.81
3649,多頭出場,2025-07-03 21:50,L_Exit_G,22821,1,1137400,3610,0.32,3680,0.32,-20,0.00,1982830,495.71
3649,多頭進場,2025-07-03 21:35,L_Add,22748,1,1137400,3610,0.32,3680,0.32,-20,0.00,1982830,495.71
3650,多頭出場,2025-07-03 22:00,L_Exit_Add,22846,1,1138400,3860,0.34,3930,0.35,-420,-0.04,1986690,496.67
3650,多頭進場,2025-07-03 21:40,L_Add,22768,1,1138400,3860,0.34,3930,0.35,-420,-0.04,1986690,496.67
3651,多頭出場,2025-07-03 22:00,L_Exit_Add,22846,1,1138850,3410,0.30,3480,0.31,-70,-0.01,1990120,497.53
3651,多頭進場,2025-07-03 21:45,L_G_進,22777,1,1138850,3410,0.30,3480,0.31,-70,-0.01,1990120,497.53
3652,多頭出場,2025-07-03 22:00,L_Exit_G,22846,1,1139700,2560,0.22,2630,0.23,-220,-0.02,1992700,498.18
3652,多頭進場,2025-07-03 21:50,L_G_進,22794,1,1139700,2560,0.22,2630,0.23,-220,-0.02,1992700,498.18
3653,多頭出場,2025-07-03 22:00,L_Exit_G,22846,1,1140400,1860,0.16,1930,0.17,-320,-0.03,1994580,498.65
3653,多頭進場,2025-07-03 21:55,L_G_進,22808,1,1140400,1860,0.16,1930,0.17,-320,-0.03,1994580,498.65
3654,多頭出場,2025-07-04 00:50,L_Exit,22769,1,1141750,-3340,-0.29,1980,0.17,-3320,-0.29,1991240,497.81
3654,多頭進場,2025-07-03 22:05,L_Cmd,22835,1,1141750,-3340,-0.29,1980,0.17,-3320,-0.29,1991240,497.81
3655,空頭出場,2025-07-07 08:50,Trend Rev,22481,1,1117250,-6840,-0.61,80,0.01,-8020,-0.72,1984400,496.10
3655,空頭進場,2025-07-07 08:45,S_Cmd,22345,1,1117250,-6840,-0.61,80,0.01,-8020,-0.72,1984400,496.10
3656,空頭出場,2025-07-07 09:30,S_Exit_Add,22405,1,1116500,-3790,-0.34,4180,0.37,-3770,-0.34,1980590,495.15
3656,空頭進場,2025-07-07 09:05,S_Cmd,22330,1,1116500,-3790,-0.34,4180,0.37,-3770,-0.34,1980590,495.15
3657,空頭出場,2025-07-07 09:30,S_Exit,22407,1,1112350,-8040,-0.72,30,0.00,-8020,-0.72,1972570,493.14
3657,空頭進場,2025-07-07 09:15,S_Add,22247,1,1112350,-8040,-0.72,30,0.00,-8020,-0.72,1972570,493.14
3658,空頭出場,2025-07-07 15:55,Trend Rev,22350,1,1114550,-2990,-0.27,980,0.09,-3320,-0.30,1969580,492.40
3658,空頭進場,2025-07-07 11:05,S_Cmd,22291,1,1114550,-2990,-0.27,980,0.09,-3320,-0.30,1969580,492.40
3659,多頭出場,2025-07-07 22:25,L_Exit,22351,1,1119600,-2090,-0.19,1530,0.14,-2070,-0.18,1967490,491.87
3659,多頭進場,2025-07-07 21:35,L_Cmd,22392,1,1119600,-2090,-0.19,1530,0.14,-2070,-0.18,1967490,491.87
3660,空頭出場,2025-07-08 00:00,Trend Rev,22366,1,1115800,-2540,-0.23,80,0.01,-2870,-0.26,1964950,491.24
3660,空頭進場,2025-07-07 23:00,S_Cmd,22316,1,1115800,-2540,-0.23,80,0.01,-2870,-0.26,1964950,491.24
3661,多頭出場,2025-07-08 00:20,L_Exit,22319,1,1119250,-3340,-0.30,1480,0.13,-3320,-0.30,1961610,490.40
3661,多頭進場,2025-07-08 00:05,L_Cmd,22385,1,1119250,-3340,-0.30,1480,0.13,-3320,-0.30,1961610,490.40
3662,空頭出場,2025-07-08 10:55,S_Exit,22281,1,1109800,-4290,-0.39,2680,0.24,-4270,-0.38,1957320,489.33
3662,空頭進場,2025-07-08 09:45,S_Cmd,22196,1,1109800,-4290,-0.39,2680,0.24,-4270,-0.38,1957320,489.33
3663,空頭出場,2025-07-08 22:30,S_Exit,22245,1,1109700,-2590,-0.23,80,0.01,-2570,-0.23,1954730,488.68
3663,空頭進場,2025-07-08 22:25,S_Cmd,22194,1,1109700,-2590,-0.23,80,0.01,-2570,-0.23,1954730,488.68
3664,空頭出場,2025-07-09 08:55,S_Exit,22157,1,1110050,2160,0.19,2230,0.20,-670,-0.06,1956890,489.22
3664,空頭進場,2025-07-09 08:50,S_Cmd,22201,1,1110050,2160,0.19,2230,0.20,-670,-0.06,1956890,489.22
3665,空頭出場,2025-07-09 09:05,Trend Rev,22275,1,1109200,-4590,-0.41,1880,0.17,-4820,-0.43,1952300,488.08
3665,空頭進場,2025-07-09 09:00,S_Cmd,22184,1,1109200,-4590,-0.41,1880,0.17,-4820,-0.43,1952300,488.08
3666,多頭出場,2025-07-09 21:30,L_Exit,22534,1,1120700,5960,0.53,6030,0.54,-270,-0.02,1958220,489.56
3666,多頭進場,2025-07-09 12:40,L_Cmd,22414,1,1120700,5960,0.53,6030,0.54,-270,-0.02,1958220,489.56
3667,多頭出場,2025-07-09 21:30,L_Exit_Add,22534,1,1123200,3460,0.31,3530,0.31,-2770,-0.25,1961700,490.43
3667,多頭進場,2025-07-09 13:10,L_Add,22464,1,1123200,3460,0.31,3530,0.31,-2770,-0.25,1961700,490.43
3668,多頭出場,2025-07-09 21:30,L_Exit_Add,22534,1,1124300,2360,0.21,2430,0.22,-570,-0.05,1964080,491.02
3668,多頭進場,2025-07-09 21:05,L_Add,22486,1,1124300,2360,0.21,2430,0.22,-570,-0.05,1964080,491.02
3669,多頭出場,2025-07-09 22:30,L_Exit,22488,1,1126600,-2240,-0.20,1730,0.15,-2220,-0.20,1961840,490.46
3669,多頭進場,2025-07-09 21:35,L_Cmd,22532,1,1126600,-2240,-0.20,1730,0.15,-2220,-0.20,1961840,490.46
3670,多頭出場,2025-07-10 08:55,Trend Rev,22436,1,1123750,-1990,-0.18,1980,0.18,-2070,-0.18,1959850,489.96
3670,多頭進場,2025-07-10 00:55,L_Cmd,22475,1,1123750,-1990,-0.18,1980,0.18,-2070,-0.18,1959850,489.96
3671,多頭出場,2025-07-10 17:00,L_Exit_Add,22684,1,1127350,6810,0.60,6880,0.61,-2470,-0.22,1966640,491.66
3671,多頭進場,2025-07-10 09:30,L_Cmd,22547,1,1127350,6810,0.60,6880,0.61,-2470,-0.22,1966640,491.66
3672,多頭出場,2025-07-10 18:50,L_Exit,22693,1,1130500,4110,0.36,4180,0.37,-3020,-0.27,1970770,492.69
3672,多頭進場,2025-07-10 12:35,L_Add,22610,1,1130500,4110,0.36,4180,0.37,-3020,-0.27,1970770,492.69
3673,多頭出場,2025-07-10 23:35,Trend Rev,22604,1,1130450,-290,-0.03,380,0.03,-420,-0.04,1970480,492.62
3673,多頭進場,2025-07-10 23:30,L_Cmd,22609,1,1130450,-290,-0.03,380,0.03,-420,-0.04,1970480,492.62
3674,多頭出場,2025-07-11 00:20,Trend Rev,22595,1,1130650,-940,-0.08,1180,0.10,-1270,-0.11,1969540,492.39
3674,多頭進場,2025-07-10 23:45,L_Cmd,22613,1,1130650,-940,-0.08,1180,0.10,-1270,-0.11,1969540,492.39
3675,多頭出場,2025-07-11 15:20,L_G_Cut,22708,1,1132450,2910,0.26,6130,0.54,-520,-0.05,1972390,493.10
3675,多頭進場,2025-07-11 09:35,L_Cmd,22649,1,1132450,2910,0.26,6130,0.54,-520,-0.05,1972390,493.10
3676,多頭出場,2025-07-11 17:25,Trend Rev,22671,1,1135450,-1940,-0.17,3130,0.28,-3520,-0.31,1970470,492.62
3676,多頭進場,2025-07-11 10:05,L_Add,22709,1,1135450,-1940,-0.17,3130,0.28,-3520,-0.31,1970470,492.62
3677,多頭出場,2025-07-11 17:25,Trend Rev,22671,1,1137050,-3540,-0.31,1530,0.13,-3870,-0.34,1966950,491.74
3677,多頭進場,2025-07-11 13:25,L_Add,22741,1,1137050,-3540,-0.31,1530,0.13,-3870,-0.34,1966950,491.74
3678,多頭出場,2025-07-11 17:25,Trend Rev,22671,1,1138000,-4490,-0.39,580,0.05,-4820,-0.42,1962480,490.62
3678,多頭進場,2025-07-11 13:35,L_G_進,22760,1,1138000,-4490,-0.39,580,0.05,-4820,-0.42,1962480,490.62
3679,多頭出場,2025-07-11 22:55,Trend Rev,22665,1,1135250,-2040,-0.18,230,0.02,-2420,-0.21,1960440,490.11
3679,多頭進場,2025-07-11 22:00,L_Cmd,22705,1,1135250,-2040,-0.18,230,0.02,-2420,-0.21,1960440,490.11
3680,多頭出場,2025-07-12 01:40,Trend Rev,22675,1,1134300,-590,-0.05,1030,0.09,-820,-0.07,1959850,489.96
3680,多頭進場,2025-07-12 00:25,L_Cmd,22686,1,1134300,-590,-0.05,1030,0.09,-820,-0.07,1959850,489.96
3681,多頭出場,2025-07-14 09:00,L_Exit,22657,1,1134600,-1790,-0.16,130,0.01,-1770,-0.16,1958060,489.52
3681,多頭進場,2025-07-14 08:50,L_Cmd,22692,1,1134600,-1790,-0.16,130,0.01,-1770,-0.16,1958060,489.52
3682,多頭出場,2025-07-15 08:45,Trend Rev,22536,1,1128500,-1740,-0.15,2080,0.18,-1720,-0.15,1956320,489.08
3682,多頭進場,2025-07-14 23:35,L_Cmd,22570,1,1128500,-1740,-0.15,2080,0.18,-1720,-0.15,1956320,489.08
3683,多頭出場,2025-07-15 09:45,L_Exit,22704,1,1129850,5310,0.47,5380,0.48,-70,-0.01,1961610,490.40
3683,多頭進場,2025-07-15 09:25,L_Cmd,22597,1,1129850,5310,0.47,5380,0.48,-70,-0.01,1961610,490.40
3684,多頭出場,2025-07-15 09:55,L_Exit_Add,22825,1,1135200,6010,0.53,6080,0.54,-170,-0.01,1967620,491.91
3684,多頭進場,2025-07-15 09:45,L_Add,22704,1,1135200,6010,0.53,6080,0.54,-170,-0.01,1967620,491.91
3685,多頭出場,2025-07-15 15:00,L_Exit_Add,22697,1,1139250,-4440,-0.39,4830,0.42,-4420,-0.39,1963160,490.79
3685,多頭進場,2025-07-15 09:55,L_Add,22785,1,1139250,-4440,-0.39,4830,0.42,-4420,-0.39,1963160,490.79
3686,多頭出場,2025-07-15 15:00,L_Exit_Add,22697,1,1141850,-7040,-0.62,1030,0.09,-7020,-0.61,1956140,489.04
3686,多頭進場,2025-07-15 10:10,L_Add,22837,1,1141850,-7040,-0.62,1030,0.09,-7020,-0.61,1956140,489.04
3687,多頭出場,2025-07-15 15:00,L_Exit_Add,22685,1,1142700,-8490,-0.74,80,0.01,-8470,-0.74,1947670,486.92
3687,多頭進場,2025-07-15 13:10,L_Add,22854,1,1142700,-8490,-0.74,80,0.01,-8470,-0.74,1947670,486.92
3688,多頭出場,2025-07-15 21:30,L_Exit,22745,1,1138800,-1590,-0.14,480,0.04,-1570,-0.14,1946080,486.52
3688,多頭進場,2025-07-15 21:15,L_Cmd,22776,1,1138800,-1590,-0.14,480,0.04,-1570,-0.14,1946080,486.52
3689,多頭出場,2025-07-15 23:00,Trend Rev,22718,1,1137650,-1790,-0.16,280,0.02,-1920,-0.17,1944290,486.07
3689,多頭進場,2025-07-15 22:30,L_Cmd,22753,1,1137650,-1790,-0.16,280,0.02,-1920,-0.17,1944290,486.07
3690,多頭出場,2025-07-16 09:10,L_Exit,22822,1,1137350,3710,0.33,3780,0.33,-1020,-0.09,1947980,487.00
3690,多頭進場,2025-07-16 08:55,L_Cmd,22747,1,1137350,3710,0.33,3780,0.33,-1020,-0.09,1947980,487.00
3691,多頭出場,2025-07-16 09:35,L_Exit_Add,22865,1,1139350,3860,0.34,3930,0.34,-70,-0.01,1951820,487.96
3691,多頭進場,2025-07-16 09:10,L_Add,22787,1,1139350,3860,0.34,3930,0.34,-70,-0.01,1951820,487.96
3692,多頭出場,2025-07-16 09:45,L_Exit_Add,22917,1,1141150,4660,0.41,4730,0.41,-620,-0.05,1956460,489.11
3692,多頭進場,2025-07-16 09:15,L_Add,22823,1,1141150,4660,0.41,4730,0.41,-620,-0.05,1956460,489.11
3693,多頭出場,2025-07-16 09:45,L_Exit_Add,22917,1,1141750,4060,0.36,4130,0.36,-220,-0.02,1960540,490.14
3693,多頭進場,2025-07-16 09:30,L_Add,22835,1,1141750,4060,0.36,4130,0.36,-220,-0.02,1960540,490.14
3694,多頭出場,2025-07-16 09:45,L_Exit_G,22917,1,1143200,2610,0.23,2680,0.23,-220,-0.02,1963170,490.79
3694,多頭進場,2025-07-16 09:40,L_Add,22864,1,1143200,2610,0.23,2680,0.23,-220,-0.02,1963170,490.79
3695,多頭出場,2025-07-16 10:20,L_Exit_Add,22964,1,1144550,3610,0.32,3680,0.32,-270,-0.02,1966760,491.69
3695,多頭進場,2025-07-16 09:45,L_G_進,22891,1,1144550,3610,0.32,3680,0.32,-270,-0.02,1966760,491.69
3696,多頭出場,2025-07-16 12:05,L_Exit_G,22987,1,1145650,3660,0.32,3730,0.33,-370,-0.03,1970400,492.60
3696,多頭進場,2025-07-16 10:05,L_Add,22913,1,1145650,3660,0.32,3730,0.33,-370,-0.03,1970400,492.60
3697,多頭出場,2025-07-16 12:45,L_G_Cut,22926,1,1147400,-1140,-0.10,2480,0.22,-1220,-0.11,1969260,492.31
3697,多頭進場,2025-07-16 10:20,L_Add,22948,1,1147400,-1140,-0.10,2480,0.22,-1220,-0.11,1969260,492.31
3698,多頭出場,2025-07-16 22:20,Trend Rev,22885,1,1147950,-3740,-0.33,1930,0.17,-5170,-0.45,1965540,491.39
3698,多頭進場,2025-07-16 10:25,L_Add,22959,1,1147950,-3740,-0.33,1930,0.17,-5170,-0.45,1965540,491.39
3699,多頭出場,2025-07-16 22:20,Trend Rev,22885,1,1148150,-3940,-0.34,1730,0.15,-5370,-0.47,1961620,490.41
3699,多頭進場,2025-07-16 10:40,L_G_進,22963,1,1148150,-3940,-0.34,1730,0.15,-5370,-0.47,1961620,490.41
3700,多頭出場,2025-07-16 22:20,Trend Rev,22885,1,1149900,-5690,-0.49,0,0.00,-7120,-0.62,1955950,488.99
3700,多頭進場,2025-07-16 12:10,L_G_進,22998,1,1149900,-5690,-0.49,0,0.00,-7120,-0.62,1955950,488.99
3701,多頭出場,2025-07-17 08:50,Trend Rev,22923,1,1145600,510,0.04,3630,0.32,-1320,-0.12,1956440,489.11
3701,多頭進場,2025-07-17 00:15,L_Cmd,22912,1,1145600,510,0.04,3630,0.32,-1320,-0.12,1956440,489.11
3702,多頭出場,2025-07-17 08:50,Trend Rev,22923,1,1148150,-2040,-0.18,1080,0.09,-2620,-0.23,1954420,488.61
3702,多頭進場,2025-07-17 03:05,L_Add,22963,1,1148150,-2040,-0.18,1080,0.09,-2620,-0.23,1954420,488.61
3703,多頭出場,2025-07-17 09:30,L_Exit,22916,1,1148350,-2590,-0.23,3130,0.27,-2570,-0.22,1951810,487.95
3703,多頭進場,2025-07-17 09:00,L_Cmd,22967,1,1148350,-2590,-0.23,3130,0.27,-2570,-0.22,1951810,487.95
3704,多頭出場,2025-07-17 09:30,L_Exit_Add,22910,1,1150850,-5390,-0.47,330,0.03,-5370,-0.47,1946440,486.61
3704,多頭進場,2025-07-17 09:15,L_Add,23017,1,1150850,-5390,-0.47,330,0.03,-5370,-0.47,1946440,486.61
3705,多頭出場,2025-07-17 13:30,L_Exit,23149,1,1152550,4860,0.42,4930,0.43,-120,-0.01,1951300,487.83
3705,多頭進場,2025-07-17 13:20,L_Cmd,23051,1,1152550,4860,0.42,4930,0.43,-120,-0.01,1951300,487.83
3706,多頭出場,2025-07-17 15:00,L_Exit,23347,1,1156600,10710,0.93,10780,0.93,-1520,-0.13,1962010,490.50
3706,多頭進場,2025-07-17 13:35,L_Cmd,23132,1,1156600,10710,0.93,10780,0.93,-1520,-0.13,1962010,490.50
3707,多頭出場,2025-07-17 21:30,L_Exit,23307,1,1167250,-1940,-0.17,130,0.01,-1920,-0.16,1960070,490.02
3707,多頭進場,2025-07-17 21:10,L_Cmd,23345,1,1167250,-1940,-0.17,130,0.01,-1920,-0.16,1960070,490.02
3708,多頭出場,2025-07-18 04:00,L_Exit_Add,23358,1,1166700,1160,0.10,3980,0.34,-320,-0.03,1961190,490.30
3708,多頭進場,2025-07-17 22:45,L_Cmd,23334,1,1166700,1160,0.10,3980,0.34,-320,-0.03,1961190,490.30
3709,多頭出場,2025-07-18 09:00,L_Exit_Add,23327,1,1168850,-2540,-0.22,1830,0.16,-2520,-0.22,1958670,489.67
3709,多頭進場,2025-07-17 23:10,L_Add,23377,1,1168850,-2540,-0.22,1830,0.16,-2520,-0.22,1958670,489.67
3710,多頭出場,2025-07-18 09:05,Trend Rev,23326,1,1170400,-4140,-0.35,280,0.02,-5120,-0.44,1954550,488.64
3710,多頭進場,2025-07-18 03:05,L_Add,23408,1,1170400,-4140,-0.35,280,0.02,-5120,-0.44,1954550,488.64
3711,多頭出場,2025-07-18 21:35,Trend Rev,23282,1,1164600,-540,-0.05,1530,0.13,-670,-0.06,1954010,488.50
3711,多頭進場,2025-07-18 21:15,L_Cmd,23292,1,1164600,-540,-0.05,1530,0.13,-670,-0.06,1954010,488.50
3712,多頭出場,2025-07-21 09:10,L_Exit,23211,1,1162250,-1740,-0.15,2730,0.23,-1720,-0.15,1952250,488.06
3712,多頭進場,2025-07-21 08:55,L_Cmd,23245,1,1162250,-1740,-0.15,2730,0.23,-1720,-0.15,1952250,488.06
3713,多頭出場,2025-07-21 09:10,L_Exit_Add,23208,1,1164150,-3790,-0.33,830,0.07,-3770,-0.32,1948480,487.12
3713,多頭進場,2025-07-21 09:05,L_Add,23283,1,1164150,-3790,-0.33,830,0.07,-3770,-0.32,1948480,487.12
3714,多頭出場,2025-07-21 22:15,L_Exit_G,23368,1,1164250,4110,0.35,4180,0.36,-70,-0.01,1952530,488.13
3714,多頭進場,2025-07-21 21:45,L_Cmd,23285,1,1164250,4110,0.35,4180,0.36,-70,-0.01,1952530,488.13
3715,多頭出場,2025-07-21 22:30,L_Exit_Add,23394,1,1166250,3410,0.29,3480,0.30,-220,-0.02,1955940,488.99
3715,多頭進場,2025-07-21 21:50,L_Add,23325,1,1166250,3410,0.29,3480,0.30,-220,-0.02,1955940,488.99
3716,多頭出場,2025-07-21 22:30,L_Exit_Add,23394,1,1166700,2960,0.25,3030,0.26,-20,0.00,1958920,489.73
3716,多頭進場,2025-07-21 22:00,L_Add,23334,1,1166700,2960,0.25,3030,0.26,-20,0.00,1958920,489.73
3717,多頭出場,2025-07-21 23:45,L_BE,23345,1,1167250,-40,0.00,2480,0.21,-270,-0.02,1958880,489.72
3717,多頭進場,2025-07-21 22:10,L_G_進,23345,1,1167250,-40,0.00,2480,0.21,-270,-0.02,1958880,489.72
3718,多頭出場,2025-07-22 00:00,L_G_Cut,23328,1,1169000,-2640,-0.23,730,0.06,-2820,-0.24,1956260,489.07
3718,多頭進場,2025-07-21 22:25,L_G_進,23380,1,1169000,-2640,-0.23,730,0.06,-2820,-0.24,1956260,489.07
3719,多頭出場,2025-07-22 00:20,L_Exit_Add,23303,1,1169500,-4390,-0.38,80,0.01,-4370,-0.37,1951890,487.97
3719,多頭進場,2025-07-21 22:35,L_Add,23390,1,1169500,-4390,-0.38,80,0.01,-4370,-0.37,1951890,487.97
3720,多頭出場,2025-07-22 10:40,L_BE,23289,1,1164450,-40,0.00,5880,0.50,-370,-0.03,1951790,487.95
3720,多頭進場,2025-07-22 09:10,L_Cmd,23289,1,1164450,-40,0.00,5880,0.50,-370,-0.03,1951790,487.95
3721,多頭出場,2025-07-22 10:40,L_Exit_Add,23261,1,1168650,-5640,-0.48,1680,0.14,-5620,-0.48,1946170,486.54
3721,多頭進場,2025-07-22 09:15,L_Add,23373,1,1168650,-5640,-0.48,1680,0.14,-5620,-0.48,1946170,486.54
3722,多頭出場,2025-07-22 10:40,L_Exit_Add,23252,1,1169100,-6540,-0.56,1230,0.11,-6520,-0.56,1939650,484.91
3722,多頭進場,2025-07-22 09:20,L_Add,23382,1,1169100,-6540,-0.56,1230,0.11,-6520,-0.56,1939650,484.91
3723,多頭出場,2025-07-22 10:45,L_G_Cut,23240,1,1169400,-7440,-0.64,530,0.05,-7670,-0.66,1932230,483.06
3723,多頭進場,2025-07-22 09:25,L_G_進,23388,1,1169400,-7440,-0.64,530,0.05,-7670,-0.66,1932230,483.06
3724,空頭出場,2025-07-23 08:45,S_Exit,23017,1,1149950,-940,-0.08,580,0.05,-920,-0.08,1931290,482.82
3724,空頭進場,2025-07-23 04:50,S_Cmd,22999,1,1149950,-940,-0.08,580,0.05,-920,-0.08,1931290,482.82
3725,多頭出場,2025-07-23 19:10,Trend Rev,23167,1,1162050,-3740,-0.32,880,0.08,-4370,-0.38,1927550,481.89
3725,多頭進場,2025-07-23 09:55,L_Cmd,23241,1,1162050,-3740,-0.32,880,0.08,-4370,-0.38,1927550,481.89
3726,多頭出場,2025-07-23 21:30,L_Exit,23177,1,1160250,-1440,-0.12,930,0.08,-1420,-0.12,1926110,481.53
3726,多頭進場,2025-07-23 21:05,L_Cmd,23205,1,1160250,-1440,-0.12,930,0.08,-1420,-0.12,1926110,481.53
3727,多頭出場,2025-07-23 21:45,L_Exit,23188,1,1161500,-2140,-0.18,330,0.03,-2120,-0.18,1923970,480.99
3727,多頭進場,2025-07-23 21:40,L_Cmd,23230,1,1161500,-2140,-0.18,330,0.03,-2120,-0.18,1923970,480.99
3728,多頭出場,2025-07-24 02:20,L_Exit,23309,1,1160350,5060,0.44,5130,0.44,-670,-0.06,1928970,482.24
3728,多頭進場,2025-07-23 23:00,L_Cmd,23207,1,1160350,5060,0.44,5130,0.44,-670,-0.06,1928970,482.24
3729,多頭出場,2025-07-24 03:55,L_Exit_G,23319,1,1162350,3560,0.31,3630,0.31,-1370,-0.12,1932550,483.14
3729,多頭進場,2025-07-23 23:55,L_Add,23247,1,1162350,3560,0.31,3630,0.31,-1370,-0.12,1932550,483.14
3730,多頭出場,2025-07-24 04:00,L_Exit_Add,23325,1,1164250,1960,0.17,2030,0.17,-3270,-0.28,1934530,483.63
3730,多頭進場,2025-07-24 00:00,L_Add,23285,1,1164250,1960,0.17,2030,0.17,-3270,-0.28,1934530,483.63
3731,多頭出場,2025-07-24 08:45,L_Exit_Add,23404,1,1164400,5760,0.49,5830,0.50,-3420,-0.29,1940310,485.08
3731,多頭進場,2025-07-24 00:05,L_G_進,23288,1,1164400,5760,0.49,5830,0.50,-3420,-0.29,1940310,485.08
3732,多頭出場,2025-07-24 08:55,L_Exit,23306,1,1167500,-2240,-0.19,30,0.00,-2370,-0.20,1938070,484.52
3732,多頭進場,2025-07-24 08:50,L_Cmd,23350,1,1167500,-2240,-0.19,30,0.00,-2370,-0.20,1938070,484.52
3733,多頭出場,2025-07-24 16:05,Trend Rev,23282,1,1165200,-1140,-0.10,1380,0.12,-1620,-0.14,1936930,484.23
3733,多頭進場,2025-07-24 10:30,L_Cmd,23304,1,1165200,-1140,-0.10,1380,0.12,-1620,-0.14,1936930,484.23
3734,多頭出場,2025-07-25 08:55,L_Exit,23242,1,1164350,-2290,-0.20,0,0.00,-2320,-0.20,1934640,483.66
3734,多頭進場,2025-07-25 08:50,L_Cmd,23287,1,1164350,-2290,-0.20,0,0.00,-2320,-0.20,1934640,483.66
3735,多頭出場,2025-07-25 09:10,L_Exit,23250,1,1164900,-2440,-0.21,1430,0.12,-2420,-0.21,1932200,483.05
3735,多頭進場,2025-07-25 09:05,L_Cmd,23298,1,1164900,-2440,-0.21,1430,0.12,-2420,-0.21,1932200,483.05
3736,多頭出場,2025-07-25 21:40,L_Exit,23230,1,1163200,-1740,-0.15,430,0.04,-2220,-0.19,1930460,482.62
3736,多頭進場,2025-07-25 21:35,L_Cmd,23264,1,1163200,-1740,-0.15,430,0.04,-2220,-0.19,1930460,482.62
3737,多頭出場,2025-07-26 00:25,L_Exit,23367,1,1164100,4210,0.36,4280,0.37,-120,-0.01,1934610,483.65
3737,多頭進場,2025-07-25 21:55,L_Cmd,23282,1,1164100,4210,0.36,4280,0.37,-120,-0.01,1934610,483.65
3738,多頭出場,2025-07-26 03:00,L_G_Cut,23340,1,1166200,760,0.07,2180,0.19,-1620,-0.14,1935390,483.85
3738,多頭進場,2025-07-25 22:10,L_Add,23324,1,1166200,760,0.07,2180,0.19,-1620,-0.14,1935390,483.85
3739,多頭出場,2025-07-28 08:45,L_Exit_Add,23433,1,1167050,4560,0.39,4630,0.40,-2470,-0.21,1939970,484.99
3739,多頭進場,2025-07-25 22:15,L_Add,23341,1,1167050,4560,0.39,4630,0.40,-2470,-0.21,1939970,484.99
3740,多頭出場,2025-07-28 08:45,L_Exit_Add,23433,1,1167600,4010,0.34,4080,0.35,-3020,-0.26,1944000,486.00
3740,多頭進場,2025-07-25 22:20,L_G_進,23352,1,1167600,4010,0.34,4080,0.35,-3020,-0.26,1944000,486.00
3741,多頭出場,2025-07-28 16:15,Trend Rev,23357,1,1168900,-1090,-0.09,3980,0.34,-2270,-0.19,1942890,485.72
3741,多頭進場,2025-07-28 10:00,L_Cmd,23378,1,1168900,-1090,-0.09,3980,0.34,-2270,-0.19,1942890,485.72
3742,多頭出場,2025-07-28 16:15,Trend Rev,23357,1,1172200,-4390,-0.37,230,0.02,-4720,-0.40,1938520,484.63
3742,多頭進場,2025-07-28 11:40,L_Add,23444,1,1172200,-4390,-0.37,230,0.02,-4720,-0.40,1938520,484.63
3743,空頭出場,2025-07-29 15:00,S_Exit,23185,1,1155750,-3540,-0.31,280,0.02,-3520,-0.30,1934980,483.74
3743,空頭進場,2025-07-29 12:45,S_Cmd,23115,1,1155750,-3540,-0.31,280,0.02,-3520,-0.30,1934980,483.74
3744,多頭出場,2025-07-29 22:50,L_Exit,23213,1,1162600,-1990,-0.17,880,0.08,-1970,-0.17,1932990,483.25
3744,多頭進場,2025-07-29 21:35,L_Cmd,23252,1,1162600,-1990,-0.17,880,0.08,-1970,-0.17,1932990,483.25
3745,空頭出場,2025-07-30 02:00,Trend Rev,23207,1,1159550,-840,-0.07,2930,0.25,-1420,-0.12,1932130,483.03
3745,空頭進場,2025-07-29 23:05,S_Cmd,23191,1,1159550,-840,-0.07,2930,0.25,-1420,-0.12,1932130,483.03
3746,空頭出場,2025-07-30 02:00,Trend Rev,23207,1,1157400,-2990,-0.26,0,0.00,-3570,-0.31,1929160,482.29
3746,空頭進場,2025-07-29 23:45,S_Add,23148,1,1157400,-2990,-0.26,0,0.00,-3570,-0.31,1929160,482.29
3747,多頭出場,2025-07-30 13:10,L_Exit,23344,1,1170550,-3390,-0.29,430,0.04,-3370,-0.29,1925770,481.44
3747,多頭進場,2025-07-30 12:30,L_Cmd,23411,1,1170550,-3390,-0.29,430,0.04,-3370,-0.29,1925770,481.44
3748,多頭出場,2025-07-30 23:05,Trend Rev,23340,1,1168000,-1040,-0.09,980,0.08,-1070,-0.09,1924730,481.18
3748,多頭進場,2025-07-30 22:25,L_Cmd,23360,1,1168000,-1040,-0.09,980,0.08,-1070,-0.09,1924730,481.18
3749,多頭出場,2025-07-31 00:55,Trend Rev,23338,1,1167400,-540,-0.05,30,0.00,-720,-0.06,1924190,481.05
3749,多頭進場,2025-07-31 00:35,L_Cmd,23348,1,1167400,-540,-0.05,30,0.00,-720,-0.06,1924190,481.05
3750,多頭出場,2025-07-31 21:30,L_Exit_Add,23512,1,1176200,-640,-0.05,7930,0.67,-2370,-0.20,1923530,480.88
3750,多頭進場,2025-07-31 10:45,L_Cmd,23524,1,1176200,-640,-0.05,7930,0.67,-2370,-0.20,1923530,480.88
3751,多頭出場,2025-07-31 21:35,Trend Rev,23506,1,1180550,-5290,-0.45,3580,0.30,-5620,-0.48,1918260,479.57
3751,多頭進場,2025-07-31 13:25,L_Add,23611,1,1180550,-5290,-0.45,3580,0.30,-5620,-0.48,1918260,479.57
3752,多頭出場,2025-08-01 10:00,Trend Rev,23412,1,1171600,-1040,-0.09,230,0.02,-1270,-0.11,1917220,479.31
3752,多頭進場,2025-08-01 09:45,L_Cmd,23432,1,1171600,-1040,-0.09,230,0.02,-1270,-0.11,1917220,479.31
3753,多頭出場,2025-08-05 03:15,L_Exit,23419,1,1167700,3210,0.27,3280,0.28,-820,-0.07,1920370,480.09
3753,多頭進場,2025-08-04 21:40,L_Cmd,23354,1,1167700,3210,0.27,3280,0.28,-820,-0.07,1920370,480.09
3754,多頭出場,2025-08-05 03:20,L_Exit_Add,23423,1,1169550,1560,0.13,1630,0.14,-520,-0.04,1921950,480.49
3754,多頭進場,2025-08-05 00:55,L_Add,23391,1,1169550,1560,0.13,1630,0.14,-520,-0.04,1921950,480.49
3755,多頭出場,2025-08-05 03:20,L_Exit_G,23423,1,1170200,910,0.08,980,0.08,-170,-0.01,1922880,480.72
3755,多頭進場,2025-08-05 03:05,L_Add,23404,1,1170200,910,0.08,980,0.08,-170,-0.01,1922880,480.72
3756,多頭出場,2025-08-05 08:45,L_Exit_Add,23435,1,1170450,1260,0.11,1330,0.11,-270,-0.02,1924160,481.04
3756,多頭進場,2025-08-05 03:15,L_G_進,23409,1,1170450,1260,0.11,1330,0.11,-270,-0.02,1924160,481.04
3757,多頭出場,2025-08-05 09:00,L_Exit,23527,1,1172850,3460,0.30,3530,0.30,-1070,-0.09,1927600,481.90
3757,多頭進場,2025-08-05 08:50,L_Cmd,23457,1,1172850,3460,0.30,3530,0.30,-1070,-0.09,1927600,481.90
3758,多頭出場,2025-08-05 09:05,L_Exit_Add,23542,1,1174100,2960,0.25,3030,0.26,-220,-0.02,1930580,482.65
3758,多頭進場,2025-08-05 09:00,L_Add,23482,1,1174100,2960,0.25,3030,0.26,-220,-0.02,1930580,482.65
3759,多頭出場,2025-08-05 21:25,Trend Rev,23541,1,1177850,-840,-0.07,3180,0.27,-1520,-0.13,1929740,482.44
3759,多頭進場,2025-08-05 10:40,L_Cmd,23557,1,1177850,-840,-0.07,3180,0.27,-1520,-0.13,1929740,482.44
3760,多頭出場,2025-08-06 16:20,L_Exit,23391,1,1172300,-2790,-0.24,380,0.03,-2770,-0.24,1926950,481.74
3760,多頭進場,2025-08-06 12:10,L_Cmd,23446,1,1172300,-2790,-0.24,380,0.03,-2770,-0.24,1926950,481.74
3761,多頭出場,2025-08-07 09:05,L_Exit,23886,1,1185950,8310,0.70,8380,0.71,-370,-0.03,1935240,483.81
3761,多頭進場,2025-08-07 08:50,L_Cmd,23719,1,1185950,8310,0.70,8380,0.71,-370,-0.03,1935240,483.81
3762,多頭出場,2025-08-07 09:20,L_Exit_Add,23991,1,1191050,8460,0.71,8530,0.72,-20,0.00,1943680,485.92
3762,多頭進場,2025-08-07 09:05,L_Add,23821,1,1191050,8460,0.71,8530,0.72,-20,0.00,1943680,485.92
3763,多頭出場,2025-08-07 09:50,L_Exit_G,24038,1,1194700,7160,0.60,7230,0.61,-820,-0.07,1950820,487.71
3763,多頭進場,2025-08-07 09:15,L_Add,23894,1,1194700,7160,0.60,7230,0.61,-820,-0.07,1950820,487.71
3764,多頭出場,2025-08-07 11:00,L_Exit_Add,24053,1,1196700,5910,0.49,5980,0.50,-20,0.00,1956730,489.18
3764,多頭進場,2025-08-07 09:20,L_Add,23934,1,1196700,5910,0.49,5980,0.50,-20,0.00,1956730,489.18
3765,多頭出場,2025-08-07 13:40,L_G_Cut,23961,1,1199500,-1490,-0.12,3180,0.27,-1720,-0.14,1955260,488.82
3765,多頭進場,2025-08-07 09:30,L_Add,23990,1,1199500,-1490,-0.12,3180,0.27,-1720,-0.14,1955260,488.82
3766,多頭出場,2025-08-07 17:55,L_Exit_Add,24092,1,1199800,4760,0.40,4830,0.40,-2020,-0.17,1960040,490.01
3766,多頭進場,2025-08-07 09:35,L_G_進,23996,1,1199800,4760,0.40,4830,0.40,-2020,-0.17,1960040,490.01
3767,多頭出場,2025-08-07 21:40,L_Exit_Add,24103,1,1201750,3360,0.28,3430,0.29,-3970,-0.33,1963400,490.85
3767,多頭進場,2025-08-07 10:30,L_G_進,24035,1,1201750,3360,0.28,3430,0.29,-3970,-0.33,1963400,490.85
3768,多頭出場,2025-08-07 22:15,L_Exit_Add,24035,1,1205200,-3490,-0.29,1380,0.11,-3470,-0.29,1959930,489.98
3768,多頭進場,2025-08-07 21:40,L_Add,24104,1,1205200,-3490,-0.29,1380,0.11,-3470,-0.29,1959930,489.98
3769,多頭出場,2025-08-08 08:45,L_Exit,24094,1,1199300,5360,0.45,5430,0.45,-520,-0.04,1965290,491.32
3769,多頭進場,2025-08-08 03:50,L_Cmd,23986,1,1199300,5360,0.45,5430,0.45,-520,-0.04,1965290,491.32
3770,多頭出場,2025-08-08 13:15,Trend Rev,23974,1,1199550,-890,-0.07,2030,0.17,-970,-0.08,1964380,491.10
3770,多頭進場,2025-08-08 12:20,L_Cmd,23991,1,1199550,-890,-0.07,2030,0.17,-970,-0.08,1964380,491.10
3771,多頭出場,2025-08-08 13:15,Trend Rev,23974,1,1201000,-2340,-0.19,580,0.05,-2420,-0.20,1962060,490.52
3771,多頭進場,2025-08-08 12:30,L_Add,24020,1,1201000,-2340,-0.19,580,0.05,-2420,-0.20,1962060,490.52
3772,多頭出場,2025-08-08 23:30,L_BE,23964,1,1198200,-40,0.00,2780,0.23,-70,-0.01,1961960,490.49
3772,多頭進場,2025-08-08 21:35,L_Cmd,23964,1,1198200,-40,0.00,2780,0.23,-70,-0.01,1961960,490.49
3773,多頭出場,2025-08-08 23:35,L_G_Cut,23963,1,1199600,-1490,-0.12,1380,0.12,-1620,-0.14,1960490,490.12
3773,多頭進場,2025-08-08 21:40,L_Add,23992,1,1199600,-1490,-0.12,1380,0.12,-1620,-0.14,1960490,490.12
3774,多頭出場,2025-08-09 00:55,Trend Rev,23972,1,1200150,-1590,-0.13,830,0.07,-3520,-0.29,1958920,489.73
3774,多頭進場,2025-08-08 21:50,L_Add,24003,1,1200150,-1590,-0.13,830,0.07,-3520,-0.29,1958920,489.73
3775,多頭出場,2025-08-09 00:55,Trend Rev,23972,1,1200500,-1940,-0.16,80,0.01,-3870,-0.32,1957000,489.25
3775,多頭進場,2025-08-08 23:10,L_G_進,24010,1,1200500,-1940,-0.16,80,0.01,-3870,-0.32,1957000,489.25
3776,多頭出場,2025-08-11 11:15,L_Exit,24152,1,1199950,7610,0.63,7680,0.64,-1220,-0.10,1964570,491.14
3776,多頭進場,2025-08-11 10:05,L_Cmd,23999,1,1199950,7610,0.63,7680,0.64,-1220,-0.10,1964570,491.14
3777,多頭出場,2025-08-11 11:20,L_Exit_Add,24200,1,1203100,6860,0.57,6930,0.58,-370,-0.03,1971450,492.86
3777,多頭進場,2025-08-11 10:45,L_Add,24062,1,1203100,6860,0.57,6930,0.58,-370,-0.03,1971450,492.86
3778,多頭出場,2025-08-12 01:40,Trend Rev,24132,1,1206250,310,0.03,4830,0.40,-1220,-0.10,1971760,492.94
3778,多頭進場,2025-08-11 11:15,L_Add,24125,1,1206250,310,0.03,4830,0.40,-1220,-0.10,1971760,492.94
3779,多頭出場,2025-08-12 01:40,Trend Rev,24132,1,1209800,-3240,-0.27,1280,0.11,-4770,-0.39,1968540,492.14
3779,多頭進場,2025-08-11 11:25,L_Add,24196,1,1209800,-3240,-0.27,1280,0.11,-4770,-0.39,1968540,492.14
3780,多頭出場,2025-08-12 09:05,Trend Rev,24098,1,1206300,-1440,-0.12,2430,0.20,-1720,-0.14,1967100,491.78
3780,多頭進場,2025-08-12 08:50,L_Cmd,24126,1,1206300,-1440,-0.12,2430,0.20,-1720,-0.14,1967100,491.78
3781,多頭出場,2025-08-12 13:40,L_Exit_Add,24127,1,1208950,-2640,-0.22,3030,0.25,-2620,-0.22,1964440,491.11
3781,多頭進場,2025-08-12 12:00,L_Cmd,24179,1,1208950,-2640,-0.22,3030,0.25,-2620,-0.22,1964440,491.11
3782,多頭出場,2025-08-12 15:00,Trend Rev,24168,1,1211550,-3190,-0.26,230,0.02,-5220,-0.43,1961270,490.32
3782,多頭進場,2025-08-12 12:40,L_Add,24231,1,1211550,-3190,-0.26,230,0.02,-5220,-0.43,1961270,490.32
3783,多頭出場,2025-08-13 08:50,L_Exit_Add,24345,1,1213750,3460,0.29,3530,0.29,-520,-0.04,1964710,491.18
3783,多頭進場,2025-08-12 23:15,L_Cmd,24275,1,1213750,3460,0.29,3530,0.29,-520,-0.04,1964710,491.18
3784,多頭出場,2025-08-13 09:20,Trend Rev,24265,1,1215650,-2440,-0.20,1630,0.13,-2620,-0.22,1962290,490.57
3784,多頭進場,2025-08-13 03:55,L_Add,24313,1,1215650,-2440,-0.20,1630,0.13,-2620,-0.22,1962290,490.57
3785,多頭出場,2025-08-13 11:25,L_Exit_Add,24278,1,1216400,-2540,-0.21,3980,0.33,-2520,-0.21,1959710,489.93
3785,多頭進場,2025-08-13 10:00,L_Cmd,24328,1,1216400,-2540,-0.21,3980,0.33,-2520,-0.21,1959710,489.93
3786,多頭出場,2025-08-13 11:25,L_Exit,24262,1,1218950,-5890,-0.48,1430,0.12,-5870,-0.48,1953840,488.46
3786,多頭進場,2025-08-13 10:15,L_Add,24379,1,1218950,-5890,-0.48,1430,0.12,-5870,-0.48,1953840,488.46
3787,多頭出場,2025-08-13 11:25,L_Exit_Add,24258,1,1219950,-7090,-0.58,430,0.04,-7070,-0.58,1946770,486.69
3787,多頭進場,2025-08-13 10:25,L_Add,24399,1,1219950,-7090,-0.58,430,0.04,-7070,-0.58,1946770,486.69
3788,多頭出場,2025-08-13 22:20,L_Exit_Add,24375,1,1216750,1960,0.16,5180,0.43,-1220,-0.10,1948690,487.17
3788,多頭進場,2025-08-13 13:00,L_Cmd,24335,1,1216750,1960,0.16,5180,0.43,-1220,-0.10,1948690,487.17
3789,多頭出場,2025-08-13 22:45,L_Exit_Add,24356,1,1220800,-3040,-0.25,1130,0.09,-3020,-0.25,1945670,486.42
3789,多頭進場,2025-08-13 21:05,L_Add,24416,1,1220800,-3040,-0.25,1130,0.09,-3020,-0.25,1945670,486.42
3790,多頭出場,2025-08-13 22:50,Trend Rev,24365,1,1221750,-3540,-0.29,0,0.00,-4370,-0.36,1942150,485.54
3790,多頭進場,2025-08-13 21:55,L_Add,24435,1,1221750,-3540,-0.29,0,0.00,-4370,-0.36,1942150,485.54
3791,多頭出場,2025-08-14 23:15,Trend Rev,24274,1,1215550,-1890,-0.16,80,0.01,-2120,-0.17,1940260,485.07
3791,多頭進場,2025-08-14 22:50,L_Cmd,24311,1,1215550,-1890,-0.16,80,0.01,-2120,-0.17,1940260,485.07
3792,多頭出場,2025-08-15 08:45,L_Exit,24352,1,1214750,2810,0.23,2880,0.24,-670,-0.06,1943070,485.77
3792,多頭進場,2025-08-15 03:10,L_Cmd,24295,1,1214750,2810,0.23,2880,0.24,-670,-0.06,1943070,485.77
3793,多頭出場,2025-08-15 09:10,Trend Rev,24259,1,1214700,-1790,-0.15,30,0.00,-2070,-0.17,1941280,485.32
3793,多頭進場,2025-08-15 09:05,L_Cmd,24294,1,1214700,-1790,-0.15,30,0.00,-2070,-0.17,1941280,485.32
3794,多頭出場,2025-08-15 13:40,L_Exit_Add,24268,1,1215000,-1640,-0.13,4180,0.34,-1620,-0.13,1939620,484.91
3794,多頭進場,2025-08-15 10:35,L_Cmd,24300,1,1215000,-1640,-0.13,4180,0.34,-1620,-0.13,1939620,484.91
3795,多頭出場,2025-08-15 16:50,Trend Rev,24291,1,1218500,-3990,-0.33,680,0.06,-5420,-0.44,1935650,483.91
3795,多頭進場,2025-08-15 11:50,L_Add,24370,1,1218500,-3990,-0.33,680,0.06,-5420,-0.44,1935650,483.91
3796,多頭出場,2025-08-18 09:05,L_Exit,24295,1,1210550,4160,0.34,4230,0.35,-1320,-0.11,1939790,484.95
3796,多頭進場,2025-08-18 08:55,L_Cmd,24211,1,1210550,4160,0.34,4230,0.35,-1320,-0.11,1939790,484.95
3797,多頭出場,2025-08-18 09:15,L_Exit_Add,24343,1,1212700,4410,0.36,4480,0.37,-720,-0.06,1944180,486.05
3797,多頭進場,2025-08-18 09:05,L_Add,24254,1,1212700,4410,0.36,4480,0.37,-720,-0.06,1944180,486.05
3798,多頭出場,2025-08-18 09:35,L_Exit_G,24360,1,1214200,3760,0.31,3830,0.32,-420,-0.03,1947920,486.98
3798,多頭進場,2025-08-18 09:10,L_Add,24284,1,1214200,3760,0.31,3830,0.32,-420,-0.03,1947920,486.98
3799,多頭出場,2025-08-18 09:40,L_Exit_Add,24375,1,1215600,3110,0.26,3180,0.26,-20,0.00,1951050,487.76
3799,多頭進場,2025-08-18 09:15,L_Add,24312,1,1215600,3110,0.26,3180,0.26,-20,0.00,1951050,487.76
3800,多頭出場,2025-08-18 09:55,L_Exit_Add,24416,1,1216650,4110,0.34,4180,0.34,-370,-0.03,1955160,488.79
3800,多頭進場,2025-08-18 09:20,L_Add,24333,1,1216650,4110,0.34,4180,0.34,-370,-0.03,1955160,488.79
3801,多頭出場,2025-08-18 11:55,L_Exit_G,24427,1,1217050,4260,0.35,4330,0.36,-520,-0.04,1959400,489.85
3801,多頭進場,2025-08-18 09:25,L_G_進,24341,1,1217050,4260,0.35,4330,0.36,-520,-0.04,1959400,489.85
3802,多頭出場,2025-08-18 12:30,L_Exit_G,24439,1,1218300,3610,0.30,3680,0.30,-1670,-0.14,1963010,490.75
3802,多頭進場,2025-08-18 09:45,L_Add,24366,1,1218300,3610,0.30,3680,0.30,-1670,-0.14,1963010,490.75
3803,多頭出場,2025-08-18 12:35,L_Exit_Add,24455,1,1219850,2860,0.23,2930,0.24,-3220,-0.26,1965870,491.47
3803,多頭進場,2025-08-18 10:00,L_Add,24397,1,1219850,2860,0.23,2930,0.24,-3220,-0.26,1965870,491.47
3804,多頭出場,2025-08-18 12:35,L_Exit_G,24455,1,1220100,2610,0.21,2680,0.22,-3470,-0.28,1968500,492.12
3804,多頭進場,2025-08-18 10:05,L_G_進,24402,1,1220100,2610,0.21,2680,0.22,-3470,-0.28,1968500,492.12
3805,多頭出場,2025-08-19 09:15,Trend Rev,24370,1,1221100,-2640,-0.22,1980,0.16,-3270,-0.27,1965880,491.47
3805,多頭進場,2025-08-18 12:00,L_G_進,24422,1,1221100,-2640,-0.22,1980,0.16,-3270,-0.27,1965880,491.47
3806,多頭出場,2025-08-19 09:15,Trend Rev,24370,1,1222000,-3540,-0.29,1080,0.09,-4170,-0.34,1962360,490.59
3806,多頭進場,2025-08-18 12:35,L_G_進,24440,1,1222000,-3540,-0.29,1080,0.09,-4170,-0.34,1962360,490.59
3807,空頭出場,2025-08-20 08:45,S_Exit,24087,1,1207950,3560,0.29,3630,0.30,-670,-0.06,1965920,491.48
3807,空頭進場,2025-08-20 03:05,S_Cmd,24159,1,1207950,3560,0.29,3630,0.30,-670,-0.06,1965920,491.48
3808,空頭出場,2025-08-20 09:00,S_Exit_Add,24016,1,1205550,4710,0.39,4780,0.40,-370,-0.03,1970590,492.65
3808,空頭進場,2025-08-20 08:50,S_Cmd,24111,1,1205550,4710,0.39,4780,0.40,-370,-0.03,1970590,492.65
3809,空頭出場,2025-08-20 09:05,S_Exit_Add,23967,1,1204150,5760,0.48,5830,0.48,-470,-0.04,1976370,494.09
3809,空頭進場,2025-08-20 08:55,S_Add,24083,1,1204150,5760,0.48,5830,0.48,-470,-0.04,1976370,494.09
3810,空頭出場,2025-08-20 09:20,S_Exit_G,23894,1,1202300,7560,0.63,7630,0.63,-1570,-0.13,1983890,495.97
3810,空頭進場,2025-08-20 09:00,S_Add,24046,1,1202300,7560,0.63,7630,0.63,-1570,-0.13,1983890,495.97
3811,空頭出場,2025-08-20 09:25,S_Exit_Add,23841,1,1198450,6360,0.53,6430,0.54,-1470,-0.12,1990250,497.56
3811,空頭進場,2025-08-20 09:10,S_Add,23969,1,1198450,6360,0.53,6430,0.54,-1470,-0.12,1990250,497.56
3812,空頭出場,2025-08-20 09:25,S_Exit_Add,23841,1,1198300,6210,0.52,6280,0.52,-1620,-0.14,1996480,499.12
3812,空頭進場,2025-08-20 09:15,S_Add,23966,1,1198300,6210,0.52,6280,0.52,-1620,-0.14,1996480,499.12
3813,空頭出場,2025-08-20 09:25,S_Exit_G,23841,1,1198150,6060,0.51,6130,0.51,-270,-0.02,2002560,500.64
3813,空頭進場,2025-08-20 09:20,S_G_進,23963,1,1198150,6060,0.51,6130,0.51,-270,-0.02,2002560,500.64
3814,空頭出場,2025-08-20 09:50,S_BE,23893,1,1194650,-40,0.00,5030,0.42,-320,-0.03,2002480,500.62
3814,空頭進場,2025-08-20 09:25,S_G_進,23893,1,1194650,-40,0.00,5030,0.42,-320,-0.03,2002480,500.62
3815,空頭出場,2025-08-20 10:15,S_Exit_G,23778,1,1192150,3210,0.27,3280,0.28,-2620,-0.22,2005710,501.43
3815,空頭進場,2025-08-20 09:30,S_Add,23843,1,1192150,3210,0.27,3280,0.28,-2620,-0.22,2005710,501.43
3816,空頭出場,2025-08-20 11:00,S_Exit_Add,23721,1,1190600,4510,0.38,4580,0.38,-4170,-0.35,2010200,502.55
3816,空頭進場,2025-08-20 09:35,S_Add,23812,1,1190600,4510,0.38,4580,0.38,-4170,-0.35,2010200,502.55
3817,空頭出場,2025-08-20 11:00,S_Exit_G,23721,1,1191050,4960,0.42,5030,0.42,-3720,-0.31,2015180,503.80
3817,空頭進場,2025-08-20 09:40,S_G_進,23821,1,1191050,4960,0.42,5030,0.42,-3720,-0.31,2015180,503.80
3818,空頭出場,2025-08-20 11:50,S_Exit_Add,23692,1,1189450,4810,0.40,4880,0.41,-1270,-0.11,2019970,504.99
3818,空頭進場,2025-08-20 10:20,S_Add,23789,1,1189450,4810,0.40,4880,0.41,-1270,-0.11,2019970,504.99
3819,空頭出場,2025-08-20 11:50,S_Exit_G,23692,1,1188050,3410,0.29,3480,0.29,-2670,-0.22,2023400,505.85
3819,空頭進場,2025-08-20 10:25,S_G_進,23761,1,1188050,3410,0.29,3480,0.29,-2670,-0.22,2023400,505.85
3820,空頭出場,2025-08-20 12:00,S_Exit_Add,23681,1,1186900,2810,0.24,2880,0.24,-1570,-0.13,2026190,506.55
3820,空頭進場,2025-08-20 11:05,S_Add,23738,1,1186900,2810,0.24,2880,0.24,-1570,-0.13,2026190,506.55
3821,空頭出場,2025-08-20 13:05,S_Exit_Add,23634,1,1186400,4660,0.39,4730,0.40,-2070,-0.17,2030850,507.71
3821,空頭進場,2025-08-20 11:10,S_G_進,23728,1,1186400,4660,0.39,4730,0.40,-2070,-0.17,2030850,507.71
3822,空頭出場,2025-08-20 13:05,S_Exit_G,23634,1,1184750,3010,0.25,3080,0.26,-1720,-0.15,2033880,508.47
3822,空頭進場,2025-08-20 11:55,S_Add,23695,1,1184750,3010,0.25,3080,0.26,-1720,-0.15,2033880,508.47
3823,空頭出場,2025-08-20 13:05,S_Exit_G,23634,1,1184000,2260,0.19,2330,0.20,-2470,-0.21,2036160,509.04
3823,空頭進場,2025-08-20 12:00,S_G_進,23680,1,1184000,2260,0.19,2330,0.20,-2470,-0.21,2036160,509.04
3824,空頭出場,2025-08-20 21:00,S_Exit_Add,23749,1,1183300,-4190,-0.35,2580,0.22,-4170,-0.35,2031970,507.99
3824,空頭進場,2025-08-20 13:00,S_G_進,23666,1,1183300,-4190,-0.35,2580,0.22,-4170,-0.35,2031970,507.99
3825,空頭出場,2025-08-20 21:50,S_Exit_Add,23609,1,1181100,610,0.05,680,0.06,-6820,-0.58,2032600,508.15
3825,空頭進場,2025-08-20 13:10,S_Add,23622,1,1181100,610,0.05,680,0.06,-6820,-0.58,2032600,508.15
3826,空頭出場,2025-08-20 23:20,S_Exit,23639,1,1178600,-3390,-0.29,2130,0.18,-3370,-0.29,2029210,507.30
3826,空頭進場,2025-08-20 22:10,S_Cmd,23572,1,1178600,-3390,-0.29,2130,0.18,-3370,-0.29,2029210,507.30
3827,空頭出場,2025-08-22 08:45,S_Exit,23869,1,1190850,-2640,-0.22,730,0.06,-2620,-0.22,2026570,506.64
3827,空頭進場,2025-08-22 04:50,S_Cmd,23817,1,1190850,-2640,-0.22,730,0.06,-2620,-0.22,2026570,506.64
3828,空頭出場,2025-08-22 09:15,Trend Rev,23848,1,1189200,-3240,-0.27,30,0.00,-3570,-0.30,2023330,505.83
3828,空頭進場,2025-08-22 09:10,S_Cmd,23784,1,1189200,-3240,-0.27,30,0.00,-3570,-0.30,2023330,505.83
3829,多頭出場,2025-08-25 10:25,L_Exit,24293,1,1205350,9260,0.77,9330,0.77,-3670,-0.30,2032530,508.13
3829,多頭進場,2025-08-22 23:05,L_Cmd,24107,1,1205350,9260,0.77,9330,0.77,-3670,-0.30,2032530,508.13
3830,多頭出場,2025-08-25 13:00,L_G_Cut,24251,1,1211200,1310,0.11,4430,0.37,-320,-0.03,2033860,508.47
3830,多頭進場,2025-08-25 10:10,L_Add,24224,1,1211200,1310,0.11,4430,0.37,-320,-0.03,2033860,508.47
3831,多頭出場,2025-08-25 18:55,Trend Rev,24181,1,1212250,-3240,-0.27,3380,0.28,-3820,-0.32,2030640,507.66
3831,多頭進場,2025-08-25 10:15,L_Add,24245,1,1212250,-3240,-0.27,3380,0.28,-3820,-0.32,2030640,507.66
3832,多頭出場,2025-08-25 18:55,Trend Rev,24181,1,1214650,-5640,-0.46,980,0.08,-6220,-0.51,2025020,506.26
3832,多頭進場,2025-08-25 10:25,L_G_進,24293,1,1214650,-5640,-0.46,980,0.08,-6220,-0.51,2025020,506.26
3833,多頭出場,2025-08-26 01:05,Trend Rev,24198,1,1210000,-140,-0.01,2880,0.24,-520,-0.04,2024860,506.22
3833,多頭進場,2025-08-25 22:00,L_Cmd,24200,1,1210000,-140,-0.01,2880,0.24,-520,-0.04,2024860,506.22
3834,多頭出場,2025-08-26 01:05,Trend Rev,24198,1,1211950,-2090,-0.17,930,0.08,-2420,-0.20,2022790,505.70
3834,多頭進場,2025-08-25 22:50,L_Add,24239,1,1211950,-2090,-0.17,930,0.08,-2420,-0.20,2022790,505.70
3835,多頭出場,2025-08-26 09:20,L_Exit,24127,1,1209750,-3440,-0.28,380,0.03,-3420,-0.28,2019350,504.84
3835,多頭進場,2025-08-26 09:10,L_Cmd,24195,1,1209750,-3440,-0.28,380,0.03,-3420,-0.28,2019350,504.84
3836,多頭出場,2025-08-26 10:45,Trend Rev,24171,1,1209000,-490,-0.04,480,0.04,-1320,-0.11,2018860,504.72
3836,多頭進場,2025-08-26 10:30,L_Cmd,24180,1,1209000,-490,-0.04,480,0.04,-1320,-0.11,2018860,504.72
3837,多頭出場,2025-08-26 15:05,L_Exit,24207,1,1213650,-3340,-0.28,430,0.04,-3320,-0.27,2015520,503.88
3837,多頭進場,2025-08-26 12:55,L_Cmd,24273,1,1213650,-3340,-0.28,430,0.04,-3320,-0.27,2015520,503.88
3838,多頭出場,2025-08-27 09:00,L_Exit,24419,1,1215450,5460,0.45,5530,0.45,-1370,-0.11,2020920,505.23
3838,多頭進場,2025-08-26 22:20,L_Cmd,24309,1,1215450,5460,0.45,5530,0.45,-1370,-0.11,2020920,505.23
3839,多頭出場,2025-08-27 09:00,L_Exit_Add,24419,1,1217600,3310,0.27,3380,0.28,-270,-0.02,2024250,506.06
3839,多頭進場,2025-08-27 08:50,L_Add,24352,1,1217600,3310,0.27,3380,0.28,-270,-0.02,2024250,506.06
3840,多頭出場,2025-08-27 09:00,L_Exit_Add,24419,1,1218650,2260,0.19,2330,0.19,-270,-0.02,2026530,506.63
3840,多頭進場,2025-08-27 08:55,L_Add,24373,1,1218650,2260,0.19,2330,0.19,-270,-0.02,2026530,506.63
3841,多頭出場,2025-08-27 09:00,L_Exit_G,24419,1,1219300,1610,0.13,1680,0.14,-20,0.00,2028160,507.04
3841,多頭進場,2025-08-27 09:00,L_G_進,24386,1,1219300,1610,0.13,1680,0.14,-20,0.00,2028160,507.04
3842,多頭出場,2025-08-27 17:05,Trend Rev,24402,1,1221150,-1090,-0.09,3630,0.30,-2670,-0.22,2027050,506.76
3842,多頭進場,2025-08-27 09:20,L_Cmd,24423,1,1221150,-1090,-0.09,3630,0.30,-2670,-0.22,2027050,506.76
3843,多頭出場,2025-08-27 17:05,Trend Rev,24402,1,1224450,-4390,-0.36,330,0.03,-4820,-0.39,2022680,505.67
3843,多頭進場,2025-08-27 10:25,L_Add,24489,1,1224450,-4390,-0.36,330,0.03,-4820,-0.39,2022680,505.67
3844,多頭出場,2025-08-27 22:30,Trend Rev,24397,1,1220000,-190,-0.02,230,0.02,-320,-0.03,2022490,505.62
3844,多頭進場,2025-08-27 22:20,L_Cmd,24400,1,1220000,-190,-0.02,230,0.02,-320,-0.03,2022490,505.62
3845,多頭出場,2025-08-28 03:55,L_Exit_Add,24487,1,1220600,3710,0.30,3780,0.31,-1220,-0.10,2026160,506.54
3845,多頭進場,2025-08-27 22:55,L_Cmd,24412,1,1220600,3710,0.30,3780,0.31,-1220,-0.10,2026160,506.54
3846,多頭出場,2025-08-28 04:20,L_Exit_Add,24431,1,1222550,-1040,-0.09,1830,0.15,-3170,-0.26,2025140,506.29
3846,多頭進場,2025-08-27 23:50,L_Add,24451,1,1222550,-1040,-0.09,1830,0.15,-3170,-0.26,2025140,506.29
3847,多頭出場,2025-08-28 04:20,L_Exit,24366,1,1223850,-5590,-0.46,530,0.04,-5570,-0.46,2019570,504.89
3847,多頭進場,2025-08-28 03:05,L_Add,24477,1,1223850,-5590,-0.46,530,0.04,-5570,-0.46,2019570,504.89
3848,多頭出場,2025-08-28 21:55,L_Exit,24310,1,1217400,-1940,-0.16,2780,0.23,-1920,-0.16,2017590,504.40
3848,多頭進場,2025-08-28 21:05,L_Cmd,24348,1,1217400,-1940,-0.16,2780,0.23,-1920,-0.16,2017590,504.40
3849,多頭出場,2025-08-29 04:00,L_G_Cut,24430,1,1219800,1660,0.14,2330,0.19,-4470,-0.37,2019230,504.81
3849,多頭進場,2025-08-28 21:40,L_Add,24396,1,1219800,1660,0.14,2330,0.19,-4470,-0.37,2019230,504.81
3850,多頭出場,2025-08-29 09:20,Trend Rev,24387,1,1219850,-540,-0.04,2780,0.23,-4520,-0.37,2018710,504.68
3850,多頭進場,2025-08-28 21:45,L_Add,24397,1,1219850,-540,-0.04,2780,0.23,-4520,-0.37,2018710,504.68
3851,多頭出場,2025-08-29 09:20,Trend Rev,24387,1,1221150,-1840,-0.15,1480,0.12,-2420,-0.20,2016890,504.22
3851,多頭進場,2025-08-29 00:30,L_Add,24423,1,1221150,-1840,-0.15,1480,0.12,-2420,-0.20,2016890,504.22
3852,多頭出場,2025-08-29 09:20,Trend Rev,24387,1,1221850,-2540,-0.21,780,0.06,-3120,-0.26,2014370,503.59
3852,多頭進場,2025-08-29 03:05,L_G_進,24437,1,1221850,-2540,-0.21,780,0.06,-3120,-0.26,2014370,503.59
3853,空頭出場,2025-09-01 12:45,S_Exit,24011,1,1193950,-6640,-0.56,1580,0.13,-6620,-0.55,2007730,501.93
3853,空頭進場,2025-09-01 10:50,S_Cmd,23879,1,1193950,-6640,-0.56,1580,0.13,-6620,-0.55,2007730,501.93
3854,空頭出場,2025-09-02 11:00,S_Exit,23913,1,1200850,5160,0.43,5230,0.44,-3470,-0.29,2012870,503.22
3854,空頭進場,2025-09-02 10:00,S_Cmd,24017,1,1200850,5160,0.43,5230,0.44,-3470,-0.29,2012870,503.22
3855,空頭出場,2025-09-02 12:50,Trend Rev,24053,1,1197400,-5290,-0.44,3380,0.28,-5770,-0.48,2007600,501.90
3855,空頭進場,2025-09-02 10:55,S_Add,23948,1,1197400,-5290,-0.44,3380,0.28,-5770,-0.48,2007600,501.90
3856,空頭出場,2025-09-03 01:30,S_Exit,23839,1,1188350,-3640,-0.31,1880,0.16,-3620,-0.30,2003960,500.99
3856,空頭進場,2025-09-02 23:40,S_Cmd,23767,1,1188350,-3640,-0.31,1880,0.16,-3620,-0.30,2003960,500.99
3857,多頭出場,2025-09-04 08:45,L_Exit,24238,1,1205850,6010,0.50,6080,0.50,-320,-0.03,2009970,502.49
3857,多頭進場,2025-09-04 04:00,L_Cmd,24117,1,1205850,6010,0.50,6080,0.50,-320,-0.03,2009970,502.49
3858,多頭出場,2025-09-04 10:00,L_Exit,24344,1,1211600,5560,0.46,5630,0.46,-1920,-0.16,2015510,503.88
3858,多頭進場,2025-09-04 08:50,L_Cmd,24232,1,1211600,5560,0.46,5630,0.46,-1920,-0.16,2015510,503.88
3859,多頭出場,2025-09-04 11:15,L_Exit_Add,24164,1,1215250,-7090,-0.58,2980,0.25,-7070,-0.58,2008420,502.10
3859,多頭進場,2025-09-04 09:10,L_Add,24305,1,1215250,-7090,-0.58,2980,0.25,-7070,-0.58,2008420,502.10
3860,多頭出場,2025-09-04 13:05,Trend Rev,24147,1,1217450,-10140,-0.83,780,0.06,-10170,-0.84,1998300,499.58
3860,多頭進場,2025-09-04 10:15,L_Add,24349,1,1217450,-10140,-0.83,780,0.06,-10170,-0.84,1998300,499.58
3861,多頭出場,2025-09-05 01:50,L_Exit_Add,24279,1,1209050,4860,0.40,4930,0.41,-70,-0.01,2003120,500.78
3861,多頭進場,2025-09-04 22:35,L_Cmd,24181,1,1209050,4860,0.40,4930,0.41,-70,-0.01,2003120,500.78
3862,多頭出場,2025-09-05 02:35,L_Exit,24293,1,1211300,3310,0.27,3380,0.28,-870,-0.07,2006450,501.61
3862,多頭進場,2025-09-04 23:20,L_Add,24226,1,1211300,3310,0.27,3380,0.28,-870,-0.07,2006450,501.61
3863,多頭出場,2025-09-05 02:40,L_Exit_Add,24303,1,1212400,2710,0.22,2780,0.23,-570,-0.05,2009180,502.29
3863,多頭進場,2025-09-05 00:50,L_Add,24248,1,1212400,2710,0.22,2780,0.23,-570,-0.05,2009180,502.29
3864,多頭出場,2025-09-05 08:45,L_Exit,24382,1,1215550,3510,0.29,3580,0.29,-370,-0.03,2012690,503.17
3864,多頭進場,2025-09-05 03:05,L_Cmd,24311,1,1215550,3510,0.29,3580,0.29,-370,-0.03,2012690,503.17
3865,多頭出場,2025-09-05 09:15,L_Exit,24321,1,1217900,-1890,-0.16,1180,0.10,-1870,-0.15,2010800,502.70
3865,多頭進場,2025-09-05 08:50,L_Cmd,24358,1,1217900,-1890,-0.16,1180,0.10,-1870,-0.15,2010800,502.70
3866,多頭出場,2025-09-05 20:30,L_Exit,24474,1,1216500,7160,0.59,7230,0.59,-570,-0.05,2017940,504.49
3866,多頭進場,2025-09-05 10:00,L_Cmd,24330,1,1216500,7160,0.59,7230,0.59,-570,-0.05,2017940,504.49
3867,多頭出場,2025-09-05 20:55,L_Exit_Add,24503,1,1220100,5010,0.41,5080,0.42,-1920,-0.16,2022970,505.74
3867,多頭進場,2025-09-05 10:35,L_Add,24402,1,1220100,5010,0.41,5080,0.42,-1920,-0.16,2022970,505.74
3868,多頭出場,2025-09-05 22:10,L_Exit,24483,1,1226900,-2790,-0.23,480,0.04,-2770,-0.23,2020180,505.04
3868,多頭進場,2025-09-05 21:45,L_Cmd,24538,1,1226900,-2790,-0.23,480,0.04,-2770,-0.23,2020180,505.04
3869,多頭出場,2025-09-06 00:50,Trend Rev,24409,1,1220800,-390,-0.03,430,0.04,-670,-0.05,2019790,504.95
3869,多頭進場,2025-09-06 00:45,L_Cmd,24416,1,1220800,-390,-0.03,430,0.04,-670,-0.05,2019790,504.95
3870,多頭出場,2025-09-08 08:45,L_Exit,24607,1,1224900,5410,0.44,5480,0.45,-1570,-0.13,2025200,506.30
3870,多頭進場,2025-09-06 03:25,L_Cmd,24498,1,1224900,5410,0.44,5480,0.45,-1570,-0.13,2025200,506.30
3871,多頭出場,2025-09-08 10:00,L_Exit,24546,1,1230350,-3090,-0.25,3380,0.27,-3070,-0.25,2022110,505.53
3871,多頭進場,2025-09-08 08:50,L_Cmd,24607,1,1230350,-3090,-0.25,3380,0.27,-3070,-0.25,2022110,505.53
3872,多頭出場,2025-09-08 22:05,L_Exit,24654,1,1230300,2360,0.19,2430,0.20,-1020,-0.08,2024410,506.10
3872,多頭進場,2025-09-08 21:15,L_Cmd,24606,1,1230300,2360,0.19,2430,0.20,-1020,-0.08,2024410,506.10
3873,多頭出場,2025-09-08 23:55,L_Exit_G,24677,1,1231350,2460,0.20,2530,0.21,-1070,-0.09,2026870,506.72
3873,多頭進場,2025-09-08 21:35,L_Add,24627,1,1231350,2460,0.20,2530,0.21,-1070,-0.09,2026870,506.72
3874,多頭出場,2025-09-08 23:55,L_Exit_G,24677,1,1231800,2010,0.16,2080,0.17,-1070,-0.09,2028900,507.23
3874,多頭進場,2025-09-08 21:50,L_Add,24636,1,1231800,2010,0.16,2080,0.17,-1070,-0.09,2028900,507.23
3875,多頭出場,2025-09-09 00:00,L_Exit_Add,24679,1,1232250,1660,0.13,1730,0.14,-1520,-0.12,2030560,507.64
3875,多頭進場,2025-09-08 21:55,L_G_進,24645,1,1232250,1660,0.13,1730,0.14,-1520,-0.12,2030560,507.64
3876,多頭出場,2025-09-09 02:20,L_Exit_Add,24686,1,1232750,1510,0.12,1580,0.13,-720,-0.06,2032090,508.02
3876,多頭進場,2025-09-08 22:55,L_G_進,24655,1,1232750,1510,0.12,1580,0.13,-720,-0.06,2032090,508.02
3877,多頭出場,2025-09-09 03:40,L_Exit_Add,24711,1,1233850,1660,0.13,1730,0.14,-1570,-0.13,2033730,508.43
3877,多頭進場,2025-09-09 00:00,L_Add,24677,1,1233850,1660,0.13,1730,0.14,-1570,-0.13,2033730,508.43
3878,多頭出場,2025-09-09 08:45,L_Exit_Add,24732,1,1234950,1610,0.13,1680,0.14,-670,-0.05,2035360,508.84
3878,多頭進場,2025-09-09 03:05,L_Add,24699,1,1234950,1610,0.13,1680,0.14,-670,-0.05,2035360,508.84
3879,多頭出場,2025-09-09 09:00,L_Exit_Add,24689,1,1235400,-990,-0.08,1530,0.12,-970,-0.08,2034370,508.59
3879,多頭進場,2025-09-09 03:40,L_Add,24708,1,1235400,-990,-0.08,1530,0.12,-970,-0.08,2034370,508.59
3880,多頭出場,2025-09-09 09:10,L_Exit_Add,24665,1,1236600,-3390,-0.27,330,0.03,-3370,-0.27,2031000,507.75
3880,多頭進場,2025-09-09 08:50,L_Add,24732,1,1236600,-3390,-0.27,330,0.03,-3370,-0.27,2031000,507.75
3881,多頭出場,2025-09-09 10:10,L_Exit,24836,1,1236350,5410,0.44,5480,0.44,-420,-0.03,2036370,509.09
3881,多頭進場,2025-09-09 09:45,L_Cmd,24727,1,1236350,5410,0.44,5480,0.44,-420,-0.03,2036370,509.09
3882,多頭出場,2025-09-09 15:35,L_Exit_Add,24879,1,1238950,4960,0.40,5030,0.41,-3970,-0.32,2041350,510.34
3882,多頭進場,2025-09-09 10:05,L_Add,24779,1,1238950,4960,0.40,5030,0.41,-3970,-0.32,2041350,510.34
3883,多頭出場,2025-09-09 20:55,Trend Rev,24795,1,1241100,-1390,-0.11,2880,0.23,-6120,-0.49,2039980,510.00
3883,多頭進場,2025-09-09 10:10,L_Add,24822,1,1241100,-1390,-0.11,2880,0.23,-6120,-0.49,2039980,510.00
3884,多頭出場,2025-09-09 22:35,L_Exit,24784,1,1241450,-2290,-0.18,2030,0.16,-2270,-0.18,2037670,509.42
3884,多頭進場,2025-09-09 21:35,L_Cmd,24829,1,1241450,-2290,-0.18,2030,0.16,-2270,-0.18,2037670,509.42
3885,多頭出場,2025-09-09 22:40,Trend Rev,24803,1,1243200,-3090,-0.25,180,0.01,-4370,-0.35,2034600,508.65
3885,多頭進場,2025-09-09 22:25,L_Add,24864,1,1243200,-3090,-0.25,180,0.01,-4370,-0.35,2034600,508.65
3886,多頭出場,2025-09-10 08:45,L_Exit,24994,1,1244600,5060,0.41,5130,0.41,-770,-0.06,2039620,509.91
3886,多頭進場,2025-09-10 00:10,L_Cmd,24892,1,1244600,5060,0.41,5130,0.41,-770,-0.06,2039620,509.91
3887,多頭出場,2025-09-10 08:45,L_Exit_Add,24994,1,1246650,3010,0.24,3080,0.25,-170,-0.01,2042650,510.66
3887,多頭進場,2025-09-10 01:00,L_Add,24933,1,1246650,3010,0.24,3080,0.25,-170,-0.01,2042650,510.66
3888,多頭出場,2025-09-10 09:00,L_Exit_Add,25026,1,1247900,3360,0.27,3430,0.27,-1420,-0.11,2046010,511.50
3888,多頭進場,2025-09-10 03:05,L_Add,24958,1,1247900,3360,0.27,3430,0.27,-1420,-0.11,2046010,511.50
3889,多頭出場,2025-09-10 09:25,L_Exit_Add,25057,1,1250500,2310,0.18,2380,0.19,-1970,-0.16,2048340,512.09
3889,多頭進場,2025-09-10 09:00,L_Add,25010,1,1250500,2310,0.18,2380,0.19,-1970,-0.16,2048340,512.09
3890,多頭出場,2025-09-10 15:50,L_Exit,25253,1,1255500,7110,0.57,7180,0.57,-920,-0.07,2055410,513.85
3890,多頭進場,2025-09-10 09:55,L_Cmd,25110,1,1255500,7110,0.57,7180,0.57,-920,-0.07,2055410,513.85
3891,多頭出場,2025-09-10 20:30,L_Exit_Add,25274,1,1258900,4760,0.38,4830,0.38,-1420,-0.11,2060190,515.05
3891,多頭進場,2025-09-10 10:35,L_Add,25178,1,1258900,4760,0.38,4830,0.38,-1420,-0.11,2060190,515.05
3892,多頭出場,2025-09-10 21:10,L_Exit_Add,25268,1,1260650,2710,0.21,3080,0.24,-3170,-0.25,2062900,515.73
3892,多頭進場,2025-09-10 11:05,L_Add,25213,1,1260650,2710,0.21,3080,0.24,-3170,-0.25,2062900,515.73
3893,多頭出場,2025-09-10 22:05,L_Exit_Add,25344,1,1263400,3760,0.30,3830,0.30,-820,-0.06,2066680,516.67
3893,多頭進場,2025-09-10 21:10,L_Add,25268,1,1263400,3760,0.30,3830,0.30,-820,-0.06,2066680,516.67
3894,多頭出場,2025-09-10 23:05,L_Exit,25442,1,1266600,5460,0.43,5530,0.44,-420,-0.03,2072120,518.03
3894,多頭進場,2025-09-10 22:10,L_Cmd,25332,1,1266600,5460,0.43,5530,0.44,-420,-0.03,2072120,518.03
3895,多頭出場,2025-09-11 02:20,L_Exit_Add,25355,1,1269800,-2090,-0.16,3930,0.31,-2070,-0.16,2070030,517.51
3895,多頭進場,2025-09-10 22:25,L_Add,25396,1,1269800,-2090,-0.16,3930,0.31,-2070,-0.16,2070030,517.51
3896,多頭出場,2025-09-11 03:15,Trend Rev,25309,1,1273400,-7990,-0.63,0,0.00,-8020,-0.63,2062060,515.52
3896,多頭進場,2025-09-10 23:15,L_Add,25468,1,1273400,-7990,-0.63,0,0.00,-8020,-0.63,2062060,515.52
3897,多頭出場,2025-09-11 09:10,L_Exit,25333,1,1269250,-2640,-0.21,1180,0.09,-2620,-0.21,2059420,514.86
3897,多頭進場,2025-09-11 08:50,L_Cmd,25385,1,1269250,-2640,-0.21,1180,0.09,-2620,-0.21,2059420,514.86
3898,多頭出場,2025-09-11 12:20,Trend Rev,25356,1,1268950,-1190,-0.09,4280,0.34,-1320,-0.10,2058210,514.55
3898,多頭進場,2025-09-11 10:00,L_Cmd,25379,1,1268950,-1190,-0.09,4280,0.34,-1320,-0.10,2058210,514.55
3899,多頭出場,2025-09-11 12:20,Trend Rev,25356,1,1272450,-4690,-0.37,780,0.06,-4820,-0.38,2053540,513.39
3899,多頭進場,2025-09-11 11:25,L_Add,25449,1,1272450,-4690,-0.37,780,0.06,-4820,-0.38,2053540,513.39
3900,多頭出場,2025-09-12 09:30,L_Exit,25387,1,1271500,-2190,-0.17,1130,0.09,-2170,-0.17,2051350,512.84
3900,多頭進場,2025-09-12 09:10,L_Cmd,25430,1,1271500,-2190,-0.17,1130,0.09,-2170,-0.17,2051350,512.84
3901,多頭出場,2025-09-12 23:20,Trend Rev,25391,1,1270050,-540,-0.04,330,0.03,-520,-0.04,2050810,512.70
3901,多頭進場,2025-09-12 23:15,L_Cmd,25401,1,1270050,-540,-0.04,330,0.03,-520,-0.04,2050810,512.70
3902,多頭出場,2025-09-15 09:00,L_Exit,25387,1,1271250,-1940,-0.15,1230,0.10,-1920,-0.15,2048870,512.22
3902,多頭進場,2025-09-15 08:55,L_Cmd,25425,1,1271250,-1940,-0.15,1230,0.10,-1920,-0.15,2048870,512.22
3903,多頭出場,2025-09-15 12:05,Trend Rev,25360,1,1269350,-1390,-0.11,1030,0.08,-1420,-0.11,2047480,511.87
3903,多頭進場,2025-09-15 11:50,L_Cmd,25387,1,1269350,-1390,-0.11,1030,0.08,-1420,-0.11,2047480,511.87
3904,多頭出場,2025-09-16 09:00,L_Exit,25505,1,1270550,4660,0.37,4730,0.37,-1120,-0.09,2052120,513.03
3904,多頭進場,2025-09-15 22:00,L_Cmd,25411,1,1270550,4660,0.37,4730,0.37,-1120,-0.09,2052120,513.03
3905,多頭出場,2025-09-16 09:00,L_Exit_Add,25505,1,1272000,3210,0.25,3280,0.26,-2520,-0.20,2055350,513.84
3905,多頭進場,2025-09-15 22:30,L_Add,25440,1,1272000,3210,0.25,3280,0.26,-2520,-0.20,2055350,513.84
3906,多頭出場,2025-09-16 21:40,Trend Rev,25593,1,1280050,-440,-0.03,3080,0.24,-2820,-0.22,2054910,513.73
3906,多頭進場,2025-09-16 09:40,L_Cmd,25601,1,1280050,-440,-0.03,3080,0.24,-2820,-0.22,2054910,513.73
3907,多頭出場,2025-09-17 03:55,L_Exit,25603,1,1281300,-1190,-0.09,130,0.01,-1170,-0.09,2053720,513.43
3907,多頭進場,2025-09-17 03:05,L_Cmd,25626,1,1281300,-1190,-0.09,130,0.01,-1170,-0.09,2053720,513.43
3908,多頭出場,2025-09-18 00:40,L_Exit,25514,1,1278000,-2340,-0.18,630,0.05,-2320,-0.18,2051380,512.85
3908,多頭進場,2025-09-17 22:15,L_Cmd,25560,1,1278000,-2340,-0.18,630,0.05,-2320,-0.18,2051380,512.85
3909,多頭出場,2025-09-18 09:40,Trend Rev,25531,1,1278300,-1790,-0.14,3980,0.31,-2420,-0.19,2049590,512.40
3909,多頭進場,2025-09-18 03:30,L_Cmd,25566,1,1278300,-1790,-0.14,3980,0.31,-2420,-0.19,2049590,512.40
3910,多頭出場,2025-09-18 15:45,L_Exit,25776,1,1281100,7660,0.60,7730,0.60,-370,-0.03,2057210,514.30
3910,多頭進場,2025-09-18 10:55,L_Cmd,25622,1,1281100,7660,0.60,7730,0.60,-370,-0.03,2057210,514.30
3911,多頭出場,2025-09-18 16:05,L_Exit_Add,25786,1,1284250,5010,0.39,5080,0.40,-1370,-0.11,2062240,515.56
3911,多頭進場,2025-09-18 11:10,L_Add,25685,1,1284250,5010,0.39,5080,0.40,-1370,-0.11,2062240,515.56
3912,多頭出場,2025-09-18 17:30,L_Exit_Add,25831,1,1286550,4960,0.39,5030,0.39,-1670,-0.13,2067220,516.80
3912,多頭進場,2025-09-18 12:05,L_Add,25731,1,1286550,4960,0.39,5030,0.39,-1670,-0.13,2067220,516.80
3913,多頭出場,2025-09-19 09:00,Trend Rev,25783,1,1286200,2910,0.23,6880,0.53,-120,-0.01,2070090,517.52
3913,多頭進場,2025-09-18 22:05,L_Cmd,25724,1,1286200,2910,0.23,6880,0.53,-120,-0.01,2070090,517.52
3914,多頭出場,2025-09-19 09:00,Trend Rev,25783,1,1289800,-690,-0.05,3280,0.25,-1670,-0.13,2069420,517.36
3914,多頭進場,2025-09-18 22:25,L_Add,25796,1,1289800,-690,-0.05,3280,0.25,-1670,-0.13,2069420,517.36
3915,多頭出場,2025-09-19 09:00,Trend Rev,25783,1,1292300,-3190,-0.25,780,0.06,-3570,-0.28,2066250,516.56
3915,多頭進場,2025-09-18 23:20,L_Add,25846,1,1292300,-3190,-0.25,780,0.06,-3570,-0.28,2066250,516.56
3916,多頭出場,2025-09-19 21:30,L_Exit,25712,1,1287300,-1740,-0.14,580,0.05,-1720,-0.13,2064510,516.13
3916,多頭進場,2025-09-19 21:15,L_Cmd,25746,1,1287300,-1740,-0.14,580,0.05,-1720,-0.13,2064510,516.13
3917,多頭出場,2025-09-20 02:25,Trend Rev,25719,1,1286350,-440,-0.03,1380,0.11,-420,-0.03,2064070,516.02
3917,多頭進場,2025-09-20 00:15,L_Cmd,25727,1,1286350,-440,-0.03,1380,0.11,-420,-0.03,2064070,516.02
3918,多頭出場,2025-09-22 15:30,Trend Rev,25810,1,1291850,-1390,-0.11,5130,0.40,-1570,-0.12,2062640,515.66
3918,多頭進場,2025-09-22 10:40,L_Cmd,25837,1,1291850,-1390,-0.11,5130,0.40,-1570,-0.12,2062640,515.66
3919,多頭出場,2025-09-22 15:30,Trend Rev,25810,1,1295350,-4890,-0.38,1630,0.13,-5070,-0.39,2057770,514.44
3919,多頭進場,2025-09-22 11:30,L_Add,25907,1,1295350,-4890,-0.38,1630,0.13,-5070,-0.39,2057770,514.44
3920,多頭出場,2025-09-22 15:30,Trend Rev,25810,1,1296350,-5890,-0.45,630,0.05,-6070,-0.47,2051900,512.97
3920,多頭進場,2025-09-22 11:40,L_Add,25927,1,1296350,-5890,-0.45,630,0.05,-6070,-0.47,2051900,512.97
3921,多頭出場,2025-09-22 23:20,L_Exit,25918,1,1292250,3610,0.28,3680,0.28,-620,-0.05,2055450,513.86
3921,多頭進場,2025-09-22 21:55,L_Cmd,25845,1,1292250,3610,0.28,3680,0.28,-620,-0.05,2055450,513.86
3922,多頭出場,2025-09-23 00:00,L_Exit_G,25929,1,1293850,2560,0.20,2630,0.20,-2220,-0.17,2058030,514.51
3922,多頭進場,2025-09-22 22:10,L_Add,25877,1,1293850,2560,0.20,2630,0.20,-2220,-0.17,2058030,514.51
3923,多頭出場,2025-09-23 00:05,L_Exit_Add,25959,1,1294650,3260,0.25,3330,0.26,-420,-0.03,2061310,515.33
3923,多頭進場,2025-09-22 23:00,L_Add,25893,1,1294650,3260,0.25,3330,0.26,-420,-0.03,2061310,515.33
3924,多頭出場,2025-09-23 00:05,L_Exit_Add,25959,1,1295150,2760,0.21,2830,0.22,-920,-0.07,2064090,516.02
3924,多頭進場,2025-09-22 23:05,L_G_進,25903,1,1295150,2760,0.21,2830,0.22,-920,-0.07,2064090,516.02
3925,多頭出場,2025-09-23 02:15,L_Exit,26106,1,1300250,5010,0.39,5080,0.39,-370,-0.03,2069080,517.27
3925,多頭進場,2025-09-23 00:35,L_Cmd,26005,1,1300250,5010,0.39,5080,0.39,-370,-0.03,2069080,517.27
3926,多頭出場,2025-09-23 03:15,L_Exit_Add,26091,1,1302300,2210,0.17,3030,0.23,-220,-0.02,2071290,517.82
3926,多頭進場,2025-09-23 01:00,L_Add,26046,1,1302300,2210,0.17,3030,0.23,-220,-0.02,2071290,517.82
3927,多頭出場,2025-09-23 09:20,L_Exit_Add,26026,1,1304300,-3040,-0.23,1930,0.15,-3020,-0.23,2068270,517.07
3927,多頭進場,2025-09-23 03:05,L_Add,26086,1,1304300,-3040,-0.23,1930,0.15,-3020,-0.23,2068270,517.07
3928,多頭出場,2025-09-23 11:15,L_Exit,26305,1,1307500,7710,0.59,7780,0.60,-370,-0.03,2075920,518.98
3928,多頭進場,2025-09-23 10:00,L_Cmd,26150,1,1307500,7710,0.59,7780,0.60,-370,-0.03,2075920,518.98
3929,多頭出場,2025-09-23 11:15,L_Exit_G,26305,1,1310700,4510,0.34,4580,0.35,-1970,-0.15,2080450,520.11
3929,多頭進場,2025-09-23 10:25,L_Add,26214,1,1310700,4510,0.34,4580,0.35,-1970,-0.15,2080450,520.11
3930,多頭出場,2025-09-23 11:35,L_Exit_Add,26325,1,1312100,4110,0.31,4180,0.32,-270,-0.02,2084580,521.15
3930,多頭進場,2025-09-23 11:05,L_Add,26242,1,1312100,4110,0.31,4180,0.32,-270,-0.02,2084580,521.15
3931,多頭出場,2025-09-23 16:05,L_Exit_Add,26348,1,1313500,3860,0.29,3930,0.30,-4970,-0.38,2088460,522.12
3931,多頭進場,2025-09-23 11:10,L_G_進,26270,1,1313500,3860,0.29,3930,0.30,-4970,-0.38,2088460,522.12
3932,多頭出場,2025-09-23 21:25,L_Exit,26492,1,1327050,-2490,-0.19,130,0.01,-2470,-0.19,2085970,521.49
3932,多頭進場,2025-09-23 21:10,L_Cmd,26541,1,1327050,-2490,-0.19,130,0.01,-2470,-0.19,2085970,521.49
3933,多頭出場,2025-09-24 03:30,Trend Rev,26385,1,1319750,-540,-0.04,130,0.01,-870,-0.07,2085430,521.36
3933,多頭進場,2025-09-24 03:20,L_Cmd,26395,1,1319750,-540,-0.04,130,0.01,-870,-0.07,2085430,521.36
3934,多頭出場,2025-09-24 04:15,Trend Rev,26389,1,1320350,-940,-0.07,30,0.00,-970,-0.07,2084490,521.12
3934,多頭進場,2025-09-24 03:55,L_Cmd,26407,1,1320350,-940,-0.07,30,0.00,-970,-0.07,2084490,521.12
3935,多頭出場,2025-09-24 23:50,L_Exit,26171,1,1312200,-3690,-0.28,130,0.01,-3670,-0.28,2080800,520.20
3935,多頭進場,2025-09-24 22:50,L_Cmd,26244,1,1312200,-3690,-0.28,130,0.01,-3670,-0.28,2080800,520.20
3936,多頭出場,2025-09-25 10:25,L_Exit,26146,1,1311450,-4190,-0.32,2630,0.20,-4170,-0.32,2076610,519.15
3936,多頭進場,2025-09-25 09:35,L_Cmd,26229,1,1311450,-4190,-0.32,2630,0.20,-4170,-0.32,2076610,519.15
3937,多頭出場,2025-09-26 00:15,Trend Rev,26019,1,1301550,-640,-0.05,1680,0.13,-720,-0.06,2075970,518.99
3937,多頭進場,2025-09-25 23:40,L_Cmd,26031,1,1301550,-640,-0.05,1680,0.13,-720,-0.06,2075970,518.99
3938,空頭出場,2025-09-26 10:35,S_Exit,25689,1,1277000,-7490,-0.59,1980,0.16,-7470,-0.58,2068480,517.12
3938,空頭進場,2025-09-26 10:00,S_Cmd,25540,1,1277000,-7490,-0.59,1980,0.16,-7470,-0.58,2068480,517.12
3939,多頭出場,2025-10-01 03:50,L_Exit,26153,1,1303050,4560,0.35,4630,0.36,-2070,-0.16,2072980,518.25
3939,多頭進場,2025-09-30 21:45,L_Cmd,26061,1,1303050,4560,0.35,4630,0.36,-2070,-0.16,2072980,518.25
3940,多頭出場,2025-10-01 04:45,L_G_Cut,26109,1,1306000,-590,-0.05,2080,0.16,-4070,-0.31,2072410,518.10
3940,多頭進場,2025-09-30 22:50,L_Add,26120,1,1306000,-590,-0.05,2080,0.16,-4070,-0.31,2072410,518.10
3941,多頭出場,2025-10-01 09:00,L_Exit_Add,26061,1,1306350,-3340,-0.26,1730,0.13,-3320,-0.25,2069090,517.27
3941,多頭進場,2025-10-01 03:10,L_Add,26127,1,1306350,-3340,-0.26,1730,0.13,-3320,-0.25,2069090,517.27
3942,多頭出場,2025-10-01 09:10,L_Exit_Add,26177,1,1307250,1560,0.12,1630,0.12,-4220,-0.32,2070670,517.67
3942,多頭進場,2025-10-01 03:30,L_G_進,26145,1,1307250,1560,0.12,1630,0.12,-4220,-0.32,2070670,517.67
3943,多頭出場,2025-10-01 09:30,L_Exit_G,26309,1,1308150,7260,0.55,7330,0.56,-70,-0.01,2077870,519.47
3943,多頭進場,2025-10-01 09:15,L_Cmd,26163,1,1308150,7260,0.55,7330,0.56,-70,-0.01,2077870,519.47
3944,多頭出場,2025-10-01 09:35,L_Exit_Add,26341,1,1311050,5960,0.45,6030,0.46,-170,-0.01,2083850,520.96
3944,多頭進場,2025-10-01 09:20,L_Add,26221,1,1311050,5960,0.45,6030,0.46,-170,-0.01,2083850,520.96
3945,多頭出場,2025-10-01 10:05,L_BE,26270,1,1313500,-40,0.00,5230,0.40,-620,-0.05,2083790,520.95
3945,多頭進場,2025-10-01 09:25,L_Add,26270,1,1313500,-40,0.00,5230,0.40,-620,-0.05,2083790,520.95
3946,多頭出場,2025-10-01 10:40,L_G_Cut,26202,1,1314150,-4090,-0.31,4580,0.35,-4420,-0.34,2079720,519.93
3946,多頭進場,2025-10-01 09:30,L_G_進,26283,1,1314150,-4090,-0.31,4580,0.35,-4420,-0.34,2079720,519.93
3947,多頭出場,2025-10-01 10:40,L_Exit_Add,26181,1,1317050,-8040,-0.61,1680,0.13,-8020,-0.61,2071700,517.92
3947,多頭進場,2025-10-01 09:40,L_Add,26341,1,1317050,-8040,-0.61,1680,0.13,-8020,-0.61,2071700,517.92
3948,多頭出場,2025-10-01 10:55,L_Exit_Add,26110,1,1317400,-11940,-0.91,830,0.06,-11920,-0.90,2059780,514.94
3948,多頭進場,2025-10-01 09:45,L_G_進,26348,1,1317400,-11940,-0.91,830,0.06,-11920,-0.90,2059780,514.94
3949,多頭出場,2025-10-01 22:25,L_Exit,26294,1,1309250,5410,0.41,5480,0.42,-1620,-0.12,2065130,516.28
3949,多頭進場,2025-10-01 21:35,L_Cmd,26185,1,1309250,5410,0.41,5480,0.42,-1620,-0.12,2065130,516.28
3950,多頭出場,2025-10-01 23:30,L_Exit_G,26312,1,1311600,3960,0.30,4030,0.31,-220,-0.02,2069110,517.28
3950,多頭進場,2025-10-01 22:10,L_Add,26232,1,1311600,3960,0.30,4030,0.31,-220,-0.02,2069110,517.28
3951,多頭出場,2025-10-01 23:35,L_Exit_Add,26324,1,1312750,3410,0.26,3480,0.27,-120,-0.01,2072520,518.13
3951,多頭進場,2025-10-01 22:20,L_Add,26255,1,1312750,3410,0.26,3480,0.27,-120,-0.01,2072520,518.13
3952,多頭出場,2025-10-01 23:45,L_Exit_Add,26347,1,1313450,3860,0.29,3930,0.30,-770,-0.06,2076380,519.10
3952,多頭進場,2025-10-01 22:25,L_G_進,26269,1,1313450,3860,0.29,3930,0.30,-770,-0.06,2076380,519.10
3953,多頭出場,2025-10-02 01:05,L_Exit_Add,26399,1,1315400,4510,0.34,4580,0.35,-120,-0.01,2080870,520.22
3953,多頭進場,2025-10-01 23:35,L_Add,26308,1,1315400,4510,0.34,4580,0.35,-120,-0.01,2080870,520.22
3954,多頭出場,2025-10-02 01:10,L_Exit_G,26409,1,1316600,3810,0.29,3880,0.29,-970,-0.07,2084700,521.18
3954,多頭進場,2025-10-01 23:45,L_Add,26332,1,1316600,3810,0.29,3880,0.29,-970,-0.07,2084700,521.18
3955,多頭出場,2025-10-02 01:25,L_Exit_Add,26416,1,1318250,2510,0.19,2580,0.20,-870,-0.07,2087230,521.81
3955,多頭進場,2025-10-02 00:25,L_Add,26365,1,1318250,2510,0.19,2580,0.20,-870,-0.07,2087230,521.81
3956,多頭出場,2025-10-02 03:05,L_Exit_Add,26439,1,1318900,3010,0.23,3430,0.26,-1770,-0.13,2090240,522.56
3956,多頭進場,2025-10-02 00:50,L_G_進,26378,1,1318900,3010,0.23,3430,0.26,-1770,-0.13,2090240,522.56
3957,多頭出場,2025-10-02 09:00,L_Exit_Add,26526,1,1321800,4460,0.34,4530,0.34,-2070,-0.16,2094720,523.68
3957,多頭進場,2025-10-02 03:05,L_Add,26436,1,1321800,4460,0.34,4530,0.34,-2070,-0.16,2094720,523.68
3958,多頭出場,2025-10-02 21:35,L_Exit,26536,1,1330000,-3240,-0.24,30,0.00,-3570,-0.27,2091480,522.87
3958,多頭進場,2025-10-02 21:30,L_Cmd,26600,1,1330000,-3240,-0.24,30,0.00,-3570,-0.27,2091480,522.87
3959,多頭出場,2025-10-03 09:20,L_BE,26474,1,1323700,-40,0.00,3480,0.26,-170,-0.01,2091420,522.86
3959,多頭進場,2025-10-03 09:15,L_Cmd,26474,1,1323700,-40,0.00,3480,0.26,-170,-0.01,2091420,522.86
3960,多頭出場,2025-10-03 10:30,L_Exit_Add,26695,1,1326400,8310,0.63,8380,0.63,-4120,-0.31,2099710,524.93
3960,多頭進場,2025-10-03 09:20,L_Add,26528,1,1326400,8310,0.63,8380,0.63,-4120,-0.31,2099710,524.93
3961,多頭出場,2025-10-03 10:35,L_Exit_Add,26726,1,1329050,7210,0.54,7280,0.55,-1070,-0.08,2106920,526.73
3961,多頭進場,2025-10-03 10:10,L_Add,26581,1,1329050,7210,0.54,7280,0.55,-1070,-0.08,2106920,526.73
3962,多頭出場,2025-10-03 12:50,L_Exit_Add,26729,1,1332150,4260,0.32,4330,0.33,-970,-0.07,2111180,527.79
3962,多頭進場,2025-10-03 10:30,L_Add,26643,1,1332150,4260,0.32,4330,0.33,-970,-0.07,2111180,527.79
3963,多頭出場,2025-10-03 15:00,L_Exit_Add,26794,1,1334700,4960,0.37,5030,0.38,-3520,-0.26,2116160,529.04
3963,多頭進場,2025-10-03 10:35,L_Add,26694,1,1334700,4960,0.37,5030,0.38,-3520,-0.26,2116160,529.04
3964,多頭出場,2025-10-03 15:05,L_Exit_Add,26816,1,1336200,4560,0.34,4630,0.35,-1570,-0.12,2120740,530.18
3964,多頭進場,2025-10-03 12:50,L_Add,26724,1,1336200,4560,0.34,4630,0.35,-1570,-0.12,2120740,530.18
3965,多頭出場,2025-10-03 22:00,L_Exit,26718,1,1339100,-3240,-0.24,1530,0.11,-3220,-0.24,2117500,529.38
3965,多頭進場,2025-10-03 21:40,L_Cmd,26782,1,1339100,-3240,-0.24,1530,0.11,-3220,-0.24,2117500,529.38
3966,多頭出場,2025-10-04 01:05,Trend Rev,26729,1,1338900,-2490,-0.19,2080,0.16,-3070,-0.23,2115010,528.75
3966,多頭進場,2025-10-03 22:35,L_Cmd,26778,1,1338900,-2490,-0.19,2080,0.16,-3070,-0.23,2115010,528.75
3967,多頭出場,2025-10-07 10:05,L_Exit,27299,1,1351750,13160,0.97,13230,0.98,-1720,-0.13,2128110,532.03
3967,多頭進場,2025-10-07 08:50,L_Cmd,27035,1,1351750,13160,0.97,13230,0.98,-1720,-0.13,2128110,532.03
3968,多頭出場,2025-10-07 11:00,L_Exit_G,27324,1,1357150,9010,0.66,9080,0.67,-1570,-0.12,2137140,534.29
3968,多頭進場,2025-10-07 09:10,L_Add,27143,1,1357150,9010,0.66,9080,0.67,-1570,-0.12,2137140,534.29
3969,多頭出場,2025-10-07 19:55,L_Exit_Add,27374,1,1362650,6010,0.44,6080,0.45,-3170,-0.23,2143170,535.79
3969,多頭進場,2025-10-07 09:55,L_Add,27253,1,1362650,6010,0.44,6080,0.45,-3170,-0.23,2143170,535.79
3970,多頭出場,2025-10-07 21:05,L_Exit_Add,27392,1,1363600,5960,0.44,6230,0.46,-4120,-0.30,2149130,537.28
3970,多頭進場,2025-10-07 10:00,L_G_進,27272,1,1363600,5960,0.44,6230,0.46,-4120,-0.30,2149130,537.28
3971,多頭出場,2025-10-07 21:30,L_Exit_Add,27334,1,1369600,-2940,-0.21,30,0.00,-2920,-0.21,2146210,536.55
3971,多頭進場,2025-10-07 21:05,L_Add,27392,1,1369600,-2940,-0.21,30,0.00,-2920,-0.21,2146210,536.55
3972,多頭出場,2025-10-08 15:05,Trend Rev,27043,1,1354550,-2440,-0.18,1730,0.13,-3870,-0.29,2143770,535.94
3972,多頭進場,2025-10-08 12:00,L_Cmd,27091,1,1354550,-2440,-0.18,1730,0.13,-3870,-0.29,2143770,535.94
3973,多頭出場,2025-10-08 21:35,L_Exit,27216,1,1353700,7060,0.52,7130,0.53,-70,-0.01,2150810,537.70
3973,多頭進場,2025-10-08 21:15,L_Cmd,27074,1,1353700,7060,0.52,7130,0.53,-70,-0.01,2150810,537.70
3974,多頭出場,2025-10-08 21:35,L_Exit_Add,27216,1,1356300,4460,0.33,4530,0.33,-220,-0.02,2155290,538.82
3974,多頭進場,2025-10-08 21:35,L_Add,27126,1,1356300,4460,0.33,4530,0.33,-220,-0.02,2155290,538.82
3975,多頭出場,2025-10-09 03:30,L_Exit,27382,1,1362000,7060,0.52,7130,0.52,-470,-0.03,2162290,540.57
3975,多頭進場,2025-10-08 22:00,L_Cmd,27240,1,1362000,7060,0.52,7130,0.52,-470,-0.03,2162290,540.57
3976,多頭出場,2025-10-09 03:40,L_Exit_G,27387,1,1366350,2960,0.22,3030,0.22,-270,-0.02,2165270,541.32
3976,多頭進場,2025-10-08 23:25,L_Add,27327,1,1366350,2960,0.22,3030,0.22,-270,-0.02,2165270,541.32
3977,多頭出場,2025-10-09 03:50,L_Exit_Add,27410,1,1367000,3460,0.25,3530,0.26,-920,-0.07,2168730,542.18
3977,多頭進場,2025-10-08 23:30,L_Add,27340,1,1367000,3460,0.25,3530,0.26,-920,-0.07,2168730,542.18
3978,多頭出場,2025-10-09 03:50,L_Exit_Add,27410,1,1367950,2510,0.18,2580,0.19,-1870,-0.14,2171260,542.81
3978,多頭進場,2025-10-09 00:15,L_G_進,27359,1,1367950,2510,0.18,2580,0.19,-1870,-0.14,2171260,542.81
3979,多頭出場,2025-10-09 09:05,L_Exit_Add,27348,1,1370550,-3190,-0.23,2230,0.16,-3170,-0.23,2168090,542.02
3979,多頭進場,2025-10-09 03:50,L_Add,27411,1,1370550,-3190,-0.23,2230,0.16,-3170,-0.23,2168090,542.02
3980,多頭出場,2025-10-09 11:50,L_Exit,27303,1,1370550,-5440,-0.40,130,0.01,-5420,-0.40,2162650,540.66
3980,多頭進場,2025-10-09 10:30,L_Cmd,27411,1,1370550,-5440,-0.40,130,0.01,-5420,-0.40,2162650,540.66
3981,多頭出場,2025-10-13 21:35,Trend Rev,26963,1,1349400,-1290,-0.10,2980,0.22,-1820,-0.13,2161340,540.33
3981,多頭進場,2025-10-13 21:05,L_Cmd,26988,1,1349400,-1290,-0.10,2980,0.22,-1820,-0.13,2161340,540.33
3982,多頭出場,2025-10-13 21:35,Trend Rev,26963,1,1352000,-3890,-0.29,180,0.01,-4420,-0.33,2157470,539.37
3982,多頭進場,2025-10-13 21:30,L_Add,27040,1,1352000,-3890,-0.29,180,0.01,-4420,-0.33,2157470,539.37
3983,多頭出場,2025-10-14 00:45,L_Exit_Add,27267,1,1354500,8810,0.65,8880,0.66,-1770,-0.13,2166220,541.55
3983,多頭進場,2025-10-13 22:00,L_Cmd,27090,1,1354500,8810,0.65,8880,0.66,-1770,-0.13,2166220,541.55
3984,多頭出場,2025-10-14 04:45,L_G_Cut,27234,1,1358450,3210,0.24,5630,0.41,-220,-0.02,2169450,542.36
3984,多頭進場,2025-10-13 23:25,L_Add,27169,1,1358450,3210,0.24,5630,0.41,-220,-0.02,2169450,542.36
3985,多頭出場,2025-10-14 08:45,L_Exit,27319,1,1361500,4410,0.32,4480,0.33,-1970,-0.14,2173880,543.47
3985,多頭進場,2025-10-14 00:20,L_Add,27230,1,1361500,4410,0.32,4480,0.33,-1970,-0.14,2173880,543.47
3986,多頭出場,2025-10-14 08:55,L_Exit_Add,27328,1,1362400,3960,0.29,4030,0.30,-2270,-0.17,2177860,544.47
3986,多頭進場,2025-10-14 00:40,L_G_進,27248,1,1362400,3960,0.29,4030,0.30,-2270,-0.17,2177860,544.47
3987,多頭出場,2025-10-14 09:15,L_BE,27328,1,1366400,-40,0.00,6080,0.44,-620,-0.05,2177780,544.44
3987,多頭進場,2025-10-14 09:00,L_Cmd,27328,1,1366400,-40,0.00,6080,0.44,-620,-0.05,2177780,544.44
3988,多頭出場,2025-10-14 10:25,L_Exit_Add,27280,1,1370600,-6640,-0.48,1880,0.14,-6620,-0.48,2171160,542.79
3988,多頭進場,2025-10-14 09:05,L_Add,27412,1,1370600,-6640,-0.48,1880,0.14,-6620,-0.48,2171160,542.79
3989,多頭出場,2025-10-14 10:25,L_Exit_Add,27267,1,1371250,-7940,-0.58,630,0.05,-7920,-0.58,2163240,540.81
3989,多頭進場,2025-10-14 09:10,L_Add,27425,1,1371250,-7940,-0.58,630,0.05,-7920,-0.58,2163240,540.81
3990,空頭出場,2025-10-14 18:45,S_Exit,26568,1,1336700,8260,0.62,8330,0.62,-4570,-0.34,2171500,542.88
3990,空頭進場,2025-10-14 13:40,S_Cmd,26734,1,1336700,8260,0.62,8330,0.62,-4570,-0.34,2171500,542.88
3991,多頭出場,2025-10-15 03:40,L_Exit,26849,1,1348500,-6090,-0.45,4180,0.31,-6070,-0.45,2165410,541.35
3991,多頭進場,2025-10-15 00:25,L_Cmd,26970,1,1348500,-6090,-0.45,4180,0.31,-6070,-0.45,2165410,541.35
3992,空頭出場,2025-10-15 08:45,S_Exit,26880,1,1339700,-4340,-0.32,380,0.03,-4320,-0.32,2161070,540.27
3992,空頭進場,2025-10-15 04:20,S_Cmd,26794,1,1339700,-4340,-0.32,380,0.03,-4320,-0.32,2161070,540.27
3993,多頭出場,2025-10-15 11:30,L_Exit_G,27232,1,1350600,10960,0.81,11030,0.82,-1170,-0.09,2171970,542.99
3993,多頭進場,2025-10-15 09:45,L_Cmd,27012,1,1350600,10960,0.81,11030,0.82,-1170,-0.09,2171970,542.99
3994,多頭出場,2025-10-15 13:15,L_Exit,27265,1,1355650,7560,0.56,7630,0.56,-570,-0.04,2179550,544.89
3994,多頭進場,2025-10-15 10:20,L_Add,27113,1,1355650,7560,0.56,7630,0.56,-570,-0.04,2179550,544.89
3995,多頭出場,2025-10-15 13:20,L_Exit_Add,27296,1,1358000,6760,0.50,6830,0.50,-1770,-0.13,2186330,546.58
3995,多頭進場,2025-10-15 11:05,L_Add,27160,1,1358000,6760,0.50,6830,0.50,-1770,-0.13,2186330,546.58
3996,多頭出場,2025-10-15 13:30,L_Exit_Add,27296,1,1359900,4860,0.36,5030,0.37,-3670,-0.27,2191190,547.80
3996,多頭進場,2025-10-15 11:10,L_G_進,27198,1,1359900,4860,0.36,5030,0.37,-3670,-0.27,2191190,547.80
3997,多頭出場,2025-10-15 15:15,L_Exit_Add,27419,1,1364850,6060,0.44,6130,0.45,-1620,-0.12,2197270,549.32
3997,多頭進場,2025-10-15 13:30,L_Add,27297,1,1364850,6060,0.44,6130,0.45,-1620,-0.12,2197270,549.32
3998,多頭出場,2025-10-15 23:30,L_Exit,27444,1,1377900,-5740,-0.42,330,0.02,-5720,-0.42,2191530,547.88
3998,多頭進場,2025-10-15 22:10,L_Cmd,27558,1,1377900,-5740,-0.42,330,0.02,-5720,-0.42,2191530,547.88
3999,多頭出場,2025-10-16 09:30,L_Exit,27631,1,1375400,6110,0.44,6180,0.45,-2570,-0.19,2197640,549.41
3999,多頭進場,2025-10-16 08:50,L_Cmd,27508,1,1375400,6110,0.44,6180,0.45,-2570,-0.19,2197640,549.41
4000,多頭出場,2025-10-16 10:30,L_Exit_Add,27525,1,1381600,-5390,-0.39,5030,0.36,-5370,-0.39,2192230,548.06
4000,多頭進場,2025-10-16 09:35,L_Cmd,27632,1,1381600,-5390,-0.39,5030,0.36,-5370,-0.39,2192230,548.06
4001,多頭出場,2025-10-16 10:30,L_Exit,27513,1,1386350,-10740,-0.77,280,0.02,-10720,-0.77,2181510,545.38
4001,多頭進場,2025-10-16 10:10,L_Add,27727,1,1386350,-10740,-0.77,280,0.02,-10720,-0.77,2181510,545.38
4002,多頭出場,2025-10-16 15:05,L_Exit_Add,27678,1,1384250,-390,-0.03,9630,0.70,-370,-0.03,2181080,545.27
4002,多頭進場,2025-10-16 12:15,L_Cmd,27685,1,1384250,-390,-0.03,9630,0.70,-370,-0.03,2181080,545.27
4003,多頭出場,2025-10-16 21:35,Trend Rev,27654,1,1388500,-5840,-0.42,5380,0.39,-7920,-0.57,2175260,543.82
4003,多頭進場,2025-10-16 13:15,L_Add,27770,1,1388500,-5840,-0.42,5380,0.39,-7920,-0.57,2175260,543.82
4004,多頭出場,2025-10-16 21:35,Trend Rev,27654,1,1393000,-10340,-0.74,130,0.01,-12420,-0.89,2164940,541.24
4004,多頭進場,2025-10-16 13:35,L_Add,27860,1,1393000,-10340,-0.74,130,0.01,-12420,-0.89,2164940,541.24
4005,多頭出場,2025-10-16 23:30,Trend Rev,27651,1,1387000,-4490,-0.32,530,0.04,-5170,-0.37,2160450,540.11
4005,多頭進場,2025-10-16 23:10,L_Cmd,27740,1,1387000,-4490,-0.32,530,0.04,-5170,-0.37,2160450,540.11
4006,多頭出場,2025-10-17 23:20,L_Exit,27303,1,1370550,-5440,-0.40,3880,0.28,-5420,-0.40,2155010,538.75
4006,多頭進場,2025-10-17 21:35,L_Cmd,27411,1,1370550,-5440,-0.40,3880,0.28,-5420,-0.40,2155010,538.75
4007,多頭出場,2025-10-20 09:20,L_Exit_Add,27654,1,1370600,12060,0.88,12130,0.89,-4220,-0.31,2167030,541.76
4007,多頭進場,2025-10-18 00:05,L_Cmd,27412,1,1370600,12060,0.88,12130,0.89,-4220,-0.31,2167030,541.76
4008,多頭出場,2025-10-20 09:25,L_Exit,27716,1,1376950,8810,0.64,8880,0.64,-3670,-0.27,2175860,543.97
4008,多頭進場,2025-10-20 08:50,L_Add,27539,1,1376950,8810,0.64,8880,0.64,-3670,-0.27,2175860,543.97
4009,多頭出場,2025-10-20 09:25,L_Exit_Add,27716,1,1379000,6760,0.49,6830,0.50,-5720,-0.41,2182640,545.66
4009,多頭進場,2025-10-20 09:00,L_Add,27580,1,1379000,6760,0.49,6830,0.50,-5720,-0.41,2182640,545.66
4010,多頭出場,2025-10-20 19:00,L_Exit,27702,1,1389950,-4890,-0.35,2880,0.21,-4870,-0.35,2177750,544.44
4010,多頭進場,2025-10-20 12:15,L_Cmd,27799,1,1389950,-4890,-0.35,2880,0.21,-4870,-0.35,2177750,544.44
4011,多頭出場,2025-10-20 22:55,L_Exit,27938,1,1391250,5610,0.40,5680,0.41,-2720,-0.20,2183300,545.82
4011,多頭進場,2025-10-20 21:40,L_Cmd,27825,1,1391250,5610,0.40,5680,0.41,-2720,-0.20,2183300,545.82
4012,多頭出場,2025-10-21 00:10,L_G_Cut,27860,1,1393700,-740,-0.05,3880,0.28,-1020,-0.07,2182560,545.64
4012,多頭進場,2025-10-20 22:30,L_Add,27874,1,1393700,-740,-0.05,3880,0.28,-1020,-0.07,2182560,545.64
4013,多頭出場,2025-10-21 00:10,L_G_Cut,27860,1,1394950,-1990,-0.14,2630,0.19,-1970,-0.14,2180590,545.15
4013,多頭進場,2025-10-20 22:45,L_Add,27899,1,1394950,-1990,-0.14,2630,0.19,-1970,-0.14,2180590,545.15
4014,多頭出場,2025-10-21 03:20,Trend Rev,27814,1,1395750,-5090,-0.36,1830,0.13,-5370,-0.38,2175520,543.88
4014,多頭進場,2025-10-20 22:50,L_G_進,27915,1,1395750,-5090,-0.36,1830,0.13,-5370,-0.38,2175520,543.88
4015,多頭出場,2025-10-21 03:20,Trend Rev,27814,1,1397000,-6340,-0.45,380,0.03,-6620,-0.47,2169200,542.30
4015,多頭進場,2025-10-20 23:10,L_G_進,27940,1,1397000,-6340,-0.45,380,0.03,-6620,-0.47,2169200,542.30
4016,多頭出場,2025-10-21 09:00,L_Exit,27979,1,1393650,5260,0.38,5330,0.38,-570,-0.04,2174460,543.62
4016,多頭進場,2025-10-21 08:50,L_Cmd,27873,1,1393650,5260,0.38,5330,0.38,-570,-0.04,2174460,543.62
4017,多頭出場,2025-10-21 09:20,L_Exit,27907,1,1398750,-3440,-0.25,1730,0.12,-3420,-0.24,2171020,542.76
4017,多頭進場,2025-10-21 09:05,L_Cmd,27975,1,1398750,-3440,-0.25,1730,0.12,-3420,-0.24,2171020,542.76
4018,多頭出場,2025-10-22 13:35,Trend Rev,27715,1,1387050,-1340,-0.10,2730,0.20,-1520,-0.11,2169680,542.42
4018,多頭進場,2025-10-22 12:15,L_Cmd,27741,1,1387050,-1340,-0.10,2730,0.20,-1520,-0.11,2169680,542.42
4019,多頭出場,2025-10-22 22:10,Trend Rev,27652,1,1384200,-1640,-0.12,1280,0.09,-1670,-0.12,2168040,542.01
4019,多頭進場,2025-10-22 21:45,L_Cmd,27684,1,1384200,-1640,-0.12,1280,0.09,-1670,-0.12,2168040,542.01
4020,空頭出場,2025-10-23 08:45,S_Exit,27314,1,1370300,4560,0.33,4630,0.34,-920,-0.07,2172600,543.15
4020,空頭進場,2025-10-23 04:55,S_Cmd,27406,1,1370300,4560,0.33,4630,0.34,-920,-0.07,2172600,543.15
4021,多頭出場,2025-10-23 19:15,Trend Rev,27580,1,1380550,-1590,-0.12,4280,0.31,-3620,-0.26,2171010,542.75
4021,多頭進場,2025-10-23 11:10,L_Cmd,27611,1,1380550,-1590,-0.12,4280,0.31,-3620,-0.26,2171010,542.75
4022,多頭出場,2025-10-23 21:50,L_Exit,27710,1,1379200,6260,0.45,6330,0.46,-70,-0.01,2177230,544.31
4022,多頭進場,2025-10-23 21:30,L_Cmd,27584,1,1379200,6260,0.45,6330,0.46,-70,-0.01,2177230,544.31
4023,多頭出場,2025-10-24 01:35,L_Exit_Add,27775,1,1383150,5560,0.40,5630,0.41,-920,-0.07,2182770,545.69
4023,多頭進場,2025-10-23 21:40,L_Add,27663,1,1383150,5560,0.40,5630,0.41,-920,-0.07,2182770,545.69
4024,多頭出場,2025-10-24 01:40,L_Exit_G,27787,1,1384000,5310,0.38,5380,0.39,-1720,-0.12,2188100,547.03
4024,多頭進場,2025-10-23 21:45,L_Add,27680,1,1384000,5310,0.38,5380,0.39,-1720,-0.12,2188100,547.03
4025,多頭出場,2025-10-24 01:45,L_Exit_Add,27793,1,1386200,3410,0.25,3480,0.25,-3070,-0.22,2191530,547.88
4025,多頭進場,2025-10-23 22:40,L_Add,27724,1,1386200,3410,0.25,3480,0.25,-3070,-0.22,2191530,547.88
4026,多頭出場,2025-10-24 03:05,L_Exit_Add,27790,1,1387000,2460,0.18,2680,0.19,-1420,-0.10,2193990,548.50
4026,多頭進場,2025-10-24 00:15,L_G_進,27740,1,1387000,2460,0.18,2680,0.19,-1420,-0.10,2193990,548.50
4027,多頭出場,2025-10-27 08:45,L_Exit_Add,28233,1,1389500,22110,1.59,22180,1.60,-3420,-0.25,2216120,554.03
4027,多頭進場,2025-10-24 03:05,L_Add,27790,1,1389500,22110,1.59,22180,1.60,-3420,-0.25,2216120,554.03
4028,多頭出場,2025-10-27 09:10,L_Exit,28079,1,1411900,-7990,-0.57,2030,0.14,-7970,-0.56,2208130,552.03
4028,多頭進場,2025-10-27 08:50,L_Cmd,28238,1,1411900,-7990,-0.57,2030,0.14,-7970,-0.56,2208130,552.03
4029,多頭出場,2025-10-27 21:45,L_Exit,28118,1,1410750,-4890,-0.35,2030,0.14,-4870,-0.35,2203240,550.81
4029,多頭進場,2025-10-27 11:30,L_Cmd,28215,1,1410750,-4890,-0.35,2030,0.14,-4870,-0.35,2203240,550.81
4030,多頭出場,2025-10-28 03:55,L_Exit_Add,28268,1,1408450,4910,0.35,4980,0.35,-470,-0.03,2208110,552.03
4030,多頭進場,2025-10-28 00:05,L_Cmd,28169,1,1408450,4910,0.35,4980,0.35,-470,-0.03,2208110,552.03
4031,多頭出場,2025-10-28 04:10,L_Exit,28284,1,1411150,3010,0.21,3080,0.22,-1570,-0.11,2211140,552.79
4031,多頭進場,2025-10-28 00:55,L_Add,28223,1,1411150,3010,0.21,3080,0.22,-1570,-0.11,2211140,552.79
4032,多頭出場,2025-10-28 04:20,L_Exit_Add,28309,1,1413000,2410,0.17,2480,0.18,-320,-0.02,2213570,553.39
4032,多頭進場,2025-10-28 03:55,L_Add,28260,1,1413000,2410,0.17,2480,0.18,-320,-0.02,2213570,553.39
4033,多頭出場,2025-10-28 23:35,Trend Rev,28074,1,1405250,-1590,-0.11,230,0.02,-1620,-0.12,2211980,553.00
4033,多頭進場,2025-10-28 23:20,L_Cmd,28105,1,1405250,-1590,-0.11,230,0.02,-1620,-0.12,2211980,553.00
4034,多頭出場,2025-10-29 02:00,L_Exit,28237,1,1406100,5710,0.41,5780,0.41,-170,-0.01,2217650,554.41
4034,多頭進場,2025-10-29 00:05,L_Cmd,28122,1,1406100,5710,0.41,5780,0.41,-170,-0.01,2217650,554.41
4035,多頭出場,2025-10-29 03:05,L_Exit_Add,28241,1,1409150,2860,0.20,3530,0.25,-620,-0.04,2220510,555.13
4035,多頭進場,2025-10-29 00:35,L_Add,28183,1,1409150,2860,0.20,3530,0.25,-620,-0.04,2220510,555.13
4036,多頭出場,2025-10-29 03:05,L_Exit_Add,28257,1,1410050,2760,0.20,2830,0.20,-720,-0.05,2223290,555.82
4036,多頭進場,2025-10-29 00:55,L_Add,28201,1,1410050,2760,0.20,2830,0.20,-720,-0.05,2223290,555.82
4037,多頭出場,2025-10-29 09:00,L_Exit_Add,28336,1,1412100,4660,0.33,4730,0.33,-2120,-0.15,2227970,556.99
4037,多頭進場,2025-10-29 03:05,L_Add,28242,1,1412100,4660,0.33,4730,0.33,-2120,-0.15,2227970,556.99
4038,多頭出場,2025-10-29 09:20,L_Exit,28245,1,1415600,-3390,-0.24,1480,0.10,-3370,-0.24,2224580,556.15
4038,多頭進場,2025-10-29 09:05,L_Cmd,28312,1,1415600,-3390,-0.24,1480,0.10,-3370,-0.24,2224580,556.15
4039,多頭出場,2025-10-29 21:45,L_Exit_Add,28415,1,1419450,1260,0.09,6780,0.48,-670,-0.05,2225820,556.45
4039,多頭進場,2025-10-29 10:20,L_Cmd,28389,1,1419450,1260,0.09,6780,0.48,-670,-0.05,2225820,556.45
4040,多頭出場,2025-10-29 21:50,Trend Rev,28427,1,1423650,-2340,-0.16,1630,0.11,-3170,-0.22,2223500,555.88
4040,多頭進場,2025-10-29 21:05,L_Add,28473,1,1423650,-2340,-0.16,1630,0.11,-3170,-0.22,2223500,555.88
4041,多頭出場,2025-10-30 09:25,Trend Rev,28398,1,1421950,-2090,-0.15,5580,0.39,-3470,-0.24,2221390,555.35
4041,多頭進場,2025-10-30 08:50,L_Cmd,28439,1,1421950,-2090,-0.15,5580,0.39,-3470,-0.24,2221390,555.35
4042,多頭出場,2025-10-30 09:25,Trend Rev,28398,1,1426750,-6890,-0.48,330,0.02,-8270,-0.58,2214520,553.63
4042,多頭進場,2025-10-30 09:10,L_Add,28535,1,1426750,-6890,-0.48,330,0.02,-8270,-0.58,2214520,553.63
4043,多頭出場,2025-10-30 10:35,Trend Rev,28409,1,1422050,-1640,-0.12,1680,0.12,-2520,-0.18,2212880,553.22
4043,多頭進場,2025-10-30 10:10,L_Cmd,28441,1,1422050,-1640,-0.12,1680,0.12,-2520,-0.18,2212880,553.22
4044,多頭出場,2025-10-30 15:05,Trend Rev,28361,1,1419650,-1640,-0.12,1230,0.09,-2270,-0.16,2211240,552.81
4044,多頭進場,2025-10-30 13:25,L_Cmd,28393,1,1419650,-1640,-0.12,1230,0.09,-2270,-0.16,2211240,552.81
4045,多頭出場,2025-10-31 11:20,L_Exit,28453,1,1428900,-6290,-0.44,530,0.04,-6270,-0.44,2204950,551.24
4045,多頭進場,2025-10-31 09:40,L_Cmd,28578,1,1428900,-6290,-0.44,530,0.04,-6270,-0.44,2204950,551.24
4046,多頭出場,2025-10-31 15:00,L_Exit,28410,1,1425200,-4740,-0.33,2030,0.14,-4720,-0.33,2200210,550.05
4046,多頭進場,2025-10-31 12:15,L_Cmd,28504,1,1425200,-4740,-0.33,2030,0.14,-4720,-0.33,2200210,550.05
4047,多頭出場,2025-11-03 09:20,L_Exit,28550,1,1419800,7660,0.54,7730,0.54,-1420,-0.10,2207810,551.95
4047,多頭進場,2025-11-03 08:50,L_Cmd,28396,1,1419800,7660,0.54,7730,0.54,-1420,-0.10,2207810,551.95
4048,多頭出場,2025-11-03 09:20,L_Exit_Add,28582,1,1422550,6510,0.46,6580,0.46,-170,-0.01,2214340,553.59
4048,多頭進場,2025-11-03 09:10,L_Add,28451,1,1422550,6510,0.46,6580,0.46,-170,-0.01,2214340,553.59
4049,多頭出場,2025-11-03 09:20,L_Exit_G,28582,1,1425000,4060,0.28,4130,0.29,-120,-0.01,2218420,554.61
4049,多頭進場,2025-11-03 09:15,L_Add,28500,1,1425000,4060,0.28,4130,0.29,-120,-0.01,2218420,554.61
4050,多頭出場,2025-11-03 10:35,L_Exit_Add,28338,1,1427500,-10640,-0.75,1630,0.11,-10620,-0.74,2207800,551.95
4050,多頭進場,2025-11-03 09:20,L_G_進,28550,1,1427500,-10640,-0.75,1630,0.11,-10620,-0.74,2207800,551.95
4051,多頭出場,2025-11-03 13:20,Trend Rev,28304,1,1416950,-1790,-0.13,180,0.01,-2070,-0.15,2206010,551.50
4051,多頭進場,2025-11-03 13:05,L_Cmd,28339,1,1416950,-1790,-0.13,180,0.01,-2070,-0.15,2206010,551.50
4052,多頭出場,2025-11-03 23:15,L_Exit_Add,28388,1,1421100,-1740,-0.12,2880,0.20,-1720,-0.12,2204250,551.06
4052,多頭進場,2025-11-03 21:35,L_Cmd,28422,1,1421100,-1740,-0.12,2880,0.20,-1720,-0.12,2204250,551.06
4053,多頭出場,2025-11-03 23:25,L_Exit,28380,1,1423200,-4240,-0.30,780,0.05,-4220,-0.30,2200030,550.01
4053,多頭進場,2025-11-03 22:05,L_Add,28464,1,1423200,-4240,-0.30,780,0.05,-4220,-0.30,2200030,550.01
4054,多頭出場,2025-11-04 08:45,L_Exit_Add,28400,1,1422500,-2540,-0.18,5980,0.42,-2520,-0.18,2197450,549.36
4054,多頭進場,2025-11-04 00:20,L_Cmd,28450,1,1422500,-2540,-0.18,5980,0.42,-2520,-0.18,2197450,549.36
4055,多頭出場,2025-11-04 08:45,L_Exit_Add,28400,1,1425250,-5290,-0.37,3230,0.23,-5270,-0.37,2192180,548.05
4055,多頭進場,2025-11-04 01:00,L_Add,28505,1,1425250,-5290,-0.37,3230,0.23,-5270,-0.37,2192180,548.05
4056,多頭出場,2025-11-04 08:50,Trend Rev,28434,1,1427100,-5440,-0.38,530,0.04,-8120,-0.57,2186760,546.69
4056,多頭進場,2025-11-04 03:05,L_Add,28542,1,1427100,-5440,-0.38,530,0.04,-8120,-0.57,2186760,546.69
4057,多頭出場,2025-11-04 09:45,L_Exit,28442,1,1427050,-4990,-0.35,2680,0.19,-4970,-0.35,2181770,545.44
4057,多頭進場,2025-11-04 09:25,L_Cmd,28541,1,1427050,-4990,-0.35,2680,0.19,-4970,-0.35,2181770,545.44
4058,空頭出場,2025-11-04 17:55,S_Exit,28030,1,1406750,5210,0.37,5280,0.38,-3370,-0.24,2186980,546.75
4058,空頭進場,2025-11-04 13:05,S_Cmd,28135,1,1406750,5210,0.37,5280,0.38,-3370,-0.24,2186980,546.75
4059,空頭出場,2025-11-04 22:40,S_Exit,28098,1,1401500,-3440,-0.25,330,0.02,-3420,-0.24,2183540,545.89
4059,空頭進場,2025-11-04 22:35,S_Cmd,28030,1,1401500,-3440,-0.25,330,0.02,-3420,-0.24,2183540,545.89
4060,空頭出場,2025-11-05 08:45,S_Exit,27661,1,1399750,16660,1.19,16730,1.20,-920,-0.07,2200180,550.04
4060,空頭進場,2025-11-05 03:40,S_Cmd,27995,1,1399750,16660,1.19,16730,1.20,-920,-0.07,2200180,550.04
4061,空頭出場,2025-11-05 08:45,S_Exit_Add,27661,1,1396550,13460,0.96,13530,0.97,-120,-0.01,2213660,553.42
4061,空頭進場,2025-11-05 04:55,S_Add,27931,1,1396550,13460,0.96,13530,0.97,-120,-0.01,2213660,553.42
4062,空頭出場,2025-11-05 09:30,S_Exit,27450,1,1380600,8060,0.58,8130,0.59,-6120,-0.44,2221700,555.42
4062,空頭進場,2025-11-05 09:05,S_Cmd,27612,1,1380600,8060,0.58,8130,0.59,-6120,-0.44,2221700,555.42
4063,空頭出場,2025-11-05 11:45,S_Exit_Add,27816,1,1375300,-15540,-1.13,4580,0.33,-15520,-1.13,2206180,551.55
4063,空頭進場,2025-11-05 09:30,S_Add,27506,1,1375300,-15540,-1.13,4580,0.33,-15520,-1.13,2206180,551.55
4064,空頭出場,2025-11-06 09:15,S_Exit,28030,1,1398750,-2790,-0.20,1730,0.12,-2770,-0.20,2203390,550.85
4064,空頭進場,2025-11-06 09:00,S_Cmd,27975,1,1398750,-2790,-0.20,1730,0.12,-2770,-0.20,2203390,550.85
4065,空頭出場,2025-11-06 10:00,Trend Rev,28017,1,1396300,-4590,-0.33,280,0.02,-4620,-0.33,2198800,549.70
4065,空頭進場,2025-11-06 09:30,S_Cmd,27926,1,1396300,-4590,-0.33,280,0.02,-4620,-0.33,2198800,549.70
4066,多頭出場,2025-11-06 21:50,L_Exit,28091,1,1406600,-2090,-0.15,230,0.02,-2070,-0.15,2196710,549.18
4066,多頭進場,2025-11-06 21:15,L_Cmd,28132,1,1406600,-2090,-0.15,230,0.02,-2070,-0.15,2196710,549.18
4067,空頭出場,2025-11-06 23:00,S_Exit,27877,1,1399600,5710,0.41,5780,0.41,-2020,-0.14,2202400,550.60
4067,空頭進場,2025-11-06 22:45,S_Cmd,27992,1,1399600,5710,0.41,5780,0.41,-2020,-0.14,2202400,550.60
4068,空頭出場,2025-11-06 23:00,S_Exit_Add,27801,1,1396300,6210,0.44,6280,0.45,-1070,-0.08,2208610,552.15
4068,空頭進場,2025-11-06 22:55,S_Add,27926,1,1396300,6210,0.44,6280,0.45,-1070,-0.08,2208610,552.15
4069,空頭出場,2025-11-06 23:35,S_Exit_Add,27754,1,1393850,6110,0.44,6180,0.44,-2620,-0.19,2214720,553.68
4069,空頭進場,2025-11-06 23:00,S_Add,27877,1,1393850,6110,0.44,6180,0.44,-2620,-0.19,2214720,553.68
4070,空頭出場,2025-11-07 00:40,S_Exit_Add,27646,1,1390250,7910,0.57,7980,0.57,-6220,-0.45,2222590,555.65
4070,空頭進場,2025-11-06 23:05,S_Add,27805,1,1390250,7910,0.57,7980,0.57,-6220,-0.45,2222590,555.65
4071,空頭出場,2025-11-07 10:25,S_Exit_G,27603,1,1386850,6660,0.48,6730,0.49,-5020,-0.36,2229250,557.31
4071,空頭進場,2025-11-07 00:00,S_Add,27737,1,1386850,6660,0.48,6730,0.49,-5020,-0.36,2229250,557.31
4072,空頭出場,2025-11-07 10:25,S_Exit_G,27603,1,1385600,5410,0.39,5480,0.40,-6270,-0.45,2234680,558.67
4072,空頭進場,2025-11-07 00:25,S_Add,27712,1,1385600,5410,0.39,5480,0.40,-6270,-0.45,2234680,558.67
4073,空頭出場,2025-11-07 15:50,Trend Rev,27773,1,1383700,-4990,-0.36,3880,0.28,-8170,-0.59,2229690,557.42
4073,空頭進場,2025-11-07 00:40,S_G_進,27674,1,1383700,-4990,-0.36,3880,0.28,-8170,-0.59,2229690,557.42
4074,空頭出場,2025-11-07 15:50,Trend Rev,27773,1,1382050,-6640,-0.48,2230,0.16,-9820,-0.71,2223070,555.77
4074,空頭進場,2025-11-07 00:50,S_G_進,27641,1,1382050,-6640,-0.48,2230,0.16,-9820,-0.71,2223070,555.77
4075,空頭出場,2025-11-07 15:50,Trend Rev,27773,1,1380250,-8440,-0.61,430,0.03,-10720,-0.78,2214650,553.66
4075,空頭進場,2025-11-07 10:30,S_Add,27605,1,1380250,-8440,-0.61,430,0.03,-10720,-0.78,2214650,553.66
4076,空頭出場,2025-11-07 22:35,S_Exit,27346,1,1375300,7960,0.58,8030,0.58,-420,-0.03,2222610,555.65
4076,空頭進場,2025-11-07 22:20,S_Cmd,27506,1,1375300,7960,0.58,8030,0.58,-420,-0.03,2222610,555.65
4077,空頭出場,2025-11-08 03:05,S_Exit,27370,1,1362300,-6240,-0.46,4530,0.33,-6220,-0.46,2216370,554.09
4077,空頭進場,2025-11-08 00:10,S_Cmd,27246,1,1362300,-6240,-0.46,4530,0.33,-6220,-0.46,2216370,554.09
4078,多頭出場,2025-11-10 23:45,L_Exit,27918,1,1399950,-4090,-0.29,1930,0.14,-4070,-0.29,2212280,553.07
4078,多頭進場,2025-11-10 12:50,L_Cmd,27999,1,1399950,-4090,-0.29,1930,0.14,-4070,-0.29,2212280,553.07
4079,多頭出場,2025-11-11 12:45,Trend Rev,28003,1,1403300,-3190,-0.23,130,0.01,-3420,-0.24,2209090,552.27
4079,多頭進場,2025-11-11 12:00,L_Cmd,28066,1,1403300,-3190,-0.23,130,0.01,-3420,-0.24,2209090,552.27
4080,空頭出場,2025-11-11 17:40,S_Exit,27703,1,1390750,5560,0.40,5630,0.40,-70,-0.01,2214650,553.66
4080,空頭進場,2025-11-11 15:00,S_Cmd,27815,1,1390750,5560,0.40,5630,0.40,-70,-0.01,2214650,553.66
4081,空頭出場,2025-11-12 09:15,Trend Rev,27891,1,1393900,-690,-0.05,330,0.02,-2320,-0.17,2213960,553.49
4081,空頭進場,2025-11-12 09:10,S_Cmd,27878,1,1393900,-690,-0.05,330,0.02,-2320,-0.17,2213960,553.49
4082,空頭出場,2025-11-13 12:30,S_Exit,27961,1,1393400,-4690,-0.34,280,0.02,-4670,-0.34,2209270,552.32
4082,空頭進場,2025-11-13 11:50,S_Cmd,27868,1,1393400,-4690,-0.34,280,0.02,-4670,-0.34,2209270,552.32
4083,多頭出場,2025-11-13 13:30,Trend Rev,27976,1,1400250,-1490,-0.11,730,0.05,-1670,-0.12,2207780,551.95
4083,多頭進場,2025-11-13 13:05,L_Cmd,28005,1,1400250,-1490,-0.11,730,0.05,-1670,-0.12,2207780,551.95
4084,空頭出場,2025-11-13 22:40,S_Exit,27756,1,1392700,4860,0.35,4930,0.35,-1820,-0.13,2212640,553.16
4084,空頭進場,2025-11-13 22:10,S_Cmd,27854,1,1392700,4860,0.35,4930,0.35,-1820,-0.13,2212640,553.16
4085,空頭出場,2025-11-14 00:05,S_Exit,27620,1,1386750,5710,0.41,5780,0.42,-1170,-0.08,2218330,554.58
4085,空頭進場,2025-11-13 23:35,S_Cmd,27735,1,1386750,5710,0.41,5780,0.42,-1170,-0.08,2218330,554.58
4086,空頭出場,2025-11-14 02:25,S_Exit_Add,27490,1,1382050,7510,0.54,7580,0.55,-1370,-0.10,2225860,556.47
4086,空頭進場,2025-11-14 00:05,S_Add,27641,1,1382050,7510,0.54,7580,0.55,-1370,-0.10,2225860,556.47
4087,空頭出場,2025-11-14 13:10,S_Exit,27386,1,1374700,5360,0.39,5430,0.39,-770,-0.06,2231200,557.80
4087,空頭進場,2025-11-14 12:15,S_Cmd,27494,1,1374700,5360,0.39,5430,0.39,-770,-0.06,2231200,557.80
4088,空頭出場,2025-11-14 15:10,S_Exit_Add,27297,1,1371100,6210,0.45,6280,0.46,-1620,-0.12,2237430,559.36
4088,空頭進場,2025-11-14 12:40,S_Add,27422,1,1371100,6210,0.45,6280,0.46,-1620,-0.12,2237430,559.36
4089,空頭出場,2025-11-17 15:15,Trend Rev,27499,1,1373650,-1340,-0.10,1980,0.14,-1720,-0.13,2236090,559.02
4089,空頭進場,2025-11-17 13:35,S_Cmd,27473,1,1373650,-1340,-0.10,1980,0.14,-1720,-0.13,2236090,559.02
4090,空頭出場,2025-11-18 09:25,S_Exit,27041,1,1359100,7010,0.52,7080,0.52,-770,-0.06,2243080,560.77
4090,空頭進場,2025-11-18 03:35,S_Cmd,27182,1,1359100,7010,0.52,7080,0.52,-770,-0.06,2243080,560.77
4091,空頭出場,2025-11-18 09:50,S_Exit_Add,27293,1,1354400,-10290,-0.76,2380,0.18,-10270,-0.76,2232810,558.20
4091,空頭進場,2025-11-18 04:00,S_Add,27088,1,1354400,-10290,-0.76,2380,0.18,-10270,-0.76,2232810,558.20
4092,空頭出場,2025-11-18 11:30,S_Exit,26852,1,1351300,8660,0.64,8730,0.65,-870,-0.06,2241450,560.36
4092,空頭進場,2025-11-18 10:40,S_Cmd,27026,1,1351300,8660,0.64,8730,0.65,-870,-0.06,2241450,560.36
4093,空頭出場,2025-11-18 15:00,S_Exit_Add,26707,1,1345250,9860,0.73,9930,0.74,-2520,-0.19,2251330,562.83
4093,空頭進場,2025-11-18 11:00,S_Add,26905,1,1345250,9860,0.73,9930,0.74,-2520,-0.19,2251330,562.83
4094,空頭出場,2025-11-18 23:20,S_Exit,26881,1,1337300,-6790,-0.51,930,0.07,-6770,-0.51,2244540,561.14
4094,空頭進場,2025-11-18 23:05,S_Cmd,26746,1,1337300,-6790,-0.51,930,0.07,-6770,-0.51,2244540,561.14
4095,空頭出場,2025-11-19 09:00,S_Exit,26723,1,1342050,5860,0.44,5930,0.44,-20,0.00,2250380,562.59
4095,空頭進場,2025-11-19 08:50,S_Cmd,26841,1,1342050,5860,0.44,5930,0.44,-20,0.00,2250380,562.59
4096,空頭出場,2025-11-19 09:20,S_Exit_Add,26903,1,1337750,-7440,-0.56,1630,0.12,-7420,-0.55,2242960,560.74
4096,空頭進場,2025-11-19 09:00,S_Add,26755,1,1337750,-7440,-0.56,1630,0.12,-7420,-0.55,2242960,560.74
4097,空頭出場,2025-11-19 11:35,S_Exit,26589,1,1335250,5760,0.43,5830,0.44,-870,-0.07,2248720,562.18
4097,空頭進場,2025-11-19 11:15,S_Cmd,26705,1,1335250,5760,0.43,5830,0.44,-870,-0.07,2248720,562.18
4098,空頭出場,2025-11-19 13:20,S_Exit,26710,1,1330350,-5190,-0.39,2380,0.18,-5170,-0.39,2243530,560.88
4098,空頭進場,2025-11-19 11:40,S_Cmd,26607,1,1330350,-5190,-0.39,2380,0.18,-5170,-0.39,2243530,560.88
4099,多頭出場,2025-11-20 22:40,L_Exit,27431,1,1375350,-3840,-0.28,630,0.05,-3820,-0.28,2239690,559.92
4099,多頭進場,2025-11-20 21:55,L_Cmd,27507,1,1375350,-3840,-0.28,630,0.05,-3820,-0.28,2239690,559.92
4100,空頭出場,2025-11-21 10:05,S_Exit,26579,1,1340600,11610,0.87,11680,0.87,-7020,-0.52,2251280,562.82
4100,空頭進場,2025-11-21 03:05,S_Cmd,26812,1,1340600,11610,0.87,11680,0.87,-7020,-0.52,2251280,562.82
4101,空頭出場,2025-11-21 11:35,S_Exit_Add,26454,1,1332000,9260,0.70,9330,0.70,-4470,-0.34,2260540,565.14
4101,空頭進場,2025-11-21 09:05,S_Add,26640,1,1332000,9260,0.70,9330,0.70,-4470,-0.34,2260540,565.14
4102,空頭出場,2025-11-21 15:55,S_Exit_Add,26337,1,1324350,7460,0.56,7530,0.57,-5320,-0.40,2268020,567.01
4102,空頭進場,2025-11-21 11:35,S_Add,26487,1,1324350,7460,0.56,7530,0.57,-5320,-0.40,2268020,567.01
4103,空頭出場,2025-11-22 00:15,S_Exit,26470,1,1314400,-9140,-0.70,980,0.07,-9120,-0.69,2258880,564.72
4103,空頭進場,2025-11-21 23:40,S_Cmd,26288,1,1314400,-9140,-0.70,980,0.07,-9120,-0.69,2258880,564.72
4104,多頭出場,2025-11-25 09:05,L_Exit,27024,1,1354600,-3440,-0.25,280,0.02,-3420,-0.25,2255440,563.86
4104,多頭進場,2025-11-25 09:00,L_Cmd,27092,1,1354600,-3440,-0.25,280,0.02,-3420,-0.25,2255440,563.86
4105,空頭出場,2025-11-25 10:00,Trend Rev,26897,1,1343600,-1290,-0.10,80,0.01,-2420,-0.18,2254150,563.54
4105,空頭進場,2025-11-25 09:55,S_Cmd,26872,1,1343600,-1290,-0.10,80,0.01,-2420,-0.18,2254150,563.54
4106,空頭出場,2025-11-25 10:35,Trend Rev,26898,1,1342700,-2240,-0.17,380,0.03,-2770,-0.21,2251910,562.98
4106,空頭進場,2025-11-25 10:10,S_Cmd,26854,1,1342700,-2240,-0.17,380,0.03,-2770,-0.21,2251910,562.98
4107,空頭出場,2025-11-25 12:35,Trend Rev,26891,1,1341850,-2740,-0.20,3180,0.24,-2920,-0.22,2249170,562.29
4107,空頭進場,2025-11-25 11:35,S_Cmd,26837,1,1341850,-2740,-0.20,3180,0.24,-2920,-0.22,2249170,562.29
4108,多頭出場,2025-11-26 09:20,L_Exit,27344,1,1359800,7360,0.54,7430,0.55,-420,-0.03,2256470,564.12
4108,多頭進場,2025-11-26 08:55,L_Cmd,27196,1,1359800,7360,0.54,7430,0.55,-420,-0.03,2256470,564.12
4109,多頭出場,2025-11-26 09:20,L_Exit_G,27344,1,1362750,4410,0.32,4480,0.33,-70,-0.01,2260900,565.23
4109,多頭進場,2025-11-26 09:05,L_Add,27255,1,1362750,4410,0.32,4480,0.33,-70,-0.01,2260900,565.23
4110,多頭出場,2025-11-26 09:25,L_Exit_Add,27382,1,1364950,4110,0.30,4180,0.31,-820,-0.06,2265030,566.26
4110,多頭進場,2025-11-26 09:15,L_Add,27299,1,1364950,4110,0.30,4180,0.31,-820,-0.06,2265030,566.26
4111,多頭出場,2025-11-26 20:10,Trend Rev,27267,1,1365300,-1990,-0.15,3830,0.28,-3120,-0.23,2263040,565.76
4111,多頭進場,2025-11-26 09:20,L_G_進,27306,1,1365300,-1990,-0.15,3830,0.28,-3120,-0.23,2263040,565.76
4112,多頭出場,2025-11-26 20:10,Trend Rev,27267,1,1368800,-5490,-0.40,230,0.02,-6620,-0.48,2257570,564.39
4112,多頭進場,2025-11-26 09:30,L_Add,27376,1,1368800,-5490,-0.40,230,0.02,-6620,-0.48,2257570,564.39
4113,多頭出場,2025-11-26 22:30,L_Exit,27462,1,1367400,5660,0.41,5730,0.42,-1870,-0.14,2263210,565.80
4113,多頭進場,2025-11-26 21:20,L_Cmd,27348,1,1367400,5660,0.41,5730,0.42,-1870,-0.14,2263210,565.80
4114,多頭出場,2025-11-26 22:55,L_Exit_Add,27292,1,1370400,-5840,-0.43,2730,0.20,-5820,-0.42,2257390,564.35
4114,多頭進場,2025-11-26 22:30,L_Add,27408,1,1370400,-5840,-0.43,2730,0.20,-5820,-0.42,2257390,564.35
4115,多頭出場,2025-11-27 09:00,L_Exit_Add,27579,1,1369100,9810,0.72,9880,0.72,-2970,-0.22,2267140,566.79
4115,多頭進場,2025-11-26 23:40,L_Cmd,27382,1,1369100,9810,0.72,9880,0.72,-2970,-0.22,2267140,566.79
4116,多頭出場,2025-11-27 09:00,L_Exit_G,27579,1,1373950,4960,0.36,5030,0.37,-2920,-0.21,2272120,568.03
4116,多頭進場,2025-11-27 00:40,L_Add,27479,1,1373950,4960,0.36,5030,0.37,-2920,-0.21,2272120,568.03
4117,多頭出場,2025-11-27 09:10,L_Exit,27586,1,1376400,2860,0.21,2930,0.21,-870,-0.06,2275000,568.75
4117,多頭進場,2025-11-27 08:50,L_Add,27528,1,1376400,2860,0.21,2930,0.21,-870,-0.06,2275000,568.75
4118,多頭出場,2025-11-27 09:50,L_Exit_Add,27606,1,1377450,2810,0.20,2880,0.21,-1920,-0.14,2277830,569.46
4118,多頭進場,2025-11-27 09:00,L_G_進,27549,1,1377450,2810,0.20,2880,0.21,-1920,-0.14,2277830,569.46
4119,多頭出場,2025-11-27 11:25,L_Exit,27500,1,1380250,-5290,-0.38,2180,0.16,-5270,-0.38,2272540,568.14
4119,多頭進場,2025-11-27 09:55,L_Cmd,27605,1,1380250,-5290,-0.38,2180,0.16,-5270,-0.38,2272540,568.14
4120,多頭出場,2025-11-27 21:20,Trend Rev,27535,1,1378950,-2240,-0.16,1430,0.10,-2620,-0.19,2270300,567.57
4120,多頭進場,2025-11-27 13:05,L_Cmd,27579,1,1378950,-2240,-0.16,1430,0.10,-2620,-0.19,2270300,567.57
4121,多頭出場,2025-11-27 22:35,L_Exit,27533,1,1378250,-1640,-0.12,0,0.00,-1620,-0.12,2268660,567.17
4121,多頭進場,2025-11-27 22:25,L_Cmd,27565,1,1378250,-1640,-0.12,0,0.00,-1620,-0.12,2268660,567.17
4122,多頭出場,2025-11-28 00:55,Trend Rev,27543,1,1377800,-690,-0.05,180,0.01,-820,-0.06,2267970,566.99
4122,多頭進場,2025-11-28 00:00,L_Cmd,27556,1,1377800,-690,-0.05,180,0.01,-820,-0.06,2267970,566.99
4123,多頭出場,2025-11-28 08:55,L_BE,27598,1,1379900,-40,0.00,2030,0.15,-20,0.00,2267910,566.98
4123,多頭進場,2025-11-28 08:50,L_Cmd,27598,1,1379900,-40,0.00,2030,0.15,-20,0.00,2267910,566.98
4124,多頭出場,2025-11-28 09:20,L_Exit_Add,27663,1,1380850,2260,0.16,2330,0.17,-2520,-0.18,2270190,567.55
4124,多頭進場,2025-11-28 08:55,L_Add,27617,1,1380850,2260,0.16,2330,0.17,-2520,-0.18,2270190,567.55
4125,多頭出場,2025-11-28 10:50,L_Exit,27759,1,1382650,5260,0.38,5330,0.39,-2370,-0.17,2275390,568.85
4125,多頭進場,2025-11-28 09:25,L_Cmd,27653,1,1382650,5260,0.38,5330,0.39,-2370,-0.17,2275390,568.85
4126,多頭出場,2025-11-28 10:55,L_Exit_G,27779,1,1385000,3910,0.28,3980,0.29,-220,-0.02,2279320,569.83
4126,多頭進場,2025-11-28 10:15,L_Add,27700,1,1385000,3910,0.28,3980,0.29,-220,-0.02,2279320,569.83
4127,多頭出場,2025-11-28 12:40,L_Exit_Add,27814,1,1386350,4310,0.31,4380,0.32,-1570,-0.11,2283610,570.90
4127,多頭進場,2025-11-28 10:25,L_Add,27727,1,1386350,4310,0.31,4380,0.32,-1570,-0.11,2283610,570.90
4128,多頭出場,2025-11-28 12:40,L_Exit_G,27814,1,1387100,3560,0.26,3630,0.26,-620,-0.04,2287190,571.80
4128,多頭進場,2025-11-28 10:50,L_G_進,27742,1,1387100,3560,0.26,3630,0.26,-620,-0.04,2287190,571.80
4129,多頭出場,2025-11-28 12:55,L_Exit_Add,27836,1,1388800,2960,0.21,3030,0.22,-1020,-0.07,2290170,572.54
4129,多頭進場,2025-11-28 11:00,L_Add,27776,1,1388800,2960,0.21,3030,0.22,-1020,-0.07,2290170,572.54
4130,多頭出場,2025-11-28 22:45,Trend Rev,27725,1,1389800,-3590,-0.26,2930,0.21,-5270,-0.38,2286600,571.65
4130,多頭進場,2025-11-28 12:40,L_G_進,27796,1,1389800,-3590,-0.26,2930,0.21,-5270,-0.38,2286600,571.65
4131,多頭出場,2025-11-29 04:10,Trend Rev,27783,1,1390150,-1040,-0.07,3030,0.22,-1220,-0.09,2285540,571.39
4131,多頭進場,2025-11-28 23:55,L_Cmd,27803,1,1390150,-1040,-0.07,3030,0.22,-1220,-0.09,2285540,571.39
4132,多頭出場,2025-11-29 04:10,Trend Rev,27783,1,1392850,-3740,-0.27,130,0.01,-3870,-0.28,2281820,570.46
4132,多頭進場,2025-11-29 00:55,L_Add,27857,1,1392850,-3740,-0.27,130,0.01,-3870,-0.28,2281820,570.46
4133,多頭出場,2025-12-01 22:20,Trend Rev,27518,1,1376500,-640,-0.05,880,0.06,-870,-0.06,2281180,570.30
4133,多頭進場,2025-12-01 22:00,L_Cmd,27530,1,1376500,-640,-0.05,880,0.06,-870,-0.06,2281180,570.30
4134,多頭出場,2025-12-02 00:35,L_Exit,27707,1,1378750,6560,0.48,6630,0.48,-1770,-0.13,2287680,571.92
4134,多頭進場,2025-12-01 22:35,L_Cmd,27575,1,1378750,6560,0.48,6630,0.48,-1770,-0.13,2287680,571.92
4135,多頭出場,2025-12-02 00:50,L_Exit_G,27721,1,1381850,4160,0.30,4380,0.32,-4120,-0.30,2291840,572.96
4135,多頭進場,2025-12-01 22:55,L_Add,27637,1,1381850,4160,0.30,4380,0.32,-4120,-0.30,2291840,572.96
4136,多頭出場,2025-12-02 03:20,L_G_Cut,27683,1,1383200,910,0.07,3580,0.26,-5470,-0.40,2292770,573.19
4136,多頭進場,2025-12-01 23:10,L_Add,27664,1,1383200,910,0.07,3580,0.26,-5470,-0.40,2292770,573.19
4137,多頭出場,2025-12-02 03:45,Trend Rev,27613,1,1383850,-3240,-0.23,2930,0.21,-3470,-0.25,2289550,572.39
4137,多頭進場,2025-12-02 00:00,L_G_進,27677,1,1383850,-3240,-0.23,2930,0.21,-3470,-0.25,2289550,572.39
4138,多頭出場,2025-12-02 03:45,Trend Rev,27613,1,1386100,-5490,-0.40,680,0.05,-5720,-0.41,2284080,571.02
4138,多頭進場,2025-12-02 00:50,L_G_進,27722,1,1386100,-5490,-0.40,680,0.05,-5720,-0.41,2284080,571.02
4139,多頭出場,2025-12-02 10:10,Trend Rev,27628,1,1384500,-3140,-0.23,4930,0.36,-3520,-0.25,2280920,570.23
4139,多頭進場,2025-12-02 08:50,L_Cmd,27690,1,1384500,-3140,-0.23,4930,0.36,-3520,-0.25,2280920,570.23
4140,多頭出場,2025-12-02 10:10,Trend Rev,27628,1,1388350,-6990,-0.50,1080,0.08,-7370,-0.53,2273950,568.49
4140,多頭進場,2025-12-02 09:15,L_Add,27767,1,1388350,-6990,-0.50,1080,0.08,-7370,-0.53,2273950,568.49
4141,多頭出場,2025-12-02 22:55,L_Exit,27821,1,1386700,4310,0.31,4380,0.32,-1320,-0.10,2278240,569.56
4141,多頭進場,2025-12-02 22:00,L_Cmd,27734,1,1386700,4310,0.31,4380,0.32,-1320,-0.10,2278240,569.56
4142,多頭出場,2025-12-03 00:10,L_Exit_Add,27718,1,1389500,-3640,-0.26,3230,0.23,-3620,-0.26,2274600,568.65
4142,多頭進場,2025-12-02 22:40,L_Add,27790,1,1389500,-3640,-0.26,3230,0.23,-3620,-0.26,2274600,568.65
4143,多頭出場,2025-12-03 00:20,L_Exit_Add,27665,1,1392150,-8940,-0.64,580,0.04,-8920,-0.64,2265680,566.42
4143,多頭進場,2025-12-02 23:05,L_Add,27843,1,1392150,-8940,-0.64,580,0.04,-8920,-0.64,2265680,566.42
4144,多頭出場,2025-12-03 09:05,L_Exit,27787,1,1392150,-2840,-0.20,480,0.03,-2820,-0.20,2262840,565.71
4144,多頭進場,2025-12-03 08:50,L_Cmd,27843,1,1392150,-2840,-0.20,480,0.03,-2820,-0.20,2262840,565.71
4145,多頭出場,2025-12-03 10:30,L_Exit,27764,1,1393100,-4940,-0.35,1280,0.09,-4920,-0.35,2257900,564.48
4145,多頭進場,2025-12-03 10:15,L_Cmd,27862,1,1393100,-4940,-0.35,1280,0.09,-4920,-0.35,2257900,564.48
4146,多頭出場,2025-12-03 23:55,Trend Rev,27726,1,1388350,-2090,-0.15,30,0.00,-2170,-0.16,2255810,563.95
4146,多頭進場,2025-12-03 23:45,L_Cmd,27767,1,1388350,-2090,-0.15,30,0.00,-2170,-0.16,2255810,563.95
4147,多頭出場,2025-12-04 09:45,L_Exit,27798,1,1393600,-3740,-0.27,330,0.02,-3720,-0.27,2252070,563.02
4147,多頭進場,2025-12-04 09:20,L_Cmd,27872,1,1393600,-3740,-0.27,330,0.02,-3720,-0.27,2252070,563.02
4148,多頭出場,2025-12-04 21:15,Trend Rev,27791,1,1388550,960,0.07,4130,0.30,-120,-0.01,2253010,563.25
4148,多頭進場,2025-12-04 13:10,L_Cmd,27771,1,1388550,960,0.07,4130,0.30,-120,-0.01,2253010,563.25
4149,多頭出場,2025-12-04 21:15,Trend Rev,27791,1,1390850,-1340,-0.10,80,0.01,-1520,-0.11,2251690,562.92
4149,多頭進場,2025-12-04 21:05,L_Add,27817,1,1390850,-1340,-0.10,80,0.01,-1520,-0.11,2251690,562.92
4150,多頭出場,2025-12-04 22:30,L_Exit,27789,1,1391750,-2340,-0.17,130,0.01,-2320,-0.17,2249350,562.34
4150,多頭進場,2025-12-04 22:20,L_Cmd,27835,1,1391750,-2340,-0.17,130,0.01,-2320,-0.17,2249350,562.34
4151,多頭出場,2025-12-05 09:00,L_Exit,27915,1,1389850,5860,0.42,5930,0.43,-270,-0.02,2255210,563.80
4151,多頭進場,2025-12-05 08:50,L_Cmd,27797,1,1389850,5860,0.42,5930,0.43,-270,-0.02,2255210,563.80
4152,多頭出場,2025-12-05 13:30,L_Exit,27999,1,1392700,7210,0.52,7280,0.52,-120,-0.01,2262360,565.59
4152,多頭進場,2025-12-05 12:00,L_Cmd,27854,1,1392700,7210,0.52,7280,0.52,-120,-0.01,2262360,565.59
4153,多頭出場,2025-12-05 13:30,L_Exit_G,27999,1,1395450,4460,0.32,4530,0.32,-470,-0.03,2266840,566.71
4153,多頭進場,2025-12-05 12:30,L_Add,27909,1,1395450,4460,0.32,4530,0.32,-470,-0.03,2266840,566.71
4154,多頭出場,2025-12-05 13:40,L_Exit_Add,28017,1,1397650,3160,0.23,3230,0.23,-1120,-0.08,2270020,567.51
4154,多頭進場,2025-12-05 12:35,L_Add,27953,1,1397650,3160,0.23,3230,0.23,-1120,-0.08,2270020,567.51
4155,多頭出場,2025-12-05 15:00,L_Exit_Add,28042,1,1397900,4160,0.30,4230,0.30,-1370,-0.10,2274180,568.55
4155,多頭進場,2025-12-05 12:40,L_G_進,27958,1,1397900,4160,0.30,4230,0.30,-1370,-0.10,2274180,568.55
4156,多頭出場,2025-12-05 21:05,L_Exit_Add,28066,1,1400750,2510,0.18,3830,0.27,-20,0.00,2276690,569.17
4156,多頭進場,2025-12-05 13:45,L_Add,28015,1,1400750,2510,0.18,3830,0.27,-20,0.00,2276690,569.17
4157,多頭出場,2025-12-05 21:30,L_Exit_Add,28025,1,1403350,-2140,-0.15,280,0.02,-2120,-0.15,2274570,568.64
4157,多頭進場,2025-12-05 21:05,L_Add,28067,1,1403350,-2140,-0.15,280,0.02,-2120,-0.15,2274570,568.64
4158,多頭出場,2025-12-06 00:10,L_G_Cut,28095,1,1404550,160,0.01,4530,0.32,-1970,-0.14,2274670,568.67
4158,多頭進場,2025-12-05 22:35,L_Cmd,28091,1,1404550,160,0.01,4530,0.32,-1970,-0.14,2274670,568.67
4159,多頭出場,2025-12-06 01:30,L_Exit,28034,1,1407000,-5340,-0.38,2080,0.15,-5320,-0.38,2269350,567.34
4159,多頭進場,2025-12-05 22:55,L_Add,28140,1,1407000,-5340,-0.38,2080,0.15,-5320,-0.38,2269350,567.34
4160,多頭出場,2025-12-06 01:35,Trend Rev,28037,1,1407750,-5940,-0.42,1330,0.09,-6070,-0.43,2263430,565.86
4160,多頭進場,2025-12-05 23:05,L_Add,28155,1,1407750,-5940,-0.42,1330,0.09,-6070,-0.43,2263430,565.86
4161,多頭出場,2025-12-06 01:35,Trend Rev,28037,1,1409000,-7190,-0.51,80,0.01,-7320,-0.52,2256260,564.06
4161,多頭進場,2025-12-05 23:15,L_G_進,28180,1,1409000,-7190,-0.51,80,0.01,-7320,-0.52,2256260,564.06
4162,多頭出場,2025-12-08 09:50,L_Exit,28178,1,1403550,5310,0.38,5380,0.38,-2020,-0.14,2261530,565.38
4162,多頭進場,2025-12-08 08:50,L_Cmd,28071,1,1403550,5310,0.38,5380,0.38,-2020,-0.14,2261530,565.38
4163,多頭出場,2025-12-08 10:30,L_Exit_Add,28239,1,1406350,5560,0.40,5630,0.40,-120,-0.01,2267070,566.77
4163,多頭進場,2025-12-08 09:45,L_Add,28127,1,1406350,5560,0.40,5630,0.40,-120,-0.01,2267070,566.77
4164,多頭出場,2025-12-08 10:30,L_Exit_G,28239,1,1408000,3910,0.28,3980,0.28,-1070,-0.08,2271000,567.75
4164,多頭進場,2025-12-08 09:50,L_Add,28160,1,1408000,3910,0.28,3980,0.28,-1070,-0.08,2271000,567.75
4165,多頭出場,2025-12-08 11:40,L_Exit_Add,28284,1,1409700,4460,0.32,4530,0.32,-20,0.00,2275440,568.86
4165,多頭進場,2025-12-08 10:25,L_Add,28194,1,1409700,4460,0.32,4530,0.32,-20,0.00,2275440,568.86
4166,多頭出場,2025-12-08 11:40,L_Exit_G,28284,1,1410250,3910,0.28,3980,0.28,-20,0.00,2279370,569.84
4166,多頭進場,2025-12-08 10:30,L_G_進,28205,1,1410250,3910,0.28,3980,0.28,-20,0.00,2279370,569.84
4167,多頭出場,2025-12-08 12:55,L_Exit_Add,28297,1,1411800,3010,0.21,3080,0.22,-1320,-0.09,2282380,570.59
4167,多頭進場,2025-12-08 10:35,L_Add,28236,1,1411800,3010,0.21,3080,0.22,-1320,-0.09,2282380,570.59
4168,多頭出場,2025-12-08 15:15,L_Exit_Add,28317,1,1412750,3060,0.22,3130,0.22,-1520,-0.11,2285460,571.37
4168,多頭進場,2025-12-08 11:25,L_G_進,28255,1,1412750,3060,0.22,3130,0.22,-1520,-0.11,2285460,571.37
4169,多頭出場,2025-12-08 22:35,Trend Rev,28255,1,1414800,-2090,-0.15,1830,0.13,-2970,-0.21,2283390,570.85
4169,多頭進場,2025-12-08 12:55,L_Add,28296,1,1414800,-2090,-0.15,1830,0.13,-2970,-0.21,2283390,570.85
4170,多頭出場,2025-12-09 13:05,Trend Rev,28243,1,1414200,-2090,-0.15,80,0.01,-2220,-0.16,2281300,570.32
4170,多頭進場,2025-12-09 12:50,L_Cmd,28284,1,1414200,-2090,-0.15,80,0.01,-2220,-0.16,2281300,570.32
4171,多頭出場,2025-12-10 09:15,L_Exit,28365,1,1412400,5810,0.41,5880,0.42,-820,-0.06,2287050,571.76
4171,多頭進場,2025-12-10 00:05,L_Cmd,28248,1,1412400,5810,0.41,5880,0.42,-820,-0.06,2287050,571.76
4172,多頭出場,2025-12-10 09:45,L_G_Cut,28294,1,1415200,-540,-0.04,3080,0.22,-1770,-0.13,2286530,571.63
4172,多頭進場,2025-12-10 03:20,L_Add,28304,1,1415200,-540,-0.04,3080,0.22,-1770,-0.13,2286530,571.63
4173,多頭出場,2025-12-10 09:55,Trend Rev,28263,1,1417150,-4040,-0.29,1130,0.08,-4420,-0.31,2282510,570.63
4173,多頭進場,2025-12-10 09:05,L_Add,28343,1,1417150,-4040,-0.29,1130,0.08,-4420,-0.31,2282510,570.63
4174,多頭出場,2025-12-10 09:55,Trend Rev,28263,1,1417550,-4440,-0.31,730,0.05,-4820,-0.34,2278090,569.52
4174,多頭進場,2025-12-10 09:15,L_G_進,28351,1,1417550,-4440,-0.31,730,0.05,-4820,-0.34,2278090,569.52
4175,多頭出場,2025-12-10 22:35,Trend Rev,28379,1,1416050,2860,0.20,6280,0.44,-520,-0.04,2280910,570.23
4175,多頭進場,2025-12-10 10:25,L_Cmd,28321,1,1416050,2860,0.20,6280,0.44,-520,-0.04,2280910,570.23
4176,多頭出場,2025-12-10 22:35,Trend Rev,28379,1,1419200,-290,-0.02,3130,0.22,-1570,-0.11,2280640,570.16
4176,多頭進場,2025-12-10 11:40,L_Add,28384,1,1419200,-290,-0.02,3130,0.22,-1570,-0.11,2280640,570.16
4177,多頭出場,2025-12-10 22:35,Trend Rev,28379,1,1420900,-1990,-0.14,1430,0.10,-3270,-0.23,2278670,569.67
4177,多頭進場,2025-12-10 12:25,L_Add,28418,1,1420900,-1990,-0.14,1430,0.10,-3270,-0.23,2278670,569.67
4178,多頭出場,2025-12-11 01:20,Trend Rev,28377,1,1420050,-1240,-0.09,230,0.02,-1270,-0.09,2277430,569.36
4178,多頭進場,2025-12-11 00:35,L_Cmd,28401,1,1420050,-1240,-0.09,230,0.02,-1270,-0.09,2277430,569.36
4179,多頭出場,2025-12-11 03:40,L_Exit,28436,1,1425800,-4040,-0.28,1380,0.10,-4020,-0.28,2273390,568.35
4179,多頭進場,2025-12-11 03:35,L_Cmd,28516,1,1425800,-4040,-0.28,1380,0.10,-4020,-0.28,2273390,568.35
4180,多頭出場,2025-12-11 09:30,L_Exit,28437,1,1427700,-5890,-0.41,7230,0.51,-5870,-0.41,2267500,566.88
4180,多頭進場,2025-12-11 03:55,L_Cmd,28554,1,1427700,-5890,-0.41,7230,0.51,-5870,-0.41,2267500,566.88
4181,多頭出場,2025-12-11 23:45,Trend Rev,28230,1,1412900,-1440,-0.10,2280,0.16,-1770,-0.13,2266060,566.52
4181,多頭進場,2025-12-11 23:20,L_Cmd,28258,1,1412900,-1440,-0.10,2280,0.16,-1770,-0.13,2266060,566.52
4182,多頭出場,2025-12-12 17:25,Trend Rev,28274,1,1413500,160,0.01,3230,0.23,-420,-0.03,2266220,566.55
4182,多頭進場,2025-12-12 13:30,L_Cmd,28270,1,1413500,160,0.01,3230,0.23,-420,-0.03,2266220,566.55
4183,多頭出場,2025-12-12 22:15,Trend Rev,28252,1,1413150,-590,-0.04,530,0.04,-620,-0.04,2265630,566.41
4183,多頭進場,2025-12-12 22:00,L_Cmd,28263,1,1413150,-590,-0.04,530,0.04,-620,-0.04,2265630,566.41
4184,空頭出場,2025-12-12 23:25,S_Exit,27956,1,1404500,6660,0.47,6730,0.48,-720,-0.05,2272270,568.07
4184,空頭進場,2025-12-12 23:05,S_Cmd,28090,1,1404500,6660,0.47,6730,0.48,-720,-0.05,2272270,568.07
4185,空頭出場,2025-12-12 23:55,S_Exit_Add,27857,1,1400550,7660,0.55,7730,0.55,-720,-0.05,2279930,569.98
4185,空頭進場,2025-12-12 23:25,S_Add,28011,1,1400550,7660,0.55,7730,0.55,-720,-0.05,2279930,569.98
4186,空頭出場,2025-12-13 00:20,S_Exit_Add,27793,1,1397350,7660,0.55,7730,0.55,-770,-0.06,2287570,571.89
4186,空頭進場,2025-12-12 23:55,S_Add,27947,1,1397350,7660,0.55,7730,0.55,-770,-0.06,2287570,571.89
4187,空頭出場,2025-12-13 04:35,S_Exit_Add,27713,1,1393350,7660,0.55,7730,0.55,-3770,-0.27,2295210,573.80
4187,空頭進場,2025-12-13 00:00,S_Add,27867,1,1393350,7660,0.55,7730,0.55,-3770,-0.27,2295210,573.80
4188,空頭出場,2025-12-15 10:20,Trend Rev,27959,1,1391050,-6940,-0.50,5430,0.39,-7320,-0.53,2288270,572.07
4188,空頭進場,2025-12-13 00:05,S_Add,27821,1,1391050,-6940,-0.50,5430,0.39,-7320,-0.53,2288270,572.07
4189,空頭出場,2025-12-15 10:20,Trend Rev,27959,1,1389250,-8740,-0.63,3630,0.26,-9120,-0.66,2279550,569.89
4189,空頭進場,2025-12-13 00:40,S_Add,27785,1,1389250,-8740,-0.63,3630,0.26,-9120,-0.66,2279550,569.89
4190,空頭出場,2025-12-15 10:20,Trend Rev,27959,1,1386900,-11090,-0.80,1280,0.09,-11470,-0.83,2268480,567.12
4190,空頭進場,2025-12-13 04:30,S_G_進,27738,1,1386900,-11090,-0.80,1280,0.09,-11470,-0.83,2268480,567.12
4191,空頭出場,2025-12-15 10:20,Trend Rev,27959,1,1385750,-12240,-0.88,130,0.01,-12620,-0.91,2256260,564.06
4191,空頭進場,2025-12-13 04:40,S_G_進,27715,1,1385750,-12240,-0.88,130,0.01,-12620,-0.91,2256260,564.06
4192,空頭出場,2025-12-15 12:35,S_Exit,27949,1,1394250,-3240,-0.23,430,0.03,-3220,-0.23,2253020,563.26
4192,空頭進場,2025-12-15 12:15,S_Cmd,27885,1,1394250,-3240,-0.23,430,0.03,-3220,-0.23,2253020,563.26
4193,空頭出場,2025-12-15 22:55,S_Exit,27828,1,1396750,5310,0.38,5380,0.39,-270,-0.02,2258330,564.58
4193,空頭進場,2025-12-15 22:50,S_Cmd,27935,1,1396750,5310,0.38,5380,0.39,-270,-0.02,2258330,564.58
4194,空頭出場,2025-12-16 00:15,S_Exit,27893,1,1390100,-4590,-0.33,3330,0.24,-4570,-0.33,2253740,563.44
4194,空頭進場,2025-12-15 23:25,S_Cmd,27802,1,1390100,-4590,-0.33,3330,0.24,-4570,-0.33,2253740,563.44
4195,空頭出場,2025-12-16 04:55,S_Exit,27664,1,1386950,3710,0.27,3780,0.27,-370,-0.03,2257430,564.36
4195,空頭進場,2025-12-16 04:35,S_Cmd,27739,1,1386950,3710,0.27,3780,0.27,-370,-0.03,2257430,564.36
4196,空頭出場,2025-12-16 08:45,S_Exit_Add,27601,1,1384200,4110,0.30,4180,0.30,-920,-0.07,2261560,565.39
4196,空頭進場,2025-12-16 04:45,S_Add,27684,1,1384200,4110,0.30,4180,0.30,-920,-0.07,2261560,565.39
4197,空頭出場,2025-12-16 11:20,S_Exit,27411,1,1377050,6460,0.47,6530,0.47,-1620,-0.12,2268000,567.00
4197,空頭進場,2025-12-16 09:40,S_Cmd,27541,1,1377050,6460,0.47,6530,0.47,-1620,-0.12,2268000,567.00
4198,空頭出場,2025-12-16 12:20,S_Exit_Add,27599,1,1371400,-8590,-0.63,880,0.06,-8570,-0.62,2259430,564.86
4198,空頭進場,2025-12-16 11:15,S_Add,27428,1,1371400,-8590,-0.63,880,0.06,-8570,-0.62,2259430,564.86
4199,空頭出場,2025-12-17 12:35,S_Exit,27669,1,1388250,4760,0.34,4830,0.35,-20,0.00,2264170,566.04
4199,空頭進場,2025-12-17 12:25,S_Cmd,27765,1,1388250,4760,0.34,4830,0.35,-20,0.00,2264170,566.04
4200,空頭出場,2025-12-17 12:50,S_Exit_Add,27610,1,1384850,4310,0.31,4380,0.32,-220,-0.02,2268500,567.13
4200,空頭進場,2025-12-17 12:35,S_Add,27697,1,1384850,4310,0.31,4380,0.32,-220,-0.02,2268500,567.13
4201,空頭出場,2025-12-17 23:35,S_Exit,27698,1,1391900,6960,0.50,7030,0.51,-2320,-0.17,2275460,568.87
4201,空頭進場,2025-12-17 23:20,S_Cmd,27838,1,1391900,6960,0.50,7030,0.51,-2320,-0.17,2275460,568.87
4202,空頭出場,2025-12-18 03:30,S_Exit,27358,1,1376100,8160,0.59,8230,0.60,-4270,-0.31,2283600,570.90
4202,空頭進場,2025-12-18 00:15,S_Cmd,27522,1,1376100,8160,0.59,8230,0.60,-4270,-0.31,2283600,570.90
4203,空頭出場,2025-12-18 08:45,S_Exit_Add,27571,1,1370100,-8490,-0.62,2680,0.20,-8470,-0.62,2275130,568.78
4203,空頭進場,2025-12-18 03:05,S_Add,27402,1,1370100,-8490,-0.62,2680,0.20,-8470,-0.62,2275130,568.78
4204,空頭出場,2025-12-18 12:35,Trend Rev,27581,1,1375050,-4040,-0.29,2130,0.15,-5220,-0.38,2271090,567.77
4204,空頭進場,2025-12-18 11:20,S_Cmd,27501,1,1375050,-4040,-0.29,2130,0.15,-5220,-0.38,2271090,567.77
4205,多頭出場,2025-12-19 19:25,Trend Rev,27895,1,1397400,-2690,-0.19,1330,0.10,-5420,-0.39,2268400,567.10
4205,多頭進場,2025-12-19 11:30,L_Cmd,27948,1,1397400,-2690,-0.19,1330,0.10,-5420,-0.39,2268400,567.10
4206,多頭出場,2025-12-19 22:30,L_Exit,28052,1,1396850,5710,0.41,5780,0.41,-970,-0.07,2274110,568.53
4206,多頭進場,2025-12-19 21:40,L_Cmd,27937,1,1396850,5710,0.41,5780,0.41,-970,-0.07,2274110,568.53
4207,多頭出場,2025-12-19 23:00,L_Exit,28176,1,1402150,6610,0.47,6680,0.48,-1470,-0.10,2280680,570.17
4207,多頭進場,2025-12-19 22:35,L_Cmd,28043,1,1402150,6610,0.47,6680,0.48,-1470,-0.10,2280680,570.17
4208,多頭出場,2025-12-22 08:45,L_Exit_Add,28264,1,1405150,8010,0.57,8080,0.58,-1270,-0.09,2288710,572.18
4208,多頭進場,2025-12-19 22:45,L_Add,28103,1,1405150,8010,0.57,8080,0.58,-1270,-0.09,2288710,572.18
4209,多頭出場,2025-12-22 08:45,L_Exit_Add,28264,1,1407050,6110,0.43,6180,0.44,-3170,-0.23,2294840,573.71
4209,多頭進場,2025-12-19 23:00,L_Add,28141,1,1407050,6110,0.43,6180,0.44,-3170,-0.23,2294840,573.71
4210,多頭出場,2025-12-22 09:10,L_Exit,28214,1,1414450,-3790,-0.27,680,0.05,-3770,-0.27,2291050,572.76
4210,多頭進場,2025-12-22 08:50,L_Cmd,28289,1,1414450,-3790,-0.27,680,0.05,-3770,-0.27,2291050,572.76
4211,多頭出場,2025-12-22 22:30,L_Exit_Add,28313,1,1415750,-140,-0.01,4180,0.30,-2220,-0.16,2290890,572.72
4211,多頭進場,2025-12-22 10:45,L_Cmd,28315,1,1415750,-140,-0.01,4180,0.30,-2220,-0.16,2290890,572.72
4212,多頭出場,2025-12-22 22:40,Trend Rev,28309,1,1419050,-3640,-0.26,880,0.06,-4570,-0.32,2287270,571.82
4212,多頭進場,2025-12-22 22:20,L_Add,28381,1,1419050,-3640,-0.26,880,0.06,-4570,-0.32,2287270,571.82
4213,多頭出場,2025-12-23 04:50,Trend Rev,28321,1,1418050,-2040,-0.14,330,0.02,-2320,-0.16,2285230,571.31
4213,多頭進場,2025-12-23 00:20,L_Cmd,28361,1,1418050,-2040,-0.14,330,0.02,-2320,-0.16,2285230,571.31
4214,多頭出場,2025-12-23 17:45,L_Exit,28475,1,1420050,3660,0.26,3830,0.27,-2020,-0.14,2288870,572.22
4214,多頭進場,2025-12-23 09:10,L_Cmd,28401,1,1420050,3660,0.26,3830,0.27,-2020,-0.14,2288870,572.22
4215,多頭出場,2025-12-23 21:40,Trend Rev,28402,1,1422050,-1990,-0.14,2080,0.15,-3620,-0.25,2286900,571.73
4215,多頭進場,2025-12-23 10:00,L_Add,28441,1,1422050,-1990,-0.14,2080,0.15,-3620,-0.25,2286900,571.73
4216,多頭出場,2025-12-24 02:05,L_Exit,28529,1,1421350,5060,0.36,5130,0.36,-570,-0.04,2291940,572.99
4216,多頭進場,2025-12-23 23:45,L_Cmd,28427,1,1421350,5060,0.36,5130,0.36,-570,-0.04,2291940,572.99
4217,多頭出場,2025-12-24 02:10,L_Exit_Add,28532,1,1423750,2810,0.20,2880,0.20,-220,-0.02,2294770,573.69
4217,多頭進場,2025-12-24 00:55,L_Add,28475,1,1423750,2810,0.20,2880,0.20,-220,-0.02,2294770,573.69
4218,多頭出場,2025-12-24 09:00,L_Exit,28522,1,1427700,-1640,-0.11,1680,0.12,-1620,-0.11,2293130,573.28
4218,多頭進場,2025-12-24 03:20,L_Cmd,28554,1,1427700,-1640,-0.11,1680,0.12,-1620,-0.11,2293130,573.28
4219,多頭出場,2025-12-24 18:05,Trend Rev,28467,1,1423250,60,0.00,1580,0.11,-220,-0.02,2293190,573.30
4219,多頭進場,2025-12-24 13:40,L_Cmd,28465,1,1423250,60,0.00,1580,0.11,-220,-0.02,2293190,573.30
4220,多頭出場,2025-12-26 08:45,L_Exit,28611,1,1425750,4760,0.33,4830,0.34,-1170,-0.08,2297910,574.48
4220,多頭進場,2025-12-24 22:55,L_Cmd,28515,1,1425750,4760,0.33,4830,0.34,-1170,-0.08,2297910,574.48
4221,多頭出場,2025-12-26 08:45,L_Exit_Add,28611,1,1427300,3210,0.22,3280,0.23,-1820,-0.13,2301140,575.29
4221,多頭進場,2025-12-25 00:25,L_Add,28546,1,1427300,3210,0.22,3280,0.23,-1820,-0.13,2301140,575.29
4222,多頭出場,2025-12-26 08:45,L_Exit_Add,28611,1,1428000,2510,0.18,2580,0.18,-2520,-0.18,2303670,575.92
4222,多頭進場,2025-12-25 00:40,L_Add,28560,1,1428000,2510,0.18,2580,0.18,-2520,-0.18,2303670,575.92
4223,多頭出場,2025-12-26 09:00,L_Exit,28678,1,1429900,3960,0.28,4030,0.28,-20,0.00,2307610,576.90
4223,多頭進場,2025-12-26 08:50,L_Cmd,28598,1,1429900,3960,0.28,4030,0.28,-20,0.00,2307610,576.90
4224,多頭出場,2025-12-26 09:25,L_Exit_Add,28562,1,1431550,-3490,-0.24,2380,0.17,-3470,-0.24,2304140,576.04
4224,多頭進場,2025-12-26 09:00,L_Add,28631,1,1431550,-3490,-0.24,2380,0.17,-3470,-0.24,2304140,576.04
4225,多頭出場,2025-12-26 22:30,Trend Rev,28658,1,1431200,1660,0.12,4780,0.33,-320,-0.02,2305760,576.44
4225,多頭進場,2025-12-26 10:50,L_Cmd,28624,1,1431200,1660,0.12,4780,0.33,-320,-0.02,2305760,576.44
4226,多頭出場,2025-12-26 22:30,Trend Rev,28658,1,1433700,-840,-0.06,2280,0.16,-2220,-0.15,2304940,576.24
4226,多頭進場,2025-12-26 11:15,L_Add,28674,1,1433700,-840,-0.06,2280,0.16,-2220,-0.15,2304940,576.24
4227,多頭出場,2025-12-26 22:30,Trend Rev,28658,1,1435150,-2290,-0.16,830,0.06,-3670,-0.26,2302670,575.67
4227,多頭進場,2025-12-26 11:30,L_Add,28703,1,1435150,-2290,-0.16,830,0.06,-3670,-0.26,2302670,575.67
4228,多頭出場,2025-12-27 01:10,Trend Rev,28665,1,1434350,-1140,-0.08,2380,0.17,-1520,-0.11,2301510,575.38
4228,多頭進場,2025-12-26 23:55,L_Cmd,28687,1,1434350,-1140,-0.08,2380,0.17,-1520,-0.11,2301510,575.38
4229,多頭出場,2025-12-27 01:10,Trend Rev,28665,1,1436250,-3040,-0.21,430,0.03,-3420,-0.24,2298490,574.62
4229,多頭進場,2025-12-27 00:05,L_Add,28725,1,1436250,-3040,-0.21,430,0.03,-3420,-0.24,2298490,574.62
4230,多頭出場,2025-12-29 09:50,L_Exit,28927,1,1439500,6810,0.47,6880,0.48,-1470,-0.10,2305260,576.32
4230,多頭進場,2025-12-29 09:15,L_Cmd,28790,1,1439500,6810,0.47,6880,0.48,-1470,-0.10,2305260,576.32
4231,多頭出場,2025-12-29 11:30,L_Exit_G,28941,1,1441800,5210,0.36,5280,0.37,-520,-0.04,2310450,577.61
4231,多頭進場,2025-12-29 09:35,L_Add,28836,1,1441800,5210,0.36,5280,0.37,-520,-0.04,2310450,577.61
4232,多頭出場,2025-12-29 11:50,L_Exit_Add,28963,1,1442950,5160,0.36,5230,0.36,-20,0.00,2315610,578.90
4232,多頭進場,2025-12-29 09:50,L_Add,28859,1,1442950,5160,0.36,5230,0.36,-20,0.00,2315610,578.90
4233,多頭出場,2025-12-29 11:50,L_Exit_G,28963,1,1445550,2560,0.18,2630,0.18,-2270,-0.16,2318190,579.55
4233,多頭進場,2025-12-29 09:55,L_Add,28911,1,1445550,2560,0.18,2630,0.18,-2270,-0.16,2318190,579.55
4234,多頭出場,2025-12-29 12:00,L_Exit_Add,28972,1,1445650,2910,0.20,2980,0.21,-2370,-0.16,2321120,580.28
4234,多頭進場,2025-12-29 10:05,L_G_進,28913,1,1445650,2910,0.20,2980,0.21,-2370,-0.16,2321120,580.28
4235,多頭出場,2025-12-29 16:45,L_Exit_Add,28874,1,1447000,-3340,-0.23,2830,0.20,-3320,-0.23,2317780,579.45
4235,多頭進場,2025-12-29 11:35,L_G_進,28940,1,1447000,-3340,-0.23,2830,0.20,-3320,-0.23,2317780,579.45
4236,多頭出場,2025-12-29 20:10,Trend Rev,28861,1,1449700,-6690,-0.46,80,0.01,-7220,-0.50,2311110,577.78
4236,多頭進場,2025-12-29 12:15,L_Add,28994,1,1449700,-6690,-0.46,80,0.01,-7220,-0.50,2311110,577.78
4237,多頭出場,2025-12-30 04:30,Trend Rev,28788,1,1439750,-390,-0.03,730,0.05,-470,-0.03,2310720,577.68
4237,多頭進場,2025-12-30 03:45,L_Cmd,28795,1,1439750,-390,-0.03,730,0.05,-470,-0.03,2310720,577.68
4238,多頭出場,2025-12-30 10:10,Trend Rev,28783,1,1440400,-1290,-0.09,1880,0.13,-1420,-0.10,2309430,577.36
4238,多頭進場,2025-12-30 09:45,L_Cmd,28808,1,1440400,-1290,-0.09,1880,0.13,-1420,-0.10,2309430,577.36
4239,多頭出場,2025-12-30 12:10,L_Exit,28927,1,1439800,6510,0.45,6580,0.46,-70,0.00,2315880,578.97
4239,多頭進場,2025-12-30 10:50,L_Cmd,28796,1,1439800,6510,0.45,6580,0.46,-70,0.00,2315880,578.97
4240,多頭出場,2025-12-30 12:25,L_Exit_G,28940,1,1443350,3610,0.25,3680,0.25,-1320,-0.09,2319510,579.88
4240,多頭進場,2025-12-30 11:35,L_Add,28867,1,1443350,3610,0.25,3680,0.25,-1320,-0.09,2319510,579.88
4241,多頭出場,2025-12-30 15:25,Trend Rev,28818,1,1444550,-3690,-0.26,2530,0.18,-4170,-0.29,2315840,578.96
4241,多頭進場,2025-12-30 12:00,L_Add,28891,1,1444550,-3690,-0.26,2530,0.18,-4170,-0.29,2315840,578.96
4242,多頭出場,2025-12-30 15:25,Trend Rev,28818,1,1445850,-4990,-0.35,1230,0.09,-5470,-0.38,2310870,577.72
4242,多頭進場,2025-12-30 12:10,L_G_進,28917,1,1445850,-4990,-0.35,1230,0.09,-5470,-0.38,2310870,577.72
4243,多頭出場,2025-12-31 04:10,Trend Rev,28904,1,1447200,-2040,-0.14,1380,0.10,-2070,-0.14,2308830,577.21
4243,多頭進場,2025-12-31 00:05,L_Cmd,28944,1,1447200,-2040,-0.14,1380,0.10,-2070,-0.14,2308830,577.21
4244,多頭出場,2025-12-31 09:55,Trend Rev,28887,1,1445850,-1540,-0.11,1630,0.11,-2070,-0.14,2307290,576.82
4244,多頭進場,2025-12-31 09:45,L_Cmd,28917,1,1445850,-1540,-0.11,1630,0.11,-2070,-0.14,2307290,576.82
4245,多頭出場,2025-12-31 10:20,Trend Rev,28894,1,1445150,-490,-0.03,480,0.03,-2070,-0.14,2306800,576.70
4245,多頭進場,2025-12-31 10:00,L_Cmd,28903,1,1445150,-490,-0.03,480,0.03,-2070,-0.14,2306800,576.70
4246,多頭出場,2025-12-31 21:50,L_Exit_Add,29076,1,1448450,5310,0.37,5530,0.38,-570,-0.04,2312070,578.02
4246,多頭進場,2025-12-31 10:50,L_Cmd,28969,1,1448450,5310,0.37,5530,0.38,-570,-0.04,2312070,578.02
4247,多頭出場,2025-12-31 23:55,L_Exit_Add,29026,1,1451600,-340,-0.02,3130,0.22,-3620,-0.25,2311750,577.94
4247,多頭進場,2025-12-31 12:40,L_Add,29032,1,1451600,-340,-0.02,3130,0.22,-3620,-0.25,2311750,577.94
4248,多頭出場,2026-01-01 04:10,Trend Rev,29035,1,1453850,-2140,-0.15,2030,0.14,-3320,-0.23,2309630,577.41
4248,多頭進場,2025-12-31 21:50,L_Add,29077,1,1453850,-2140,-0.15,2030,0.14,-3320,-0.23,2309630,577.41
4249,多頭出場,2026-01-02 10:00,L_Exit,29256,1,1455550,7210,0.50,7280,0.50,-2570,-0.18,2316800,579.20
4249,多頭進場,2026-01-02 09:00,L_Cmd,29111,1,1455550,7210,0.50,7280,0.50,-2570,-0.18,2316800,579.20
4250,多頭出場,2026-01-02 10:15,L_Exit_Add,29314,1,1459050,6610,0.45,6680,0.46,-870,-0.06,2323390,580.85
4250,多頭進場,2026-01-02 09:35,L_Add,29181,1,1459050,6610,0.45,6680,0.46,-870,-0.06,2323390,580.85
4251,多頭出場,2026-01-02 10:15,L_Exit_G,29314,1,1460600,5060,0.35,5130,0.35,-2420,-0.17,2328470,582.12
4251,多頭進場,2026-01-02 09:50,L_Add,29212,1,1460600,5060,0.35,5130,0.35,-2420,-0.17,2328470,582.12
4252,多頭出場,2026-01-02 10:25,L_Exit_Add,29382,1,1462400,6660,0.46,6730,0.46,-370,-0.03,2335110,583.78
4252,多頭進場,2026-01-02 10:05,L_Add,29248,1,1462400,6660,0.46,6730,0.46,-370,-0.03,2335110,583.78
4253,多頭出場,2026-01-02 10:25,L_Exit_G,29382,1,1463600,5460,0.37,5530,0.38,-770,-0.05,2340590,585.15
4253,多頭進場,2026-01-02 10:10,L_G_進,29272,1,1463600,5460,0.37,5530,0.38,-770,-0.05,2340590,585.15
4254,多頭出場,2026-01-02 10:35,L_Exit_Add,29405,1,1465550,4660,0.32,4730,0.32,-720,-0.05,2345250,586.31
4254,多頭進場,2026-01-02 10:20,L_Add,29311,1,1465550,4660,0.32,4730,0.32,-720,-0.05,2345250,586.31
4255,多頭出場,2026-01-02 11:00,L_Exit_Add,29452,1,1466650,5910,0.40,5980,0.41,-370,-0.03,2351160,587.79
4255,多頭進場,2026-01-02 10:25,L_G_進,29333,1,1466650,5910,0.40,5980,0.41,-370,-0.03,2351160,587.79
4256,多頭出場,2026-01-02 13:00,L_Exit_G,29492,1,1468900,5660,0.39,5730,0.39,-1170,-0.08,2356800,589.20
4256,多頭進場,2026-01-02 10:30,L_Add,29378,1,1468900,5660,0.39,5730,0.39,-1170,-0.08,2356800,589.20
4257,多頭出場,2026-01-02 13:05,L_Exit_Add,29497,1,1470700,4110,0.28,4180,0.28,-870,-0.06,2360930,590.23
4257,多頭進場,2026-01-02 11:00,L_Add,29414,1,1470700,4110,0.28,4180,0.28,-870,-0.06,2360930,590.23
4258,多頭出場,2026-01-02 16:05,L_Exit_Add,29540,1,1472450,4510,0.31,4580,0.31,-1170,-0.08,2365460,591.37
4258,多頭進場,2026-01-02 12:15,L_Add,29449,1,1472450,4510,0.31,4580,0.31,-1170,-0.08,2365460,591.37
4259,多頭出場,2026-01-02 16:25,L_Exit_Add,29569,1,1473350,5060,0.34,5130,0.35,-1220,-0.08,2370540,592.64
4259,多頭進場,2026-01-02 12:25,L_G_進,29467,1,1473350,5060,0.34,5130,0.35,-1220,-0.08,2370540,592.64
4260,多頭出場,2026-01-02 23:10,L_BE,29642,1,1482100,-40,0.00,7630,0.51,-20,0.00,2370440,592.61
4260,多頭進場,2026-01-02 22:45,L_Cmd,29642,1,1482100,-40,0.00,7630,0.51,-20,0.00,2370440,592.61
4261,多頭出場,2026-01-02 23:15,L_Exit_Add,29581,1,1484850,-5840,-0.39,4880,0.33,-5820,-0.39,2364620,591.16
4261,多頭進場,2026-01-02 22:50,L_Add,29697,1,1484850,-5840,-0.39,4880,0.33,-5820,-0.39,2364620,591.16
4262,多頭出場,2026-01-02 23:20,L_G_Cut,29614,1,1486000,-5340,-0.36,3730,0.25,-7070,-0.48,2359300,589.83
4262,多頭進場,2026-01-02 22:55,L_Add,29720,1,1486000,-5340,-0.36,3730,0.25,-7070,-0.48,2359300,589.83
4263,多頭出場,2026-01-02 23:20,L_Exit_Add,29558,1,1487800,-9940,-0.67,1930,0.13,-9920,-0.67,2349380,587.35
4263,多頭進場,2026-01-02 23:05,L_G_進,29756,1,1487800,-9940,-0.67,1930,0.13,-9920,-0.67,2349380,587.35
4264,多頭出場,2026-01-05 08:45,L_Exit,29917,1,1486450,9360,0.63,9430,0.63,-1120,-0.08,2358740,589.68
4264,多頭進場,2026-01-03 03:35,L_Cmd,29729,1,1486450,9360,0.63,9430,0.63,-1120,-0.08,2358740,589.68
4265,多頭出場,2026-01-05 09:35,L_Exit,30152,1,1497200,10360,0.69,10430,0.70,-1670,-0.11,2369060,592.27
4265,多頭進場,2026-01-05 09:05,L_Cmd,29944,1,1497200,10360,0.69,10430,0.70,-1670,-0.11,2369060,592.27
4266,多頭出場,2026-01-05 09:45,L_Exit_Add,30276,1,1501950,11810,0.79,11880,0.79,-220,-0.01,2380850,595.21
4266,多頭進場,2026-01-05 09:25,L_Add,30039,1,1501950,11810,0.79,11880,0.79,-220,-0.01,2380850,595.21
4267,多頭出場,2026-01-05 09:45,L_Exit_Add,30276,1,1503550,10210,0.68,10280,0.68,-1770,-0.12,2391080,597.77
4267,多頭進場,2026-01-05 09:30,L_Add,30071,1,1503550,10210,0.68,10280,0.68,-1770,-0.12,2391080,597.77
4268,多頭出場,2026-01-05 09:45,L_Exit_G,30276,1,1507000,6760,0.45,6830,0.45,-720,-0.05,2397860,599.47
4268,多頭進場,2026-01-05 09:40,L_Add,30140,1,1507000,6760,0.45,6830,0.45,-720,-0.05,2397860,599.47
4269,多頭出場,2026-01-05 10:25,L_Exit_Add,30384,1,1508950,10210,0.68,10280,0.68,-2070,-0.14,2408030,602.01
4269,多頭進場,2026-01-05 09:45,L_G_進,30179,1,1508950,10210,0.68,10280,0.68,-2070,-0.14,2408030,602.01
4270,多頭出場,2026-01-05 10:25,L_Exit_G,30384,1,1512950,6210,0.41,6280,0.42,-6070,-0.40,2414260,603.57
4270,多頭進場,2026-01-05 09:50,L_Add,30259,1,1512950,6210,0.41,6280,0.42,-6070,-0.40,2414260,603.57
4271,多頭出場,2026-01-05 11:05,L_Exit_Add,30487,1,1514600,9710,0.64,9780,0.65,-1120,-0.07,2423950,605.99
4271,多頭進場,2026-01-05 10:15,L_Add,30292,1,1514600,9710,0.64,9780,0.65,-1120,-0.07,2423950,605.99
4272,多頭出場,2026-01-05 11:05,L_Exit_G,30487,1,1515950,8360,0.55,8430,0.56,-2220,-0.15,2432330,608.08
4272,多頭進場,2026-01-05 10:20,L_G_進,30319,1,1515950,8360,0.55,8430,0.56,-2220,-0.15,2432330,608.08
4273,多頭出場,2026-01-05 21:25,Trend Rev,30235,1,1518900,-7190,-0.47,5480,0.36,-7670,-0.50,2425160,606.29
4273,多頭進場,2026-01-05 10:50,L_Add,30378,1,1518900,-7190,-0.47,5480,0.36,-7670,-0.50,2425160,606.29
4274,多頭出場,2026-01-05 21:25,Trend Rev,30235,1,1521850,-10140,-0.67,2530,0.17,-10620,-0.70,2415040,603.76
4274,多頭進場,2026-01-05 11:05,L_G_進,30437,1,1521850,-10140,-0.67,2530,0.17,-10620,-0.70,2415040,603.76
4275,多頭出場,2026-01-05 22:35,L_Exit,30283,1,1517650,-3540,-0.23,1180,0.08,-3520,-0.23,2411500,602.88
4275,多頭進場,2026-01-05 22:05,L_Cmd,30353,1,1517650,-3540,-0.23,1180,0.08,-3520,-0.23,2411500,602.88
4276,多頭出場,2026-01-06 03:40,Trend Rev,30292,1,1515850,-1290,-0.09,5030,0.33,-2270,-0.15,2410190,602.55
4276,多頭進場,2026-01-05 23:45,L_Cmd,30317,1,1515850,-1290,-0.09,5030,0.33,-2270,-0.15,2410190,602.55
4277,多頭出場,2026-01-06 03:40,Trend Rev,30292,1,1519700,-5140,-0.34,1180,0.08,-6120,-0.40,2405070,601.27
4277,多頭進場,2026-01-06 00:35,L_Add,30394,1,1519700,-5140,-0.34,1180,0.08,-6120,-0.40,2405070,601.27
4278,多頭出場,2026-01-06 09:40,Trend Rev,30282,1,1516400,-2340,-0.15,2030,0.13,-3320,-0.22,2402730,600.68
4278,多頭進場,2026-01-06 09:25,L_Cmd,30328,1,1516400,-2340,-0.15,2030,0.13,-3320,-0.22,2402730,600.68
4279,多頭出場,2026-01-06 11:00,L_Exit,30596,1,1518950,10810,0.71,10880,0.72,-1420,-0.09,2413500,603.38
4279,多頭進場,2026-01-06 09:55,L_Cmd,30379,1,1518950,10810,0.71,10880,0.72,-1420,-0.09,2413500,603.38
4280,多頭出場,2026-01-06 12:35,L_Exit_Add,30633,1,1524050,7560,0.50,7630,0.50,-120,-0.01,2421060,605.27
4280,多頭進場,2026-01-06 10:50,L_Add,30481,1,1524050,7560,0.50,7630,0.50,-120,-0.01,2421060,605.27
4281,多頭出場,2026-01-06 13:30,L_Exit_Add,30672,1,1526600,6960,0.46,7030,0.46,-1070,-0.07,2428020,607.01
4281,多頭進場,2026-01-06 11:00,L_Add,30532,1,1526600,6960,0.46,7030,0.46,-1070,-0.07,2428020,607.01
4282,多頭出場,2026-01-06 16:25,L_Exit_Add,30494,1,1529500,-4840,-0.32,4130,0.27,-4820,-0.32,2423200,605.80
4282,多頭進場,2026-01-06 11:05,L_Add,30590,1,1529500,-4840,-0.32,4130,0.27,-4820,-0.32,2423200,605.80
4283,多頭出場,2026-01-07 00:05,Trend Rev,30518,1,1532200,-6340,-0.41,1430,0.09,-9470,-0.62,2416880,604.22
4283,多頭進場,2026-01-06 13:30,L_Add,30644,1,1532200,-6340,-0.41,1430,0.09,-9470,-0.62,2416880,604.22
4284,多頭出場,2026-01-07 12:10,Trend Rev,30560,1,1528550,-590,-0.04,5230,0.34,-770,-0.05,2416270,604.07
4284,多頭進場,2026-01-07 10:55,L_Cmd,30571,1,1528550,-590,-0.04,5230,0.34,-770,-0.05,2416270,604.07
4285,多頭出場,2026-01-07 12:10,Trend Rev,30560,1,1532350,-4390,-0.29,1430,0.09,-4570,-0.30,2411900,602.98
4285,多頭進場,2026-01-07 11:25,L_Add,30647,1,1532350,-4390,-0.29,1430,0.09,-4570,-0.30,2411900,602.98
4286,多頭出場,2026-01-07 22:05,L_Exit,30482,1,1526250,-2190,-0.14,80,0.01,-2170,-0.14,2409710,602.43
4286,多頭進場,2026-01-07 21:45,L_Cmd,30525,1,1526250,-2190,-0.14,80,0.01,-2170,-0.14,2409710,602.43
4287,多頭出場,2026-01-08 09:35,Trend Rev,30434,1,1524950,-3290,-0.22,830,0.05,-3520,-0.23,2406420,601.61
4287,多頭進場,2026-01-08 09:20,L_Cmd,30499,1,1524950,-3290,-0.22,830,0.05,-3520,-0.23,2406420,601.61
4288,多頭出場,2026-01-08 10:40,L_Exit,30437,1,1528900,-7090,-0.46,4180,0.27,-7070,-0.46,2399330,599.83
4288,多頭進場,2026-01-08 09:45,L_Cmd,30578,1,1528900,-7090,-0.46,4180,0.27,-7070,-0.46,2399330,599.83
4289,多頭出場,2026-01-08 22:30,L_Exit,30504,1,1527500,-2340,-0.15,1580,0.10,-2320,-0.15,2396990,599.25
4289,多頭進場,2026-01-08 21:30,L_Cmd,30550,1,1527500,-2340,-0.15,1580,0.10,-2320,-0.15,2396990,599.25
4290,多頭出場,2026-01-09 12:50,Trend Rev,30417,1,1520500,310,0.02,8380,0.55,-870,-0.06,2397280,599.32
4290,多頭進場,2026-01-09 10:35,L_Cmd,30410,1,1520500,310,0.02,8380,0.55,-870,-0.06,2397280,599.32
4291,多頭出場,2026-01-09 12:50,Trend Rev,30417,1,1527550,-6740,-0.44,380,0.02,-6870,-0.45,2390560,597.64
4291,多頭進場,2026-01-09 10:50,L_Add,30551,1,1527550,-6740,-0.44,380,0.02,-6870,-0.45,2390560,597.64
4292,多頭出場,2026-01-09 22:30,L_Exit,30503,1,1527800,-2690,-0.18,980,0.06,-2670,-0.17,2387870,596.97
4292,多頭進場,2026-01-09 21:35,L_Cmd,30556,1,1527800,-2690,-0.18,980,0.06,-2670,-0.17,2387870,596.97
4293,多頭出場,2026-01-09 23:05,L_Exit,30522,1,1530600,-4540,-0.30,1780,0.12,-4520,-0.30,2383330,595.83
4293,多頭進場,2026-01-09 22:40,L_Cmd,30612,1,1530600,-4540,-0.30,1780,0.12,-4520,-0.30,2383330,595.83
4294,多頭出場,2026-01-12 09:15,Trend Rev,30668,1,1533150,210,0.01,8730,0.57,-2570,-0.17,2383520,595.88
4294,多頭進場,2026-01-09 23:30,L_Cmd,30663,1,1533150,210,0.01,8730,0.57,-2570,-0.17,2383520,595.88
4295,多頭出場,2026-01-12 09:15,Trend Rev,30668,1,1537750,-4390,-0.29,4130,0.27,-4670,-0.30,2379150,594.79
4295,多頭進場,2026-01-10 00:50,L_Add,30755,1,1537750,-4390,-0.29,4130,0.27,-4670,-0.30,2379150,594.79
4296,多頭出場,2026-01-12 12:35,Trend Rev,30673,1,1535800,-2190,-0.14,1230,0.08,-2670,-0.17,2376960,594.24
4296,多頭進場,2026-01-12 11:45,L_Cmd,30716,1,1535800,-2190,-0.14,1230,0.08,-2670,-0.17,2376960,594.24
4297,多頭出場,2026-01-12 18:05,Trend Rev,30712,1,1535800,-240,-0.02,5080,0.33,-1820,-0.12,2376720,594.18
4297,多頭進場,2026-01-12 13:05,L_Cmd,30716,1,1535800,-240,-0.02,5080,0.33,-1820,-0.12,2376720,594.18
4298,多頭出場,2026-01-12 23:40,L_Exit,30933,1,1540100,6510,0.42,6580,0.43,-2820,-0.18,2383170,595.79
4298,多頭進場,2026-01-12 22:40,L_Cmd,30802,1,1540100,6510,0.42,6580,0.43,-2820,-0.18,2383170,595.79
4299,多頭出場,2026-01-12 23:50,L_Exit_G,30963,1,1542800,5310,0.34,5380,0.35,-3120,-0.20,2388480,597.12
4299,多頭進場,2026-01-12 23:00,L_Add,30856,1,1542800,5310,0.34,5380,0.35,-3120,-0.20,2388480,597.12
4300,多頭出場,2026-01-13 00:05,L_Exit_Add,30994,1,1544950,4710,0.30,4780,0.31,-720,-0.05,2393190,598.30
4300,多頭進場,2026-01-12 23:30,L_Add,30899,1,1544950,4710,0.30,4780,0.31,-720,-0.05,2393190,598.30
4301,多頭出場,2026-01-13 00:10,L_Exit_G,31002,1,1545550,4510,0.29,4580,0.30,-570,-0.04,2397720,599.43
4301,多頭進場,2026-01-12 23:40,L_G_進,30911,1,1545550,4510,0.29,4580,0.30,-570,-0.04,2397720,599.43
4302,多頭出場,2026-01-13 01:10,L_Exit_Add,31047,1,1547250,5060,0.33,5130,0.33,-670,-0.04,2402800,600.70
4302,多頭進場,2026-01-12 23:50,L_G_進,30945,1,1547250,5060,0.33,5130,0.33,-670,-0.04,2402800,600.70
4303,多頭出場,2026-01-13 01:10,L_Exit_G,31047,1,1548950,3360,0.22,3430,0.22,-1370,-0.09,2406180,601.55
4303,多頭進場,2026-01-13 00:00,L_G_進,30979,1,1548950,3360,0.22,3430,0.22,-1370,-0.09,2406180,601.55
4304,多頭出場,2026-01-13 04:45,L_Exit,31044,1,1554900,-2740,-0.18,280,0.02,-2720,-0.17,2403440,600.86
4304,多頭進場,2026-01-13 03:15,L_Cmd,31098,1,1554900,-2740,-0.18,280,0.02,-2720,-0.17,2403440,600.86
4305,多頭出場,2026-01-13 08:55,L_Exit,31112,1,1559550,-3990,-0.26,3780,0.24,-3970,-0.25,2399450,599.86
4305,多頭進場,2026-01-13 08:50,L_Cmd,31191,1,1559550,-3990,-0.26,3780,0.24,-3970,-0.25,2399450,599.86
4306,多頭出場,2026-01-13 23:00,L_Exit,30986,1,1553550,-4290,-0.28,2230,0.14,-4270,-0.27,2395160,598.79
4306,多頭進場,2026-01-13 22:40,L_Cmd,31071,1,1553550,-4290,-0.28,2230,0.14,-4270,-0.27,2395160,598.79
4307,多頭出場,2026-01-14 02:00,Trend Rev,30956,1,1550650,-2890,-0.19,5780,0.37,-4020,-0.26,2392250,598.06
4307,多頭進場,2026-01-14 00:05,L_Cmd,31013,1,1550650,-2890,-0.19,5780,0.37,-4020,-0.26,2392250,598.06
4308,多頭出場,2026-01-14 02:00,Trend Rev,30956,1,1555350,-7590,-0.49,1080,0.07,-8720,-0.56,2384680,596.17
4308,多頭進場,2026-01-14 00:55,L_Add,31107,1,1555350,-7590,-0.49,1080,0.07,-8720,-0.56,2384680,596.17
4309,多頭出場,2026-01-14 09:05,Trend Rev,30957,1,1551650,-3840,-0.25,430,0.03,-3970,-0.26,2380840,595.21
4309,多頭進場,2026-01-14 08:50,L_Cmd,31033,1,1551650,-3840,-0.25,430,0.03,-3970,-0.26,2380840,595.21
4310,多頭出場,2026-01-14 10:35,L_Exit,30962,1,1554750,-6690,-0.43,3380,0.22,-6670,-0.43,2374150,593.54
4310,多頭進場,2026-01-14 10:05,L_Cmd,31095,1,1554750,-6690,-0.43,3380,0.22,-6670,-0.43,2374150,593.54
4311,多頭出場,2026-01-15 10:10,L_Exit,30803,1,1545700,-5590,-0.36,1380,0.09,-5570,-0.36,2368560,592.14
4311,多頭進場,2026-01-15 09:05,L_Cmd,30914,1,1545700,-5590,-0.36,1380,0.09,-5570,-0.36,2368560,592.14
4312,多頭出場,2026-01-15 15:00,L_Exit,31194,1,1544650,15010,0.97,15080,0.98,-870,-0.06,2383510,595.88
4312,多頭進場,2026-01-15 12:25,L_Cmd,30893,1,1544650,15010,0.97,15080,0.98,-870,-0.06,2383510,595.88
4313,多頭出場,2026-01-15 15:00,L_Exit_Add,31194,1,1548850,10810,0.70,10880,0.70,-670,-0.04,2394340,598.59
4313,多頭進場,2026-01-15 13:20,L_Add,30977,1,1548850,10810,0.70,10880,0.70,-670,-0.04,2394340,598.59
4314,多頭出場,2026-01-15 15:00,L_Exit_Add,31194,1,1551750,7910,0.51,7980,0.51,-470,-0.03,2402270,600.57
4314,多頭進場,2026-01-15 13:40,L_Add,31035,1,1551750,7910,0.51,7980,0.51,-470,-0.03,2402270,600.57
4315,多頭出場,2026-01-15 15:00,L_Exit_G,31194,1,1552700,6960,0.45,7030,0.45,-20,0.00,2409250,602.31
4315,多頭進場,2026-01-15 13:45,L_G_進,31054,1,1552700,6960,0.45,7030,0.45,-20,0.00,2409250,602.31
4316,多頭出場,2026-01-15 22:30,L_Exit,31400,1,1572900,-2940,-0.19,30,0.00,-2920,-0.19,2406310,601.58
4316,多頭進場,2026-01-15 22:25,L_Cmd,31458,1,1572900,-2940,-0.19,30,0.00,-2920,-0.19,2406310,601.58
4317,多頭出場,2026-01-16 03:30,Trend Rev,31384,1,1571950,-2790,-0.18,5080,0.32,-2970,-0.19,2403500,600.88
4317,多頭進場,2026-01-15 22:45,L_Cmd,31439,1,1571950,-2790,-0.18,5080,0.32,-2970,-0.19,2403500,600.88
4318,多頭出場,2026-01-16 03:30,Trend Rev,31384,1,1575800,-6640,-0.42,1230,0.08,-6820,-0.43,2396880,599.22
4318,多頭進場,2026-01-16 00:25,L_Add,31516,1,1575800,-6640,-0.42,1230,0.08,-6820,-0.43,2396880,599.22
4319,多頭出場,2026-01-16 21:10,Trend Rev,31442,1,1568900,3160,0.20,7880,0.50,-2070,-0.13,2400000,600.00
4319,多頭進場,2026-01-16 10:35,L_Cmd,31378,1,1568900,3160,0.20,7880,0.50,-2070,-0.13,2400000,600.00
4320,多頭出場,2026-01-16 21:10,Trend Rev,31442,1,1574100,-2040,-0.13,2680,0.17,-2170,-0.14,2397980,599.50
4320,多頭進場,2026-01-16 12:15,L_Add,31482,1,1574100,-2040,-0.13,2680,0.17,-2170,-0.14,2397980,599.50
4321,多頭出場,2026-01-16 21:10,Trend Rev,31442,1,1576550,-4490,-0.28,30,0.00,-4620,-0.29,2393510,598.38
4321,多頭進場,2026-01-16 13:10,L_Add,31531,1,1576550,-4490,-0.28,30,0.00,-4620,-0.29,2393510,598.38
4322,多頭出場,2026-01-16 22:55,L_Exit,31450,1,1575100,-2640,-0.17,880,0.06,-2620,-0.17,2390870,597.72
4322,多頭進場,2026-01-16 22:35,L_Cmd,31502,1,1575100,-2640,-0.17,880,0.06,-2620,-0.17,2390870,597.72
4323,多頭出場,2026-01-19 09:55,Trend Rev,31376,1,1570550,-1790,-0.11,3030,0.19,-2120,-0.13,2389080,597.27
4323,多頭進場,2026-01-19 09:20,L_Cmd,31411,1,1570550,-1790,-0.11,3030,0.19,-2120,-0.13,2389080,597.27
4324,多頭出場,2026-01-19 12:40,L_Exit,31765,1,1576600,11610,0.74,11680,0.74,-1870,-0.12,2400630,600.16
4324,多頭進場,2026-01-19 10:45,L_Cmd,31532,1,1576600,11610,0.74,11680,0.74,-1870,-0.12,2400630,600.16
4325,多頭出場,2026-01-19 12:40,L_Exit_Add,31765,1,1581650,6560,0.41,6630,0.42,-320,-0.02,2407210,601.80
4325,多頭進場,2026-01-19 12:25,L_Add,31633,1,1581650,6560,0.41,6630,0.42,-320,-0.02,2407210,601.80
4326,多頭出場,2026-01-19 12:40,L_Exit_G,31765,1,1584600,3610,0.23,3680,0.23,-1770,-0.11,2410840,602.71
4326,多頭進場,2026-01-19 12:35,L_Add,31692,1,1584600,3610,0.23,3680,0.23,-1770,-0.11,2410840,602.71
4327,多頭出場,2026-01-19 22:15,Trend Rev,31559,1,1586100,-8190,-0.52,2480,0.16,-8820,-0.56,2402670,600.67
4327,多頭進場,2026-01-19 12:40,L_G_進,31722,1,1586100,-8190,-0.52,2480,0.16,-8820,-0.56,2402670,600.67
4328,多頭出場,2026-01-20 00:25,Trend Rev,31572,1,1579250,-690,-0.04,930,0.06,-870,-0.06,2401980,600.50
4328,多頭進場,2026-01-19 23:55,L_Cmd,31585,1,1579250,-690,-0.04,930,0.06,-870,-0.06,2401980,600.50
4329,多頭出場,2026-01-20 16:35,Trend Rev,31604,1,1581150,-990,-0.06,5830,0.37,-3420,-0.22,2400970,600.24
4329,多頭進場,2026-01-20 10:15,L_Cmd,31623,1,1581150,-990,-0.06,5830,0.37,-3420,-0.22,2400970,600.24
4330,多頭出場,2026-01-20 16:35,Trend Rev,31604,1,1586150,-5990,-0.38,830,0.05,-6170,-0.39,2395000,598.75
4330,多頭進場,2026-01-20 10:50,L_Add,31723,1,1586150,-5990,-0.38,830,0.05,-6170,-0.39,2395000,598.75
4331,多頭出場,2026-01-20 22:50,Trend Rev,31546,1,1579650,-2390,-0.15,280,0.02,-3670,-0.23,2392610,598.15
4331,多頭進場,2026-01-20 22:35,L_Cmd,31593,1,1579650,-2390,-0.15,280,0.02,-3670,-0.23,2392610,598.15
4332,多頭出場,2026-01-21 01:20,Trend Rev,31562,1,1580700,-2640,-0.17,1430,0.09,-2620,-0.17,2389970,597.49
4332,多頭進場,2026-01-20 23:35,L_Cmd,31614,1,1580700,-2640,-0.17,1430,0.09,-2620,-0.17,2389970,597.49
4333,多頭出場,2026-01-21 09:20,L_Exit,31682,1,1575550,8510,0.54,8580,0.54,-720,-0.05,2398420,599.61
4333,多頭進場,2026-01-21 08:50,L_Cmd,31511,1,1575550,8510,0.54,8580,0.54,-720,-0.05,2398420,599.61
4334,多頭出場,2026-01-21 09:20,L_Exit_G,31682,1,1579350,4710,0.30,4780,0.30,-2420,-0.15,2403150,600.79
4334,多頭進場,2026-01-21 09:05,L_Add,31587,1,1579350,4710,0.30,4780,0.30,-2420,-0.15,2403150,600.79
4335,多頭出場,2026-01-21 09:30,L_Exit_Add,31779,1,1580650,8260,0.52,8330,0.53,-770,-0.05,2411430,602.86
4335,多頭進場,2026-01-21 09:15,L_Add,31613,1,1580650,8260,0.52,8330,0.53,-770,-0.05,2411430,602.86
4336,多頭出場,2026-01-21 09:30,L_Exit_Add,31779,1,1582300,6610,0.42,6680,0.42,-470,-0.03,2418060,604.52
4336,多頭進場,2026-01-21 09:20,L_G_進,31646,1,1582300,6610,0.42,6680,0.42,-470,-0.03,2418060,604.52
4337,多頭出場,2026-01-21 10:20,L_Exit,31634,1,1588100,-6440,-0.41,1980,0.12,-6420,-0.40,2411620,602.91
4337,多頭進場,2026-01-21 09:35,L_Cmd,31762,1,1588100,-6440,-0.41,1980,0.12,-6420,-0.40,2411620,602.91
4338,多頭出場,2026-01-21 22:55,L_Exit,31695,1,1577600,7110,0.45,7180,0.46,-770,-0.05,2418670,604.67
4338,多頭進場,2026-01-21 22:10,L_Cmd,31552,1,1577600,7110,0.45,7180,0.46,-770,-0.05,2418670,604.67
4339,多頭出場,2026-01-21 23:15,L_Exit_G,31751,1,1582250,5260,0.33,5330,0.34,-3570,-0.23,2423950,605.99
4339,多頭進場,2026-01-21 22:25,L_Add,31645,1,1582250,5260,0.33,5330,0.34,-3570,-0.23,2423950,605.99
4340,多頭出場,2026-01-21 23:30,L_Exit_Add,31807,1,1582800,7510,0.47,7580,0.48,-420,-0.03,2431440,607.86
4340,多頭進場,2026-01-21 22:50,L_Add,31656,1,1582800,7510,0.47,7580,0.48,-420,-0.03,2431440,607.86
4341,多頭出場,2026-01-21 23:30,L_Exit_Add,31807,1,1584000,6310,0.40,6380,0.40,-470,-0.03,2437770,609.44
4341,多頭進場,2026-01-21 22:55,L_G_進,31680,1,1584000,6310,0.40,6380,0.40,-470,-0.03,2437770,609.44
4342,多頭出場,2026-01-21 23:30,L_Exit_G,31807,1,1586450,3860,0.24,3930,0.25,-1320,-0.08,2441650,610.41
4342,多頭進場,2026-01-21 23:20,L_Add,31729,1,1586450,3860,0.24,3930,0.25,-1320,-0.08,2441650,610.41
4343,多頭出場,2026-01-21 23:55,L_Exit_Add,31887,1,1587350,6960,0.44,7030,0.44,-570,-0.04,2448570,612.14
4343,多頭進場,2026-01-21 23:25,L_G_進,31747,1,1587350,6960,0.44,7030,0.44,-570,-0.04,2448570,612.14
4344,多頭出場,2026-01-22 00:45,L_G_Cut,31734,1,1590800,-4140,-0.26,4330,0.27,-4170,-0.26,2444450,611.11
4344,多頭進場,2026-01-21 23:45,L_Add,31816,1,1590800,-4140,-0.26,4330,0.27,-4170,-0.26,2444450,611.11
4345,多頭出場,2026-01-22 01:05,L_Exit_Add,31663,1,1592200,-9090,-0.57,2930,0.18,-9070,-0.57,2435380,608.85
4345,多頭進場,2026-01-21 23:50,L_Add,31844,1,1592200,-9090,-0.57,2930,0.18,-9070,-0.57,2435380,608.85
4346,多頭出場,2026-01-22 01:10,L_Exit_Add,31635,1,1594350,-12640,-0.79,780,0.05,-12620,-0.79,2422760,605.69
4346,多頭進場,2026-01-21 23:55,L_G_進,31887,1,1594350,-12640,-0.79,780,0.05,-12620,-0.79,2422760,605.69
4347,多頭出場,2026-01-22 04:30,L_Exit_Add,31750,1,1590300,-2840,-0.18,8830,0.56,-2820,-0.18,2419880,604.97
4347,多頭進場,2026-01-22 03:30,L_Cmd,31806,1,1590300,-2840,-0.18,8830,0.56,-2820,-0.18,2419880,604.97
4348,多頭出場,2026-01-22 10:05,L_Exit,32005,1,1595850,4360,0.27,4430,0.28,-9470,-0.59,2424260,606.06
4348,多頭進場,2026-01-22 03:45,L_Add,31917,1,1595850,4360,0.27,4430,0.28,-9470,-0.59,2424260,606.06
4349,多頭出場,2026-01-22 22:00,L_Exit_Add,32088,1,1598000,6360,0.40,6430,0.40,-11620,-0.73,2430600,607.65
4349,多頭進場,2026-01-22 03:50,L_Add,31960,1,1598000,6360,0.40,6430,0.40,-11620,-0.73,2430600,607.65
4350,多頭出場,2026-01-22 22:45,L_Exit_Add,31980,1,1602000,-3040,-0.19,3080,0.19,-12920,-0.81,2427580,606.90
4350,多頭進場,2026-01-22 10:15,L_Add,32040,1,1602000,-3040,-0.19,3080,0.19,-12920,-0.81,2427580,606.90
4351,多頭出場,2026-01-22 23:05,Trend Rev,31967,1,1604050,-5740,-0.36,1030,0.06,-6370,-0.40,2421860,605.46
4351,多頭進場,2026-01-22 22:00,L_Add,32081,1,1604050,-5740,-0.36,1030,0.06,-6370,-0.40,2421860,605.46
4352,多頭出場,2026-01-23 04:00,Trend Rev,32035,1,1603900,-2190,-0.14,2830,0.18,-2420,-0.15,2419670,604.92
4352,多頭進場,2026-01-22 23:30,L_Cmd,32078,1,1603900,-2190,-0.14,2830,0.18,-2420,-0.15,2419670,604.92
4353,多頭出場,2026-01-23 09:20,L_Exit,32044,1,1606200,-4040,-0.25,1680,0.10,-4020,-0.25,2415630,603.91
4353,多頭進場,2026-01-23 09:10,L_Cmd,32124,1,1606200,-4040,-0.25,1680,0.10,-4020,-0.25,2415630,603.91
4354,多頭出場,2026-01-23 17:40,Trend Rev,32100,1,1603500,1460,0.09,8980,0.56,-1720,-0.11,2417090,604.27
4354,多頭進場,2026-01-23 10:45,L_Cmd,32070,1,1603500,1460,0.09,8980,0.56,-1720,-0.11,2417090,604.27
4355,多頭出場,2026-01-24 01:55,Trend Rev,32140,1,1610400,-3440,-0.21,2880,0.18,-3820,-0.24,2413650,603.41
4355,多頭進場,2026-01-23 23:25,L_Cmd,32208,1,1610400,-3440,-0.21,2880,0.18,-3820,-0.24,2413650,603.41
4356,多頭出場,2026-01-26 11:20,Trend Rev,32152,1,1609550,-1990,-0.12,730,0.05,-4120,-0.26,2411660,602.92
4356,多頭進場,2026-01-26 10:40,L_Cmd,32191,1,1609550,-1990,-0.12,730,0.05,-4120,-0.26,2411660,602.92
4357,多頭出場,2026-01-27 03:20,L_G_Cut,32328,1,1611550,4810,0.30,6580,0.41,-70,0.00,2416410,604.10
4357,多頭進場,2026-01-26 22:55,L_Cmd,32231,1,1611550,4810,0.30,6580,0.41,-70,0.00,2416410,604.10
4358,多頭出場,2026-01-27 08:55,L_BE,32296,1,1614800,-40,0.00,3330,0.21,-2170,-0.13,2416390,604.10
4358,多頭進場,2026-01-26 23:00,L_Add,32296,1,1614800,-40,0.00,3330,0.21,-2170,-0.13,2416390,604.10
4359,多頭出場,2026-01-27 09:05,Trend Rev,32268,1,1615850,-2490,-0.15,2280,0.14,-4020,-0.25,2413920,603.48
4359,多頭進場,2026-01-26 23:10,L_Add,32317,1,1615850,-2490,-0.15,2280,0.14,-4020,-0.25,2413920,603.48
4360,多頭出場,2026-01-27 09:05,Trend Rev,32268,1,1616850,-3490,-0.22,1280,0.08,-5020,-0.31,2410450,602.61
4360,多頭進場,2026-01-26 23:25,L_G_進,32337,1,1616850,-3490,-0.22,1280,0.08,-5020,-0.31,2410450,602.61
4361,多頭出場,2026-01-27 12:00,L_G_Cut,32414,1,1618600,2060,0.13,7930,0.49,-620,-0.04,2412450,603.11
4361,多頭進場,2026-01-27 09:55,L_Cmd,32372,1,1618600,2060,0.13,7930,0.49,-620,-0.04,2412450,603.11
4362,多頭出場,2026-01-27 15:00,L_Exit,32558,1,1622100,5760,0.36,5830,0.36,-1570,-0.10,2418230,604.56
4362,多頭進場,2026-01-27 10:10,L_Add,32442,1,1622100,5760,0.36,5830,0.36,-1570,-0.10,2418230,604.56
4363,多頭出場,2026-01-27 15:30,L_Exit_Add,32591,1,1624100,5410,0.33,5480,0.34,-3570,-0.22,2423660,605.92
4363,多頭進場,2026-01-27 10:15,L_Add,32482,1,1624100,5410,0.33,5480,0.34,-3570,-0.22,2423660,605.92
4364,多頭出場,2026-01-27 22:55,L_Exit_Add,32627,1,1625650,5660,0.35,5730,0.35,-5120,-0.31,2429320,607.33
4364,多頭進場,2026-01-27 10:45,L_G_進,32513,1,1625650,5660,0.35,5730,0.35,-5120,-0.31,2429320,607.33
4365,多頭出場,2026-01-27 23:40,L_Exit_Add,32688,1,1629900,4460,0.27,4530,0.28,-270,-0.02,2433800,608.45
4365,多頭進場,2026-01-27 22:55,L_Add,32598,1,1629900,4460,0.27,4530,0.28,-270,-0.02,2433800,608.45
4366,多頭出場,2026-01-28 09:15,L_Exit,32837,1,1635500,6310,0.39,6380,0.39,-2270,-0.14,2440090,610.02
4366,多頭進場,2026-01-28 00:00,L_Cmd,32710,1,1635500,6310,0.39,6380,0.39,-2270,-0.14,2440090,610.02
4367,多頭出場,2026-01-28 13:10,L_Exit_Add,32886,1,1638800,5460,0.33,5530,0.34,-5520,-0.34,2445550,611.39
4367,多頭進場,2026-01-28 09:15,L_Add,32776,1,1638800,5460,0.33,5530,0.34,-5520,-0.34,2445550,611.39
4368,多頭出場,2026-01-28 13:35,L_Exit_Add,32936,1,1641500,5260,0.32,5330,0.32,-270,-0.02,2450770,612.69
4368,多頭進場,2026-01-28 13:05,L_Add,32830,1,1641500,5260,0.32,5330,0.32,-270,-0.02,2450770,612.69
4369,多頭出場,2026-01-28 15:00,L_Exit_Add,32999,1,1644100,5810,0.35,5880,0.36,-420,-0.03,2456600,614.15
4369,多頭進場,2026-01-28 13:15,L_Add,32882,1,1644100,5810,0.35,5880,0.36,-420,-0.03,2456600,614.15
4370,多頭出場,2026-01-28 15:00,L_Exit_G,32999,1,1646200,3710,0.23,3780,0.23,-920,-0.06,2460330,615.08
4370,多頭進場,2026-01-28 13:30,L_Add,32924,1,1646200,3710,0.23,3780,0.23,-920,-0.06,2460330,615.08
4371,多頭出場,2026-01-28 15:15,L_Exit_Add,33041,1,1646350,5660,0.34,5830,0.35,-870,-0.05,2466010,616.50
4371,多頭進場,2026-01-28 13:35,L_G_進,32927,1,1646350,5660,0.34,5830,0.35,-870,-0.05,2466010,616.50
4372,空頭出場,2026-01-30 10:10,S_Exit,32288,1,1605700,-8740,-0.54,130,0.01,-9120,-0.57,2457270,614.32
4372,空頭進場,2026-01-30 10:05,S_Cmd,32114,1,1605700,-8740,-0.54,130,0.01,-9120,-0.57,2457270,614.32
4373,空頭出場,2026-01-31 02:05,S_Exit,31889,1,1603600,9110,0.57,9180,0.57,-3020,-0.19,2466380,616.59
4373,空頭進場,2026-01-31 00:15,S_Cmd,32072,1,1603600,9110,0.57,9180,0.57,-3020,-0.19,2466380,616.59
4374,空頭出場,2026-02-02 09:40,S_Exit,31591,1,1590200,10610,0.67,10680,0.67,-2570,-0.16,2476990,619.25
4374,空頭進場,2026-02-02 09:05,S_Cmd,31804,1,1590200,10610,0.67,10680,0.67,-2570,-0.16,2476990,619.25
4375,空頭出場,2026-02-02 15:05,S_Exit_Add,31709,1,1579800,-5690,-0.36,10180,0.64,-5670,-0.36,2471280,617.82
4375,空頭進場,2026-02-02 09:45,S_Cmd,31596,1,1579800,-5690,-0.36,10180,0.64,-5670,-0.36,2471280,617.82
4376,空頭出場,2026-02-02 15:10,Trend Rev,31757,1,1570200,-17690,-1.13,580,0.04,-18420,-1.17,2453610,613.40
4376,空頭進場,2026-02-02 12:05,S_Add,31404,1,1570200,-17690,-1.13,580,0.04,-18420,-1.17,2453610,613.40
4377,多頭出場,2026-02-03 09:00,L_Exit,32299,1,1620850,-5940,-0.37,580,0.04,-5920,-0.37,2447670,611.92
4377,多頭進場,2026-02-03 08:50,L_Cmd,32417,1,1620850,-5940,-0.37,580,0.04,-5920,-0.37,2447670,611.92
4378,多頭出場,2026-02-03 22:40,L_Exit_Add,32303,1,1612900,2210,0.14,11880,0.74,-1770,-0.11,2449860,612.47
4378,多頭進場,2026-02-03 13:15,L_Cmd,32258,1,1612900,2210,0.14,11880,0.74,-1770,-0.11,2449860,612.47
4379,多頭出場,2026-02-03 22:45,Trend Rev,32317,1,1620800,-4990,-0.31,1430,0.09,-6370,-0.39,2444890,611.22
4379,多頭進場,2026-02-03 21:05,L_Add,32416,1,1620800,-4990,-0.31,1430,0.09,-6370,-0.39,2444890,611.22
4380,多頭出場,2026-02-04 22:05,Trend Rev,32448,1,1619000,3360,0.21,11580,0.72,-6120,-0.38,2448250,612.06
4380,多頭進場,2026-02-04 10:00,L_Cmd,32380,1,1619000,3360,0.21,11580,0.72,-6120,-0.38,2448250,612.06
4381,空頭出場,2026-02-05 00:45,S_Exit,31912,1,1606600,10960,0.68,11030,0.69,-2120,-0.13,2459190,614.80
4381,空頭進場,2026-02-05 00:05,S_Cmd,32132,1,1606600,10960,0.68,11030,0.69,-2120,-0.13,2459190,614.80
4382,空頭出場,2026-02-05 09:10,Trend Rev,32134,1,1596600,-10140,-0.64,8180,0.51,-10470,-0.66,2449070,612.27
4382,空頭進場,2026-02-05 00:45,S_Add,31932,1,1596600,-10140,-0.64,8180,0.51,-10470,-0.66,2449070,612.27
4383,空頭出場,2026-02-05 16:10,Trend Rev,32004,1,1592700,-7540,-0.47,2780,0.17,-8920,-0.56,2441530,610.38
4383,空頭進場,2026-02-05 11:30,S_Cmd,31854,1,1592700,-7540,-0.47,2780,0.17,-8920,-0.56,2441530,610.38
4384,空頭出場,2026-02-06 08:45,S_Exit,31421,1,1586950,15860,1.00,15930,1.00,-1570,-0.10,2457390,614.35
4384,空頭進場,2026-02-06 04:30,S_Cmd,31739,1,1586950,15860,1.00,15930,1.00,-1570,-0.10,2457390,614.35
4385,空頭出場,2026-02-06 09:05,S_Exit,31271,1,1575500,11910,0.76,11980,0.76,-4070,-0.26,2469300,617.33
4385,空頭進場,2026-02-06 08:50,S_Cmd,31510,1,1575500,11910,0.76,11980,0.76,-4070,-0.26,2469300,617.33
4386,空頭出場,2026-02-06 09:50,S_Exit,31480,1,1562950,-11090,-0.71,1830,0.12,-11070,-0.71,2458210,614.55
4386,空頭進場,2026-02-06 09:20,S_Cmd,31259,1,1562950,-11090,-0.71,1830,0.12,-11070,-0.71,2458210,614.55
4387,空頭出場,2026-02-06 13:35,Trend Rev,31767,1,1583150,-5240,-0.33,2980,0.19,-5470,-0.35,2452970,613.24
4387,空頭進場,2026-02-06 12:50,S_Cmd,31663,1,1583150,-5240,-0.33,2980,0.19,-5470,-0.35,2452970,613.24
4388,多頭出場,2026-02-06 22:45,L_Exit,32397,1,1611800,8010,0.50,8080,0.50,-4020,-0.25,2460940,615.24
4388,多頭進場,2026-02-06 21:25,L_Cmd,32236,1,1611800,8010,0.50,8080,0.50,-4020,-0.25,2460940,615.24
4389,多頭出場,2026-02-07 01:40,L_Exit_Add,32527,1,1616250,10060,0.62,10130,0.63,-1270,-0.08,2470980,617.75
4389,多頭進場,2026-02-06 22:40,L_Add,32325,1,1616250,10060,0.62,10130,0.63,-1270,-0.08,2470980,617.75
4390,多頭出場,2026-02-07 01:40,L_Exit_G,32527,1,1618900,7410,0.46,7480,0.46,-2270,-0.14,2478410,619.60
4390,多頭進場,2026-02-06 22:45,L_Add,32378,1,1618900,7410,0.46,7480,0.46,-2270,-0.14,2478410,619.60
4391,多頭出場,2026-02-07 03:05,L_Exit_Add,32566,1,1620550,7710,0.48,8280,0.51,-1670,-0.10,2486120,621.53
4391,多頭進場,2026-02-06 23:30,L_Add,32411,1,1620550,7710,0.48,8280,0.51,-1670,-0.10,2486120,621.53
4392,多頭出場,2026-02-07 03:05,L_Exit_Add,32566,1,1622100,6160,0.38,6730,0.41,-3220,-0.20,2492300,623.07
4392,多頭進場,2026-02-06 23:35,L_G_進,32442,1,1622100,6160,0.38,6730,0.41,-3220,-0.20,2492300,623.07
4393,多頭出場,2026-02-09 08:45,L_Exit_Add,32848,1,1628300,14060,0.86,14130,0.87,-3070,-0.19,2506380,626.60
4393,多頭進場,2026-02-07 03:05,L_Add,32566,1,1628300,14060,0.86,14130,0.87,-3070,-0.19,2506380,626.60
4394,多頭出場,2026-02-09 17:55,Trend Rev,32564,1,1631450,-3290,-0.20,3780,0.23,-4120,-0.25,2503090,625.77
4394,多頭進場,2026-02-09 10:00,L_Cmd,32629,1,1631450,-3290,-0.20,3780,0.23,-4120,-0.25,2503090,625.77
4395,多頭出場,2026-02-09 22:10,Trend Rev,32553,1,1629600,-1990,-0.12,2780,0.17,-2070,-0.13,2501100,625.28
4395,多頭進場,2026-02-09 21:05,L_Cmd,32592,1,1629600,-1990,-0.12,2780,0.17,-2070,-0.13,2501100,625.28
4396,多頭出場,2026-02-10 00:05,L_Exit_Add,32984,1,1634650,14510,0.89,14580,0.89,-120,-0.01,2515550,628.89
4396,多頭進場,2026-02-09 22:40,L_Cmd,32693,1,1634650,14510,0.89,14580,0.89,-120,-0.01,2515550,628.89
4397,多頭出場,2026-02-10 00:10,L_Exit_G,32981,1,1639800,9210,0.56,9430,0.58,-1570,-0.10,2524760,631.19
4397,多頭進場,2026-02-09 22:45,L_Add,32796,1,1639800,9210,0.56,9430,0.58,-1570,-0.10,2524760,631.19
4398,多頭出場,2026-02-10 03:55,L_G_Cut,32949,1,1641900,5510,0.34,7980,0.49,-3670,-0.22,2530290,632.57
4398,多頭進場,2026-02-09 22:50,L_Add,32838,1,1641900,5510,0.34,7980,0.49,-3670,-0.22,2530290,632.57
4399,多頭出場,2026-02-10 09:05,L_Exit_Add,33049,1,1645450,6960,0.42,7030,0.43,-2170,-0.13,2537270,634.32
4399,多頭進場,2026-02-09 23:10,L_G_進,32909,1,1645450,6960,0.42,7030,0.43,-2170,-0.13,2537270,634.32
4400,多頭出場,2026-02-10 13:30,L_Exit_G,33259,1,1649100,13810,0.84,13880,0.84,-5820,-0.35,2551040,637.76
4400,多頭進場,2026-02-10 00:10,L_G_進,32982,1,1649100,13810,0.84,13880,0.84,-5820,-0.35,2551040,637.76
4401,多頭出場,2026-02-10 13:35,L_Exit_G,33293,1,1655900,8710,0.53,8780,0.53,-6270,-0.38,2559750,639.94
4401,多頭進場,2026-02-10 09:15,L_Add,33118,1,1655900,8710,0.53,8780,0.53,-6270,-0.38,2559750,639.94
4402,多頭出場,2026-02-10 13:40,L_Exit_G,33311,1,1657150,8360,0.50,8430,0.51,-6070,-0.37,2568110,642.03
4402,多頭進場,2026-02-10 09:50,L_Add,33143,1,1657150,8360,0.50,8430,0.51,-6070,-0.37,2568110,642.03
4403,多頭出場,2026-02-10 16:05,L_Exit_Add,33334,1,1658200,8460,0.51,8530,0.51,-3020,-0.18,2576590,644.15
4403,多頭進場,2026-02-10 12:10,L_G_進,33164,1,1658200,8460,0.51,8530,0.51,-3020,-0.18,2576590,644.15
4404,多頭出場,2026-02-10 17:05,L_Exit_Add,33363,1,1662900,5210,0.31,5280,0.32,-1420,-0.09,2581820,645.46
4404,多頭進場,2026-02-10 13:35,L_G_進,33258,1,1662900,5210,0.31,5280,0.32,-1420,-0.09,2581820,645.46
4405,多頭出場,2026-02-10 20:50,L_BE,33284,1,1664200,-40,0.00,8780,0.53,-2720,-0.16,2581800,645.45
4405,多頭進場,2026-02-10 13:40,L_G_進,33284,1,1664200,-40,0.00,8780,0.53,-2720,-0.16,2581800,645.45
4406,多頭出場,2026-02-10 22:30,L_Exit,33294,1,1669950,-5290,-0.32,580,0.03,-5270,-0.32,2576510,644.13
4406,多頭進場,2026-02-10 22:20,L_Cmd,33399,1,1669950,-5290,-0.32,580,0.03,-5270,-0.32,2576510,644.13
4407,多頭出場,2026-02-11 10:45,L_Exit,33720,1,1672800,13160,0.79,13230,0.79,-320,-0.02,2589610,647.40
4407,多頭進場,2026-02-11 09:30,L_Cmd,33456,1,1672800,13160,0.79,13230,0.79,-320,-0.02,2589610,647.40
4408,多頭出場,2026-02-11 10:45,L_Exit_Add,33720,1,1677100,8860,0.53,8930,0.53,-4020,-0.24,2598490,649.62
4408,多頭進場,2026-02-11 09:50,L_Add,33542,1,1677100,8860,0.53,8930,0.53,-4020,-0.24,2598490,649.62
4409,多頭出場,2026-02-11 10:45,L_Exit_G,33720,1,1680750,5210,0.31,5280,0.31,-770,-0.05,2603720,650.93
4409,多頭進場,2026-02-11 10:25,L_Add,33615,1,1680750,5210,0.31,5280,0.31,-770,-0.05,2603720,650.93
4410,多頭出場,2026-02-11 10:55,L_Exit_Add,33815,1,1681750,8960,0.53,9030,0.54,-520,-0.03,2612680,653.17
4410,多頭進場,2026-02-11 10:30,L_G_進,33635,1,1681750,8960,0.53,9030,0.54,-520,-0.03,2612680,653.17
4411,多頭出場,2026-02-11 22:30,L_Exit_Add,33914,1,1688250,7410,0.44,7480,0.44,-8270,-0.49,2620090,655.02
4411,多頭進場,2026-02-11 10:55,L_Add,33765,1,1688250,7410,0.44,7480,0.44,-8270,-0.49,2620090,655.02
4412,多頭出場,2026-02-11 22:45,L_Exit_Add,33979,1,1692850,6060,0.36,6130,0.36,-2370,-0.14,2626170,656.54
4412,多頭進場,2026-02-11 22:00,L_Add,33857,1,1692850,6060,0.36,6130,0.36,-2370,-0.14,2626170,656.54
4413,多頭出場,2026-02-23 08:45,L_Exit,34373,1,1692300,26310,1.55,26380,1.56,-5920,-0.35,2652480,663.12
4413,多頭進場,2026-02-12 00:15,L_Cmd,33846,1,1692300,26310,1.55,26380,1.56,-5920,-0.35,2652480,663.12
4414,多頭出場,2026-02-23 10:10,L_Exit,34173,1,1719400,-10790,-0.63,5330,0.31,-10770,-0.63,2641690,660.42
4414,多頭進場,2026-02-23 09:40,L_Cmd,34388,1,1719400,-10790,-0.63,5330,0.31,-10770,-0.63,2641690,660.42
4415,多頭出場,2026-02-23 22:30,L_Exit,34245,1,1706500,5710,0.33,5780,0.34,-1820,-0.11,2647400,661.85
4415,多頭進場,2026-02-23 21:50,L_Cmd,34130,1,1706500,5710,0.33,5780,0.34,-1820,-0.11,2647400,661.85
4416,多頭出場,2026-02-23 23:40,L_Exit,34130,1,1710450,-3990,-0.23,4230,0.25,-3970,-0.23,2643390,660.85
4416,多頭進場,2026-02-23 22:35,L_Cmd,34209,1,1710450,-3990,-0.23,4230,0.25,-3970,-0.23,2643390,660.85
4417,多頭出場,2026-02-23 23:50,L_Exit_Add,34083,1,1713400,-9290,-0.54,1280,0.07,-9270,-0.54,2634120,658.53
4417,多頭進場,2026-02-23 23:00,L_Add,34268,1,1713400,-9290,-0.54,1280,0.07,-9270,-0.54,2634120,658.53
4418,多頭出場,2026-02-24 09:20,L_Exit,34494,1,1710000,14660,0.86,14730,0.86,-820,-0.05,2648720,662.18
4418,多頭進場,2026-02-24 08:50,L_Cmd,34200,1,1710000,14660,0.86,14730,0.86,-820,-0.05,2648720,662.18
4419,多頭出場,2026-02-24 09:20,L_Exit_Add,34494,1,1714300,10360,0.60,10430,0.61,-1870,-0.11,2659100,664.78
4419,多頭進場,2026-02-24 09:05,L_Add,34286,1,1714300,10360,0.60,10430,0.61,-1870,-0.11,2659100,664.78
4420,多頭出場,2026-02-24 09:20,L_Exit_G,34494,1,1717000,7660,0.45,7730,0.45,-720,-0.04,2666780,666.70
4420,多頭進場,2026-02-24 09:15,L_Add,34340,1,1717000,7660,0.45,7730,0.45,-720,-0.04,2666780,666.70
4421,多頭出場,2026-02-24 10:15,L_Exit_Add,34663,1,1719500,13610,0.79,13680,0.80,-470,-0.03,2680350,670.09
4421,多頭進場,2026-02-24 09:20,L_G_進,34390,1,1719500,13610,0.79,13680,0.80,-470,-0.03,2680350,670.09
4422,多頭出場,2026-02-24 10:15,L_Exit_G,34663,1,1725350,7760,0.45,7830,0.45,-2870,-0.17,2688130,672.03
4422,多頭進場,2026-02-24 09:35,L_Add,34507,1,1725350,7760,0.45,7830,0.45,-2870,-0.17,2688130,672.03
4423,多頭出場,2026-02-24 10:20,L_Exit_Add,34745,1,1727750,9460,0.55,9530,0.55,-2920,-0.17,2697590,674.40
4423,多頭進場,2026-02-24 09:45,L_Add,34555,1,1727750,9460,0.55,9530,0.55,-2920,-0.17,2697590,674.40
4424,多頭出場,2026-02-24 10:25,L_Exit_Add,34823,1,1728900,12210,0.71,12280,0.71,-1220,-0.07,2709800,677.45
4424,多頭進場,2026-02-24 10:05,L_G_進,34578,1,1728900,12210,0.71,12280,0.71,-1220,-0.07,2709800,677.45
4425,多頭出場,2026-02-24 11:30,L_Exit_G,34877,1,1732950,10860,0.63,10930,0.63,-1770,-0.10,2720640,680.16
4425,多頭進場,2026-02-24 10:20,L_Add,34659,1,1732950,10860,0.63,10930,0.63,-1770,-0.10,2720640,680.16
4426,多頭出場,2026-02-24 13:00,L_Exit_G,34914,1,1737000,8660,0.50,8730,0.50,-2470,-0.14,2729300,682.33
4426,多頭進場,2026-02-24 10:25,L_Add,34740,1,1737000,8660,0.50,8730,0.50,-2470,-0.14,2729300,682.33
4427,多頭出場,2026-02-24 13:05,L_Exit_Add,34948,1,1740050,7310,0.42,7380,0.42,-5520,-0.32,2736610,684.15
4427,多頭進場,2026-02-24 10:30,L_Add,34801,1,1740050,7310,0.42,7380,0.42,-5520,-0.32,2736610,684.15
4428,多頭出場,2026-02-24 13:05,L_Exit_G,34948,1,1741250,6110,0.35,6180,0.35,-3270,-0.19,2742740,685.69
4428,多頭進場,2026-02-24 11:25,L_G_進,34825,1,1741250,6110,0.35,6180,0.35,-3270,-0.19,2742740,685.69
4429,多頭出場,2026-02-24 18:55,L_Exit_Add,34999,1,1743500,6410,0.37,6480,0.37,-5520,-0.32,2749170,687.29
4429,多頭進場,2026-02-24 11:35,L_G_進,34870,1,1743500,6410,0.37,6480,0.37,-5520,-0.32,2749170,687.29
4430,多頭出場,2026-02-24 20:00,L_Exit_Add,35076,1,1745650,8110,0.46,8180,0.47,-5670,-0.32,2757300,689.33
4430,多頭進場,2026-02-24 13:05,L_G_進,34913,1,1745650,8110,0.46,8180,0.47,-5670,-0.32,2757300,689.33
4431,多頭出場,2026-02-25 00:00,L_Exit,35284,1,1753200,10960,0.63,11030,0.63,-2820,-0.16,2768220,692.06
4431,多頭進場,2026-02-24 22:45,L_Cmd,35064,1,1753200,10960,0.63,11030,0.63,-2820,-0.16,2768220,692.06
4432,多頭出場,2026-02-25 03:15,L_Exit_Add,35107,1,1759800,-4490,-0.26,8280,0.47,-4470,-0.25,2763730,690.93
4432,多頭進場,2026-02-24 23:30,L_Add,35196,1,1759800,-4490,-0.26,8280,0.47,-4470,-0.25,2763730,690.93
4433,多頭出場,2026-02-25 09:15,Trend Rev,35117,1,1761400,-5590,-0.32,6680,0.38,-8320,-0.47,2758160,689.54
4433,多頭進場,2026-02-24 23:35,L_Add,35228,1,1761400,-5590,-0.32,6680,0.38,-8320,-0.47,2758160,689.54
4434,多頭出場,2026-02-25 09:15,Trend Rev,35117,1,1767500,-11690,-0.66,580,0.03,-14420,-0.82,2746490,686.62
4434,多頭進場,2026-02-25 00:15,L_Add,35350,1,1767500,-11690,-0.66,580,0.03,-14420,-0.82,2746490,686.62
4435,多頭出場,2026-02-25 10:35,L_Exit,35659,1,1764500,18410,1.04,18480,1.05,-120,-0.01,2764840,691.21
4435,多頭進場,2026-02-25 09:45,L_Cmd,35290,1,1764500,18410,1.04,18480,1.05,-120,-0.01,2764840,691.21
4436,多頭出場,2026-02-25 10:35,L_Exit_G,35659,1,1773200,9710,0.55,9780,0.55,-1620,-0.09,2774570,693.64
4436,多頭進場,2026-02-25 10:10,L_Add,35464,1,1773200,9710,0.55,9780,0.55,-1620,-0.09,2774570,693.64
4437,多頭出場,2026-02-25 10:50,L_Exit_Add,35729,1,1775250,11160,0.63,11230,0.63,-420,-0.02,2785730,696.43
4437,多頭進場,2026-02-25 10:20,L_Add,35505,1,1775250,11160,0.63,11230,0.63,-420,-0.02,2785730,696.43
4438,多頭出場,2026-02-25 10:55,L_Exit_Add,35774,1,1778650,10010,0.56,10080,0.57,-3420,-0.19,2795760,698.94
4438,多頭進場,2026-02-25 10:25,L_G_進,35573,1,1778650,10010,0.56,10080,0.57,-3420,-0.19,2795760,698.94
4439,多頭出場,2026-02-25 23:15,Trend Rev,35502,1,1783900,-8840,-0.50,4830,0.27,-15670,-0.88,2786940,696.74
4439,多頭進場,2026-02-25 10:50,L_Add,35678,1,1783900,-8840,-0.50,4830,0.27,-15670,-0.88,2786940,696.74
4440,多頭出場,2026-02-26 08:45,L_Exit,35515,1,1781800,-6090,-0.34,4580,0.26,-6070,-0.34,2780850,695.21
4440,多頭進場,2026-02-26 00:35,L_Cmd,35636,1,1781800,-6090,-0.34,4580,0.26,-6070,-0.34,2780850,695.21
4441,多頭出場,2026-02-26 12:35,Trend Rev,35564,1,1782400,-4240,-0.24,5380,0.30,-4670,-0.26,2776610,694.15
4441,多頭進場,2026-02-26 10:30,L_Cmd,35648,1,1782400,-4240,-0.24,5380,0.30,-4670,-0.26,2776610,694.15
4442,多頭出場,2026-03-02 09:50,Trend Rev,35222,1,1765650,-4590,-0.26,8630,0.49,-5420,-0.31,2772020,693.01
4442,多頭進場,2026-03-02 09:15,L_Cmd,35313,1,1765650,-4590,-0.26,8630,0.49,-5420,-0.31,2772020,693.01
4443,多頭出場,2026-03-03 01:15,L_Exit,35363,1,1752100,16010,0.91,16080,0.92,-3420,-0.20,2787970,696.99
4443,多頭進場,2026-03-02 22:35,L_Cmd,35042,1,1752100,16010,0.91,16080,0.92,-3420,-0.20,2787970,696.99
4444,多頭出場,2026-03-03 02:25,L_G_Cut,35206,1,1759600,660,0.04,8580,0.49,-10920,-0.62,2788650,697.16
4444,多頭進場,2026-03-02 22:50,L_Add,35192,1,1759600,660,0.04,8580,0.49,-10920,-0.62,2788650,697.16
4445,多頭出場,2026-03-03 04:10,Trend Rev,35148,1,1764650,-7290,-0.41,3530,0.20,-15970,-0.90,2781380,695.35
4445,多頭進場,2026-03-02 23:15,L_Add,35293,1,1764650,-7290,-0.41,3530,0.20,-15970,-0.90,2781380,695.35
4446,多頭出場,2026-03-03 04:10,Trend Rev,35148,1,1766750,-9390,-0.53,1430,0.08,-9870,-0.56,2772010,693.00
4446,多頭進場,2026-03-03 00:45,L_G_進,35335,1,1766750,-9390,-0.53,1430,0.08,-9870,-0.56,2772010,693.00
4447,空頭出場,2026-03-03 15:20,S_Exit,34208,1,1723900,13460,0.78,13530,0.78,-2070,-0.12,2785470,696.37
4447,空頭進場,2026-03-03 12:30,S_Cmd,34478,1,1723900,13460,0.78,13530,0.78,-2070,-0.12,2785470,696.37
4448,空頭出場,2026-03-03 23:20,S_Exit,33035,1,1669900,18110,1.08,18180,1.09,-11020,-0.66,2803560,700.89
4448,空頭進場,2026-03-03 22:35,S_Cmd,33398,1,1669900,18110,1.08,18180,1.09,-11020,-0.66,2803560,700.89
4449,空頭出場,2026-03-03 23:25,S_Exit_Add,32830,1,1660900,19360,1.17,19430,1.17,-5120,-0.31,2822920,705.73
4449,空頭進場,2026-03-03 23:00,S_Add,33218,1,1660900,19360,1.17,19430,1.17,-5120,-0.31,2822920,705.73
4450,空頭出場,2026-03-04 00:45,S_Exit_Add,33409,1,1651750,-18740,-1.13,10330,0.63,-18720,-1.13,2804180,701.05
4450,空頭進場,2026-03-03 23:20,S_Add,33035,1,1651750,-18740,-1.13,10330,0.63,-18720,-1.13,2804180,701.05
4451,空頭出場,2026-03-04 02:25,S_Exit_Add,33594,1,1642500,-37240,-2.27,1080,0.07,-37220,-2.27,2766960,691.74
4451,空頭進場,2026-03-03 23:30,S_Add,32850,1,1642500,-37240,-2.27,1080,0.07,-37220,-2.27,2766960,691.74
4452,空頭出場,2026-03-04 08:55,S_Exit,33544,1,1666400,-10840,-0.65,380,0.02,-10820,-0.65,2756120,689.03
4452,空頭進場,2026-03-04 08:50,S_Cmd,33328,1,1666400,-10840,-0.65,380,0.02,-10820,-0.65,2756120,689.03
4453,空頭出場,2026-03-04 09:35,S_Exit,33527,1,1661050,-15340,-0.92,11330,0.68,-15320,-0.92,2740780,685.20
4453,空頭進場,2026-03-04 09:20,S_Cmd,33221,1,1661050,-15340,-0.92,11330,0.68,-15320,-0.92,2740780,685.20
4454,空頭出場,2026-03-04 17:15,Trend Rev,33236,1,1647750,-14090,-0.86,13730,0.83,-15370,-0.93,2726690,681.67
4454,空頭進場,2026-03-04 11:35,S_Cmd,32955,1,1647750,-14090,-0.86,13730,0.83,-15370,-0.93,2726690,681.67
4455,空頭出場,2026-03-05 10:45,Trend Rev,33737,1,1677100,-9790,-0.58,7380,0.44,-10870,-0.65,2716900,679.23
4455,空頭進場,2026-03-05 10:25,S_Cmd,33542,1,1677100,-9790,-0.58,7380,0.44,-10870,-0.65,2716900,679.23
4456,空頭出場,2026-03-05 22:30,S_Exit,33451,1,1663250,-9340,-0.56,180,0.01,-9320,-0.56,2707560,676.89
4456,空頭進場,2026-03-05 22:20,S_Cmd,33265,1,1663250,-9340,-0.56,180,0.01,-9320,-0.56,2707560,676.89
4457,空頭出場,2026-03-06 04:55,Trend Rev,33274,1,1655900,-7840,-0.47,14930,0.90,-13670,-0.83,2699720,674.93
4457,空頭進場,2026-03-06 00:10,S_Cmd,33118,1,1655900,-7840,-0.47,14930,0.90,-13670,-0.83,2699720,674.93
4458,空頭出場,2026-03-06 23:05,S_Exit,32924,1,1634400,-11840,-0.72,2830,0.17,-11820,-0.72,2687880,671.97
4458,空頭進場,2026-03-06 22:40,S_Cmd,32688,1,1634400,-11840,-0.72,2830,0.17,-11820,-0.72,2687880,671.97
4459,空頭出場,2026-03-09 09:00,S_Exit,31644,1,1559000,-23240,-1.49,1530,0.10,-23220,-1.49,2664640,666.16
4459,空頭進場,2026-03-09 08:50,S_Cmd,31180,1,1559000,-23240,-1.49,1530,0.10,-23220,-1.49,2664640,666.16
4460,空頭出場,2026-03-10 11:40,S_Exit,32460,1,1641000,17960,1.09,18030,1.10,-3270,-0.20,2682580,670.65
4460,空頭進場,2026-03-10 10:55,S_Cmd,32820,1,1641000,17960,1.09,18030,1.10,-3270,-0.20,2682580,670.65
4461,空頭出場,2026-03-10 13:05,Trend Rev,32825,1,1629900,-11390,-0.70,11180,0.69,-11720,-0.72,2671210,667.80
4461,空頭進場,2026-03-10 11:35,S_Add,32598,1,1629900,-11390,-0.70,11180,0.69,-11720,-0.72,2671210,667.80
4462,空頭出場,2026-03-10 22:20,S_Exit,32976,1,1636100,-12740,-0.78,480,0.03,-12720,-0.78,2658470,664.62
4462,空頭進場,2026-03-10 22:10,S_Cmd,32722,1,1636100,-12740,-0.78,480,0.03,-12720,-0.78,2658470,664.62
4463,空頭出場,2026-03-11 08:45,S_Exit,33329,1,1650700,-15790,-0.96,2630,0.16,-15770,-0.96,2642680,660.67
4463,空頭進場,2026-03-11 03:35,S_Cmd,33014,1,1650700,-15790,-0.96,2630,0.16,-15770,-0.96,2642680,660.67
4464,多頭出場,2026-03-11 15:05,L_Exit_Add,33798,1,1691700,-1840,-0.11,17480,1.03,-3970,-0.23,2640800,660.20
4464,多頭進場,2026-03-11 10:20,L_Cmd,33834,1,1691700,-1840,-0.11,17480,1.03,-3970,-0.23,2640800,660.20
4465,多頭出場,2026-03-11 15:35,L_Exit_Add,33699,1,1702850,-17940,-1.05,6330,0.37,-17920,-1.05,2622880,655.72
4465,多頭進場,2026-03-11 11:15,L_Add,34057,1,1702850,-17940,-1.05,6330,0.37,-17920,-1.05,2622880,655.72
4466,多頭出場,2026-03-11 16:55,Trend Rev,33661,1,1707800,-24790,-1.45,1380,0.08,-25770,-1.51,2598110,649.53
4466,多頭進場,2026-03-11 11:40,L_Add,34156,1,1707800,-24790,-1.45,1380,0.08,-25770,-1.51,2598110,649.53
4467,多頭出場,2026-03-11 23:45,Trend Rev,33706,1,1693950,-8690,-0.51,6330,0.37,-9720,-0.57,2589420,647.36
4467,多頭進場,2026-03-11 22:05,L_Cmd,33879,1,1693950,-8690,-0.51,6330,0.37,-9720,-0.57,2589420,647.36
4468,多頭出場,2026-03-12 01:35,L_Exit,33619,1,1691300,-10390,-0.61,1580,0.09,-10370,-0.61,2579030,644.76
4468,多頭進場,2026-03-12 01:00,L_Cmd,33826,1,1691300,-10390,-0.61,1580,0.09,-10370,-0.61,2579030,644.76
4469,多頭出場,2026-03-12 04:55,Trend Rev,33726,1,1689450,-3190,-0.19,2380,0.14,-3820,-0.23,2575840,643.96
4469,多頭進場,2026-03-12 03:35,L_Cmd,33789,1,1689450,-3190,-0.19,2380,0.14,-3820,-0.23,2575840,643.96
4470,多頭出場,2026-03-12 09:55,Trend Rev,33676,1,1691750,-7990,-0.47,5080,0.30,-9670,-0.57,2567850,641.96
4470,多頭進場,2026-03-12 09:35,L_Cmd,33835,1,1691750,-7990,-0.47,5080,0.30,-9670,-0.57,2567850,641.96
4471,空頭出場,2026-03-12 15:00,S_Exit,33623,1,1670350,-10840,-0.65,480,0.03,-10820,-0.65,2557010,639.25
4471,空頭進場,2026-03-12 12:45,S_Cmd,33407,1,1670350,-10840,-0.65,480,0.03,-10820,-0.65,2557010,639.25
4472,空頭出場,2026-03-12 23:10,S_Exit,32560,1,1646150,18110,1.10,18180,1.10,-570,-0.03,2575100,643.78
4472,空頭進場,2026-03-12 22:20,S_Cmd,32923,1,1646150,18110,1.10,18180,1.10,-570,-0.03,2575100,643.78
4473,空頭出場,2026-03-13 04:50,S_Exit_Add,32485,1,1635500,11210,0.69,11430,0.70,-8220,-0.50,2586310,646.58
4473,空頭進場,2026-03-12 23:05,S_Add,32710,1,1635500,11210,0.69,11430,0.70,-8220,-0.50,2586310,646.58
4474,空頭出場,2026-03-13 08:45,S_Exit_Add,32727,1,1624200,-12190,-0.75,2380,0.15,-12170,-0.75,2574140,643.54
4474,空頭進場,2026-03-13 04:50,S_Add,32484,1,1624200,-12190,-0.75,2380,0.15,-12170,-0.75,2574140,643.54
4475,多頭出場,2026-03-13 22:15,L_Exit,33353,1,1680100,-12490,-0.74,2880,0.17,-12470,-0.74,2561650,640.41
4475,多頭進場,2026-03-13 21:45,L_Cmd,33602,1,1680100,-12490,-0.74,2880,0.17,-12470,-0.74,2561650,640.41
4476,空頭出場,2026-03-13 23:10,Trend Rev,33196,1,1651500,-8340,-0.50,980,0.06,-8670,-0.52,2553310,638.33
4476,空頭進場,2026-03-13 23:00,S_Cmd,33030,1,1651500,-8340,-0.50,980,0.06,-8670,-0.52,2553310,638.33
4477,空頭出場,2026-03-16 08:45,S_Exit,33413,1,1644800,-25890,-1.57,6780,0.41,-25870,-1.57,2527420,631.86
4477,空頭進場,2026-03-13 23:45,S_Cmd,32896,1,1644800,-25890,-1.57,6780,0.41,-25870,-1.57,2527420,631.86
4478,多頭出場,2026-03-16 22:40,L_Exit,33554,1,1686200,-8540,-0.51,5130,0.30,-8520,-0.51,2518880,629.72
4478,多頭進場,2026-03-16 21:50,L_Cmd,33724,1,1686200,-8540,-0.51,5130,0.30,-8520,-0.51,2518880,629.72
4479,多頭出場,2026-03-17 03:20,L_Exit,33680,1,1690350,-6390,-0.38,4130,0.24,-6370,-0.38,2512490,628.12
4479,多頭進場,2026-03-17 03:10,L_Cmd,33807,1,1690350,-6390,-0.38,4130,0.24,-6370,-0.38,2512490,628.12
4480,多頭出場,2026-03-17 20:25,L_Exit,34068,1,1687650,15710,0.93,15780,0.94,-6320,-0.37,2528160,632.04
4480,多頭進場,2026-03-17 09:05,L_Cmd,33753,1,1687650,15710,0.93,15780,0.94,-6320,-0.37,2528160,632.04
4481,多頭出場,2026-03-17 21:05,L_Exit_Add,34144,1,1697300,9860,0.58,10730,0.63,-15970,-0.94,2538020,634.51
4481,多頭進場,2026-03-17 09:35,L_Add,33946,1,1697300,9860,0.58,10730,0.63,-15970,-0.94,2538020,634.51
4482,多頭出場,2026-03-17 21:05,L_Exit_Add,34144,1,1698950,8210,0.48,9080,0.53,-17620,-1.04,2546250,636.56
4482,多頭進場,2026-03-17 09:40,L_Add,33979,1,1698950,8210,0.48,9080,0.53,-17620,-1.04,2546250,636.56
4483,多頭出場,2026-03-17 22:00,L_Exit_Add,34269,1,1707250,6160,0.36,6230,0.36,-720,-0.04,2552430,638.11
4483,多頭進場,2026-03-17 21:05,L_Add,34145,1,1707250,6160,0.36,6230,0.36,-720,-0.04,2552430,638.11
4484,多頭出場,2026-03-17 23:20,L_Exit,34141,1,1714100,-7090,-0.41,2380,0.14,-7070,-0.41,2545340,636.33
4484,多頭進場,2026-03-17 22:55,L_Cmd,34282,1,1714100,-7090,-0.41,2380,0.14,-7070,-0.41,2545340,636.33
4485,多頭出場,2026-03-18 09:00,L_Exit_G,34519,1,1712000,13910,0.81,13980,0.82,-4770,-0.28,2559190,639.80
4485,多頭進場,2026-03-18 00:25,L_Cmd,34240,1,1712000,13910,0.81,13980,0.82,-4770,-0.28,2559190,639.80
4486,多頭出場,2026-03-18 09:05,L_Exit,34520,1,1719700,6260,0.36,6330,0.37,-570,-0.03,2565470,641.37
4486,多頭進場,2026-03-18 08:50,L_Add,34394,1,1719700,6260,0.36,6330,0.37,-570,-0.03,2565470,641.37
4487,多頭出場,2026-03-18 09:05,L_Exit_Add,34579,1,1722100,6810,0.40,6880,0.40,-1020,-0.06,2572300,643.07
4487,多頭進場,2026-03-18 08:55,L_Add,34442,1,1722100,6810,0.40,6880,0.40,-1020,-0.06,2572300,643.07
4488,多頭出場,2026-03-18 09:05,L_Exit_Add,34579,1,1724200,4710,0.27,4780,0.28,-2870,-0.17,2577030,644.26
4488,多頭進場,2026-03-18 09:00,L_G_進,34484,1,1724200,4710,0.27,4780,0.28,-2870,-0.17,2577030,644.26
4489,多頭出場,2026-03-18 12:40,L_Exit,34368,1,1727100,-8740,-0.51,680,0.04,-8720,-0.50,2568290,642.07
4489,多頭進場,2026-03-18 11:40,L_Cmd,34542,1,1727100,-8740,-0.51,680,0.04,-8720,-0.50,2568290,642.07
4490,多頭出場,2026-03-18 19:30,Trend Rev,34446,1,1725350,-3090,-0.18,11330,0.66,-3170,-0.18,2565200,641.30
4490,多頭進場,2026-03-18 13:25,L_Cmd,34507,1,1725350,-3090,-0.18,11330,0.66,-3170,-0.18,2565200,641.30
4491,多頭出場,2026-03-19 10:45,Trend Rev,34017,1,1703650,-2840,-0.17,530,0.03,-3170,-0.19,2562360,640.59
4491,多頭進場,2026-03-19 10:35,L_Cmd,34073,1,1703650,-2840,-0.17,530,0.03,-3170,-0.19,2562360,640.59
4492,空頭出場,2026-03-19 15:00,S_Exit,33412,1,1681300,10660,0.63,10730,0.64,-870,-0.05,2573020,643.26
4492,空頭進場,2026-03-19 13:35,S_Cmd,33626,1,1681300,10660,0.63,10730,0.64,-870,-0.05,2573020,643.26
4493,多頭出場,2026-03-20 12:15,Trend Rev,33520,1,1687500,-11540,-0.68,4880,0.29,-11670,-0.69,2561480,640.37
4493,多頭進場,2026-03-20 09:40,L_Cmd,33750,1,1687500,-11540,-0.68,4880,0.29,-11670,-0.69,2561480,640.37
4494,空頭出場,2026-03-20 12:50,Trend Rev,33548,1,1672600,-4840,-0.29,1930,0.12,-6820,-0.41,2556640,639.16
4494,空頭進場,2026-03-20 12:20,S_Cmd,33452,1,1672600,-4840,-0.29,1930,0.12,-6820,-0.41,2556640,639.16
4495,空頭出場,2026-03-21 03:05,S_Exit,32613,1,1646550,15860,0.96,15930,0.97,-7220,-0.44,2572480,643.12
4495,空頭進場,2026-03-20 22:15,S_Cmd,32931,1,1646550,15860,0.96,15930,0.97,-7220,-0.44,2572480,643.12
4496,空頭出場,2026-03-23 08:45,S_Exit_Add,32262,1,1633200,20060,1.23,20130,1.23,-6470,-0.40,2592560,648.14
4496,空頭進場,2026-03-21 03:05,S_Add,32664,1,1633200,20060,1.23,20130,1.23,-6470,-0.40,2592560,648.14
4497,空頭出場,2026-03-23 09:00,S_Exit,32508,1,1615550,-9890,-0.61,4880,0.30,-9870,-0.61,2582670,645.67
4497,空頭進場,2026-03-23 08:50,S_Cmd,32311,1,1615550,-9890,-0.61,4880,0.30,-9870,-0.61,2582670,645.67
4498,多頭出場,2026-03-24 00:25,L_Exit,33190,1,1680400,-20940,-1.25,8930,0.53,-20920,-1.24,2561730,640.43
4498,多頭進場,2026-03-23 21:50,L_Cmd,33608,1,1680400,-20940,-1.25,8930,0.53,-20920,-1.24,2561730,640.43
4499,空頭出場,2026-03-24 00:35,Trend Rev,33233,1,1655800,-5890,-0.36,1730,0.10,-5870,-0.35,2555840,638.96
4499,空頭進場,2026-03-24 00:30,S_Cmd,33116,1,1655800,-5890,-0.36,1730,0.10,-5870,-0.35,2555840,638.96
4500,多頭出場,2026-03-24 04:00,L_Exit,33503,1,1683000,-7890,-0.47,0,0.00,-7870,-0.47,2547950,636.99
4500,多頭進場,2026-03-24 03:50,L_Cmd,33660,1,1683000,-7890,-0.47,0,0.00,-7870,-0.47,2547950,636.99
4501,空頭出場,2026-03-24 10:10,S_Exit,32343,1,1634800,17610,1.08,17680,1.08,-470,-0.03,2565540,641.39
4501,空頭進場,2026-03-24 09:45,S_Cmd,32696,1,1634800,17610,1.08,17680,1.08,-470,-0.03,2565540,641.39
4502,空頭出場,2026-03-24 15:00,S_Exit_Add,33035,1,1624350,-27440,-1.69,7230,0.45,-27420,-1.69,2538120,634.53
4502,空頭進場,2026-03-24 10:10,S_Add,32487,1,1624350,-27440,-1.69,7230,0.45,-27420,-1.69,2538120,634.53
4503,多頭出場,2026-03-25 11:15,L_Exit,33451,1,1688900,-16390,-0.97,2980,0.18,-16370,-0.97,2521730,630.43
4503,多頭進場,2026-03-25 08:50,L_Cmd,33778,1,1688900,-16390,-0.97,2980,0.18,-16370,-0.97,2521730,630.43
4504,多頭出場,2026-03-25 16:20,L_Exit,33933,1,1680400,16210,0.96,16280,0.97,-5120,-0.30,2537940,634.49
4504,多頭進場,2026-03-25 12:00,L_Cmd,33608,1,1680400,16210,0.96,16280,0.97,-5120,-0.30,2537940,634.49
4505,多頭出場,2026-03-25 23:10,Trend Rev,33683,1,1689200,-5090,-0.30,3980,0.24,-5470,-0.32,2532850,633.21
4505,多頭進場,2026-03-25 22:30,L_Cmd,33784,1,1689200,-5090,-0.30,3980,0.24,-5470,-0.32,2532850,633.21
4506,多頭出場,2026-03-26 09:00,Trend Rev,33736,1,1689550,-2790,-0.17,4580,0.27,-5120,-0.30,2530060,632.52
4506,多頭進場,2026-03-26 00:35,L_Cmd,33791,1,1689550,-2790,-0.17,4580,0.27,-5120,-0.30,2530060,632.52
4507,多頭出場,2026-03-26 10:05,L_Exit,33798,1,1699200,-9340,-0.55,2030,0.12,-9320,-0.55,2520720,630.18
4507,多頭進場,2026-03-26 09:35,L_Cmd,33984,1,1699200,-9340,-0.55,2030,0.12,-9320,-0.55,2520720,630.18
4508,空頭出場,2026-03-27 01:50,S_Exit,32759,1,1650200,12210,0.74,12280,0.74,-5770,-0.35,2532930,633.23
4508,空頭進場,2026-03-26 22:55,S_Cmd,33004,1,1650200,12210,0.74,12280,0.74,-5770,-0.35,2532930,633.23
4509,空頭出場,2026-03-27 04:10,S_Exit,32801,1,1633850,-6240,-0.38,2130,0.13,-6220,-0.38,2526690,631.67
4509,空頭進場,2026-03-27 03:55,S_Cmd,32677,1,1633850,-6240,-0.38,2130,0.13,-6220,-0.38,2526690,631.67
4510,空頭出場,2026-03-28 03:55,S_Exit,32448,1,1616300,-6140,-0.38,2180,0.13,-6120,-0.38,2520550,630.14
4510,空頭進場,2026-03-28 03:05,S_Cmd,32326,1,1616300,-6140,-0.38,2180,0.13,-6120,-0.38,2520550,630.14
4511,空頭出場,2026-03-30 08:45,S_Exit,32019,1,1613100,12110,0.75,12180,0.76,-3370,-0.21,2532660,633.17
4511,空頭進場,2026-03-28 04:35,S_Cmd,32262,1,1613100,12110,0.75,12180,0.76,-3370,-0.21,2532660,633.17
4512,空頭出場,2026-03-31 03:35,S_Exit,32062,1,1596700,-6440,-0.40,1630,0.10,-6420,-0.40,2526220,631.55
4512,空頭進場,2026-03-31 03:10,S_Cmd,31934,1,1596700,-6440,-0.40,1630,0.10,-6420,-0.40,2526220,631.55
4513,空頭出場,2026-03-31 11:55,S_Exit,31817,1,1605600,14710,0.92,14780,0.92,-870,-0.05,2540910,635.23
4513,空頭進場,2026-03-31 11:30,S_Cmd,32112,1,1605600,14710,0.92,14780,0.92,-870,-0.05,2540910,635.23
4514,空頭出場,2026-03-31 19:20,Trend Rev,32113,1,1595500,-10190,-0.64,8380,0.53,-12970,-0.81,2530740,632.69
4514,空頭進場,2026-03-31 11:50,S_Add,31910,1,1595500,-10190,-0.64,8380,0.53,-12970,-0.81,2530740,632.69
4515,多頭出場,2026-04-01 09:05,L_Exit_Add,32925,1,1649200,-2990,-0.18,10680,0.65,-2970,-0.18,2527710,631.93
4515,多頭進場,2026-04-01 03:05,L_Cmd,32984,1,1649200,-2990,-0.18,10680,0.65,-2970,-0.18,2527710,631.93
4516,多頭出場,2026-04-01 10:00,L_Exit,33292,1,1654550,10010,0.60,10080,0.61,-9170,-0.55,2537740,634.44
4516,多頭進場,2026-04-01 03:45,L_Add,33091,1,1654550,10010,0.60,10080,0.61,-9170,-0.55,2537740,634.44
4517,多頭出場,2026-04-01 10:00,L_Exit_Add,33292,1,1659000,5560,0.34,5630,0.34,-13620,-0.82,2543320,635.83
4517,多頭進場,2026-04-01 03:50,L_Add,33180,1,1659000,5560,0.34,5630,0.34,-13620,-0.82,2543320,635.83
4518,多頭出場,2026-04-01 15:35,L_Exit,33723,1,1663950,22160,1.33,22230,1.34,-6220,-0.37,2565480,641.37
4518,多頭進場,2026-04-01 10:05,L_Cmd,33279,1,1663950,22160,1.33,22230,1.34,-6220,-0.37,2565480,641.37
4519,多頭出場,2026-04-02 02:20,Trend Rev,33566,1,1679600,-1340,-0.08,14430,0.86,-8120,-0.48,2564100,641.03
4519,多頭進場,2026-04-01 21:40,L_Cmd,33592,1,1679600,-1340,-0.08,14430,0.86,-8120,-0.48,2564100,641.03
4520,多頭出場,2026-04-02 02:20,Trend Rev,33566,1,1687250,-8990,-0.53,6780,0.40,-9920,-0.59,2555130,638.78
4520,多頭進場,2026-04-01 22:50,L_Add,33745,1,1687250,-8990,-0.53,6780,0.40,-9920,-0.59,2555130,638.78
4521,多頭出場,2026-04-02 02:20,Trend Rev,33566,1,1691100,-12840,-0.76,2930,0.17,-13770,-0.81,2542310,635.58
4521,多頭進場,2026-04-01 23:20,L_Add,33822,1,1691100,-12840,-0.76,2930,0.17,-13770,-0.81,2542310,635.58
4522,多頭出場,2026-04-02 09:05,L_Exit,33509,1,1682550,-7140,-0.42,430,0.03,-7120,-0.42,2535170,633.79
4522,多頭進場,2026-04-02 09:00,L_Cmd,33651,1,1682550,-7140,-0.42,430,0.03,-7120,-0.42,2535170,633.79
4523,空頭出場,2026-04-02 15:10,S_Exit,32461,1,1640350,17260,1.05,17330,1.06,-3170,-0.19,2552410,638.10
4523,空頭進場,2026-04-02 10:10,S_Cmd,32807,1,1640350,17260,1.05,17330,1.06,-3170,-0.19,2552410,638.10
4524,空頭出場,2026-04-02 18:25,S_Exit_Add,32319,1,1628500,12510,0.77,12580,0.77,-6470,-0.40,2564940,641.24
4524,空頭進場,2026-04-02 11:50,S_Add,32570,1,1628500,12510,0.77,12580,0.77,-6470,-0.40,2564940,641.24
4525,多頭出場,2026-04-07 16:00,L_Exit,33529,1,1660150,16260,0.98,16330,0.98,-3270,-0.20,2581200,645.30
4525,多頭進場,2026-04-07 12:50,L_Cmd,33203,1,1660150,16260,0.98,16330,0.98,-3270,-0.20,2581200,645.30
4526,多頭出場,2026-04-08 00:10,Trend Rev,33129,1,1658450,-2040,-0.12,330,0.02,-2470,-0.15,2579160,644.79
4526,多頭進場,2026-04-08 00:05,L_Cmd,33169,1,1658450,-2040,-0.12,330,0.02,-2470,-0.15,2579160,644.79
4527,多頭出場,2026-04-08 08:45,L_Exit,34701,1,1667950,67060,4.02,67130,4.02,-6220,-0.37,2646200,661.55
4527,多頭進場,2026-04-08 03:20,L_Cmd,33359,1,1667950,67060,4.02,67130,4.02,-6220,-0.37,2646200,661.55
4528,多頭出場,2026-04-08 08:45,L_Exit_Add,34701,1,1675700,59310,3.54,59380,3.54,-2820,-0.17,2705530,676.38
4528,多頭進場,2026-04-08 04:00,L_Add,33514,1,1675700,59310,3.54,59380,3.54,-2820,-0.17,2705530,676.38
4529,多頭出場,2026-04-08 12:35,L_Exit_Add,35062,1,1729300,23760,1.37,23830,1.38,-5670,-0.33,2729250,682.31
4529,多頭進場,2026-04-08 08:50,L_Cmd,34586,1,1729300,23760,1.37,23830,1.38,-5670,-0.33,2729250,682.31
4530,多頭出場,2026-04-08 19:20,L_Exit_Add,35226,1,1744000,17260,0.99,17330,0.99,-1870,-0.11,2746530,686.63
4530,多頭進場,2026-04-08 10:00,L_Add,34880,1,1744000,17260,0.99,17330,0.99,-1870,-0.11,2746530,686.63
4531,多頭出場,2026-04-08 21:05,L_Exit,35306,1,1751100,14160,0.81,14230,0.81,-4870,-0.28,2760710,690.18
4531,多頭進場,2026-04-08 12:30,L_Add,35022,1,1751100,14160,0.81,14230,0.81,-4870,-0.28,2760710,690.18
4532,多頭出場,2026-04-08 22:30,L_Exit,35160,1,1764950,-6990,-0.40,2280,0.13,-6970,-0.39,2753720,688.43
4532,多頭進場,2026-04-08 21:10,L_Cmd,35299,1,1764950,-6990,-0.40,2280,0.13,-6970,-0.39,2753720,688.43
4533,多頭出場,2026-04-09 02:55,Trend Rev,35069,1,1758900,-5490,-0.31,5280,0.30,-5920,-0.34,2748230,687.06
4533,多頭進場,2026-04-09 00:30,L_Cmd,35178,1,1758900,-5490,-0.31,5280,0.30,-5920,-0.34,2748230,687.06
4534,多頭出場,2026-04-09 08:45,L_Exit,35093,1,1762150,-7540,-0.43,2980,0.17,-7520,-0.43,2740690,685.17
4534,多頭進場,2026-04-09 03:55,L_Cmd,35243,1,1762150,-7540,-0.43,2980,0.17,-7520,-0.43,2740690,685.17
4535,多頭出場,2026-04-09 22:15,L_Exit_Add,34878,1,1748750,-4890,-0.28,6730,0.38,-4870,-0.28,2735760,683.94
4535,多頭進場,2026-04-09 21:30,L_Cmd,34975,1,1748750,-4890,-0.28,6730,0.38,-4870,-0.28,2735760,683.94
4536,多頭出場,2026-04-09 22:15,L_Exit,34867,1,1752750,-9440,-0.54,2730,0.16,-9420,-0.54,2726340,681.59
4536,多頭進場,2026-04-09 21:40,L_Add,35055,1,1752750,-9440,-0.54,2730,0.16,-9420,-0.54,2726340,681.59
4537,多頭出場,2026-04-09 22:20,Trend Rev,34867,1,1754800,-11490,-0.65,80,0.00,-12570,-0.72,2714870,678.72
4537,多頭進場,2026-04-09 21:45,L_Add,35096,1,1754800,-11490,-0.65,80,0.00,-12570,-0.72,2714870,678.72
4538,多頭出場,2026-04-10 00:00,L_Exit,35222,1,1747700,13360,0.76,13430,0.77,-2970,-0.17,2728170,682.04
4538,多頭進場,2026-04-09 23:00,L_Cmd,34954,1,1747700,13360,0.76,13430,0.77,-2970,-0.17,2728170,682.04
4539,多頭出場,2026-04-10 00:20,L_Exit_G,35248,1,1754250,8110,0.46,8180,0.47,-920,-0.05,2736300,684.08
4539,多頭進場,2026-04-09 23:35,L_Add,35085,1,1754250,8110,0.46,8180,0.47,-920,-0.05,2736300,684.08
4540,多頭出場,2026-04-10 08:50,L_Exit_Add,35337,1,1756300,10510,0.60,10580,0.60,-270,-0.02,2746810,686.70
4540,多頭進場,2026-04-09 23:50,L_Add,35126,1,1756300,10510,0.60,10580,0.60,-270,-0.02,2746810,686.70
4541,多頭出場,2026-04-10 08:50,L_Exit_Add,35337,1,1758000,8810,0.50,8880,0.51,-1370,-0.08,2755640,688.91
4541,多頭進場,2026-04-09 23:55,L_G_進,35160,1,1758000,8810,0.50,8880,0.51,-1370,-0.08,2755640,688.91
4542,多頭出場,2026-04-10 09:00,L_Exit_Add,35438,1,1764200,7660,0.43,7730,0.44,-20,0.00,2763320,690.83
4542,多頭進場,2026-04-10 08:50,L_Add,35284,1,1764200,7660,0.43,7730,0.44,-20,0.00,2763320,690.83
4543,多頭出場,2026-04-10 10:15,L_Exit,35323,1,1774450,-8340,-0.47,2280,0.13,-8320,-0.47,2754980,688.75
4543,多頭進場,2026-04-10 09:40,L_Cmd,35489,1,1774450,-8340,-0.47,2280,0.13,-8320,-0.47,2754980,688.75
4544,多頭出場,2026-04-10 22:45,L_G_Cut,35615,1,1774400,6310,0.36,12930,0.73,-2570,-0.14,2761230,690.31
4544,多頭進場,2026-04-10 11:40,L_Cmd,35488,1,1774400,6310,0.36,12930,0.73,-2570,-0.14,2761230,690.31
4545,多頭出場,2026-04-11 00:00,Trend Rev,35550,1,1780400,-2940,-0.17,6930,0.39,-4220,-0.24,2758310,689.58
4545,多頭進場,2026-04-10 21:05,L_Add,35608,1,1780400,-2940,-0.17,6930,0.39,-4220,-0.24,2758310,689.58
4546,多頭出場,2026-04-11 00:00,Trend Rev,35550,1,1782600,-5140,-0.29,4730,0.27,-6420,-0.36,2753190,688.30
4546,多頭進場,2026-04-10 21:50,L_Add,35652,1,1782600,-5140,-0.29,4730,0.27,-6420,-0.36,2753190,688.30
4547,多頭出場,2026-04-11 00:00,Trend Rev,35550,1,1785300,-7840,-0.44,2030,0.11,-9120,-0.51,2745370,686.34
4547,多頭進場,2026-04-10 21:55,L_G_進,35706,1,1785300,-7840,-0.44,2030,0.11,-9120,-0.51,2745370,686.34
4548,多頭出場,2026-04-13 10:10,Trend Rev,35515,1,1779500,-3790,-0.21,1030,0.06,-4120,-0.23,2741580,685.40
4548,多頭進場,2026-04-13 10:00,L_Cmd,35590,1,1779500,-3790,-0.21,1030,0.06,-4120,-0.23,2741580,685.40
4549,多頭出場,2026-04-13 11:10,Trend Rev,35534,1,1779400,-2740,-0.15,3130,0.18,-2870,-0.16,2738840,684.71
4549,多頭進場,2026-04-13 10:55,L_Cmd,35588,1,1779400,-2740,-0.15,3130,0.18,-2870,-0.16,2738840,684.71
4550,多頭出場,2026-04-13 21:45,L_Exit,35706,1,1779050,6210,0.35,6280,0.35,-1870,-0.11,2745050,686.26
4550,多頭進場,2026-04-13 21:25,L_Cmd,35581,1,1779050,6210,0.35,6280,0.35,-1870,-0.11,2745050,686.26
4551,多頭出場,2026-04-14 00:45,L_Exit,35881,1,1784650,9360,0.52,9430,0.53,-2470,-0.14,2754370,688.59
4551,多頭進場,2026-04-13 21:50,L_Cmd,35693,1,1784650,9360,0.52,9430,0.53,-2470,-0.14,2754370,688.59
4552,多頭出場,2026-04-14 02:45,L_Exit_Add,35973,1,1789600,9010,0.50,9080,0.51,-4870,-0.27,2763400,690.85
4552,多頭進場,2026-04-13 22:45,L_Add,35792,1,1789600,9010,0.50,9080,0.51,-4870,-0.27,2763400,690.85
4553,多頭出場,2026-04-14 03:05,L_Exit_Add,35988,1,1791950,7410,0.41,7780,0.43,-2170,-0.12,2770810,692.70
4553,多頭進場,2026-04-14 00:30,L_Add,35839,1,1791950,7410,0.41,7780,0.43,-2170,-0.12,2770810,692.70
4554,多頭出場,2026-04-14 08:45,L_Exit_Add,36087,1,1799400,4910,0.27,4980,0.28,-1720,-0.10,2775740,693.94
4554,多頭進場,2026-04-14 03:05,L_Add,35988,1,1799400,4910,0.27,4980,0.28,-1720,-0.10,2775740,693.94
4555,多頭出場,2026-04-14 08:55,L_BE,36046,1,1802300,-40,0.00,3030,0.17,-370,-0.02,2775680,693.92
4555,多頭進場,2026-04-14 08:50,L_Cmd,36046,1,1802300,-40,0.00,3030,0.17,-370,-0.02,2775680,693.92
4556,多頭出場,2026-04-14 09:20,L_Exit_Add,36276,1,1804500,9260,0.51,9330,0.52,-3670,-0.20,2784900,696.23
4556,多頭進場,2026-04-14 08:55,L_Add,36090,1,1804500,9260,0.51,9330,0.52,-3670,-0.20,2784900,696.23
4557,多頭出場,2026-04-14 09:20,L_Exit_G,36276,1,1807100,6660,0.37,6730,0.37,-1020,-0.06,2791580,697.90
4557,多頭進場,2026-04-14 09:05,L_Add,36142,1,1807100,6660,0.37,6730,0.37,-1020,-0.06,2791580,697.90
4558,多頭出場,2026-04-14 09:50,L_Exit_Add,36012,1,1809800,-9240,-0.51,4030,0.22,-9220,-0.51,2782340,695.59
4558,多頭進場,2026-04-14 09:10,L_Add,36196,1,1809800,-9240,-0.51,4030,0.22,-9220,-0.51,2782340,695.59
4559,多頭出場,2026-04-14 11:10,L_Exit_G,36334,1,1809700,6960,0.38,7030,0.39,-10320,-0.57,2789280,697.32
4559,多頭進場,2026-04-14 09:20,L_G_進,36194,1,1809700,6960,0.38,7030,0.39,-10320,-0.57,2789280,697.32
4560,多頭出場,2026-04-14 11:25,L_Exit_Add,36393,1,1812150,7460,0.41,7530,0.42,-12770,-0.70,2796740,699.19
4560,多頭進場,2026-04-14 09:25,L_Add,36243,1,1812150,7460,0.41,7530,0.42,-12770,-0.70,2796740,699.19
4561,多頭出場,2026-04-14 11:25,L_Exit_G,36393,1,1813850,5760,0.32,5830,0.32,-1020,-0.06,2802520,700.63
4561,多頭進場,2026-04-14 10:45,L_Add,36277,1,1813850,5760,0.32,5830,0.32,-1020,-0.06,2802520,700.63
4562,多頭出場,2026-04-14 11:30,L_Exit_Add,36395,1,1814300,5410,0.30,5480,0.30,-870,-0.05,2807930,701.98
4562,多頭進場,2026-04-14 10:50,L_G_進,36286,1,1814300,5410,0.30,5480,0.30,-870,-0.05,2807930,701.98
4563,多頭出場,2026-04-14 12:25,L_Exit_Add,36429,1,1816750,4660,0.26,4730,0.26,-670,-0.04,2812590,703.15
4563,多頭進場,2026-04-14 11:15,L_G_進,36335,1,1816750,4660,0.26,4730,0.26,-670,-0.04,2812590,703.15
4564,多頭出場,2026-04-14 15:00,L_Exit_Add,36649,1,1818750,13660,0.75,13730,0.75,-1620,-0.09,2826270,706.57
4564,多頭進場,2026-04-14 11:30,L_Add,36375,1,1818750,13660,0.75,13730,0.75,-1620,-0.09,2826270,706.57
4565,多頭出場,2026-04-14 15:00,L_Exit_Add,36649,1,1820300,12110,0.67,12180,0.67,-2670,-0.15,2838400,709.60
4565,多頭進場,2026-04-14 12:25,L_Add,36406,1,1820300,12110,0.67,12180,0.67,-2670,-0.15,2838400,709.60
4566,多頭出場,2026-04-15 01:35,L_Exit,36929,1,1838000,8410,0.46,8480,0.46,-1270,-0.07,2846770,711.69
4566,多頭進場,2026-04-14 21:55,L_Cmd,36760,1,1838000,8410,0.46,8480,0.46,-1270,-0.07,2846770,711.69
4567,多頭出場,2026-04-15 01:50,L_Exit_Add,36933,1,1842150,4460,0.24,4530,0.25,-5070,-0.28,2851250,712.81
4567,多頭進場,2026-04-14 22:50,L_Add,36843,1,1842150,4460,0.24,4530,0.25,-5070,-0.28,2851250,712.81
4568,多頭出場,2026-04-15 02:05,L_Exit_Add,36971,1,1843750,4760,0.26,4830,0.26,-2420,-0.13,2856030,714.01
4568,多頭進場,2026-04-15 00:30,L_Add,36875,1,1843750,4760,0.26,4830,0.26,-2420,-0.13,2856030,714.01
4569,多頭出場,2026-04-15 09:35,L_Exit,37259,1,1853900,9010,0.49,9080,0.49,-20,0.00,2865000,716.25
4569,多頭進場,2026-04-15 09:15,L_Cmd,37078,1,1853900,9010,0.49,9080,0.49,-20,0.00,2865000,716.25
4570,多頭出場,2026-04-15 10:00,L_Exit_Add,37358,1,1858400,9460,0.51,9530,0.51,-1220,-0.07,2874440,718.61
4570,多頭進場,2026-04-15 09:25,L_Add,37168,1,1858400,9460,0.51,9530,0.51,-1220,-0.07,2874440,718.61
4571,多頭出場,2026-04-15 11:10,L_G_Cut,37137,1,1861100,-4290,-0.23,6830,0.37,-5470,-0.29,2870170,717.54
4571,多頭進場,2026-04-15 09:30,L_Add,37222,1,1861100,-4290,-0.23,6830,0.37,-5470,-0.29,2870170,717.54
4572,多頭出場,2026-04-15 12:30,L_Exit_Add,37030,1,1863600,-12140,-0.65,4330,0.23,-12120,-0.65,2858050,714.51
4572,多頭進場,2026-04-15 09:45,L_Add,37272,1,1863600,-12140,-0.65,4330,0.23,-12120,-0.65,2858050,714.51
4573,多頭出場,2026-04-15 12:50,L_Exit_Add,36980,1,1866700,-17740,-0.95,1230,0.07,-17720,-0.95,2840330,710.08
4573,多頭進場,2026-04-15 09:50,L_G_進,37334,1,1866700,-17740,-0.95,1230,0.07,-17720,-0.95,2840330,710.08
4574,多頭出場,2026-04-16 04:00,L_Exit,37191,1,1862750,-3240,-0.17,380,0.02,-3220,-0.17,2837090,709.27
4574,多頭進場,2026-04-16 03:35,L_Cmd,37255,1,1862750,-3240,-0.17,380,0.02,-3220,-0.17,2837090,709.27
4575,多頭出場,2026-04-16 09:00,L_Exit,37301,1,1869450,-4440,-0.24,1280,0.07,-4420,-0.24,2832650,708.16
4575,多頭進場,2026-04-16 08:50,L_Cmd,37389,1,1869450,-4440,-0.24,1280,0.07,-4420,-0.24,2832650,708.16
4576,多頭出場,2026-04-16 13:30,L_Exit,37584,1,1864450,14710,0.79,14780,0.79,-3320,-0.18,2847340,711.84
4576,多頭進場,2026-04-16 11:15,L_Cmd,37289,1,1864450,14710,0.79,14780,0.79,-3320,-0.18,2847340,711.84
4577,多頭出場,2026-04-16 16:10,L_Exit_Add,37278,1,1872450,-8590,-0.46,10830,0.58,-8570,-0.46,2838730,709.68
4577,多頭進場,2026-04-16 12:20,L_Add,37449,1,1872450,-8590,-0.46,10830,0.58,-8570,-0.46,2838730,709.68
4578,多頭出場,2026-04-16 16:10,L_Exit_Add,37274,1,1878450,-14790,-0.79,4830,0.26,-14770,-0.79,2823960,705.99
4578,多頭進場,2026-04-16 13:35,L_Add,37569,1,1878450,-14790,-0.79,4830,0.26,-14770,-0.79,2823960,705.99
4579,多頭出場,2026-04-16 16:15,Trend Rev,37266,1,1878250,-14990,-0.80,30,0.00,-16170,-0.86,2808990,702.25
4579,多頭進場,2026-04-16 15:00,L_Add,37565,1,1878250,-14990,-0.80,30,0.00,-16170,-0.86,2808990,702.25
4580,多頭出場,2026-04-16 23:20,Trend Rev,37187,1,1863050,-3740,-0.20,1280,0.07,-3970,-0.21,2805250,701.31
4580,多頭進場,2026-04-16 23:10,L_Cmd,37261,1,1863050,-3740,-0.20,1280,0.07,-3970,-0.21,2805250,701.31
4581,多頭出場,2026-04-17 11:15,Trend Rev,37198,1,1862400,-2540,-0.14,7080,0.38,-3270,-0.18,2802670,700.67
4581,多頭進場,2026-04-17 08:50,L_Cmd,37248,1,1862400,-2540,-0.14,7080,0.38,-3270,-0.18,2802670,700.67
4582,多頭出場,2026-04-17 11:15,Trend Rev,37198,1,1866150,-6290,-0.34,3330,0.18,-7020,-0.38,2796400,699.10
4582,多頭進場,2026-04-17 09:20,L_Add,37323,1,1866150,-6290,-0.34,3330,0.18,-7020,-0.38,2796400,699.10
4583,多頭出場,2026-04-17 11:15,Trend Rev,37198,1,1867300,-7440,-0.40,2180,0.12,-7970,-0.43,2788980,697.25
4583,多頭進場,2026-04-17 10:15,L_Add,37346,1,1867300,-7440,-0.40,2180,0.12,-7970,-0.43,2788980,697.25
4584,多頭出場,2026-04-17 21:45,L_Exit,37652,1,1890950,-8390,-0.44,1480,0.08,-8370,-0.44,2780590,695.15
4584,多頭進場,2026-04-17 21:10,L_Cmd,37819,1,1890950,-8390,-0.44,1480,0.08,-8370,-0.44,2780590,695.15
4585,多頭出場,2026-04-18 01:20,L_Exit,37672,1,1892900,-9340,-0.49,6680,0.35,-9320,-0.49,2771250,692.81
4585,多頭進場,2026-04-17 22:15,L_Cmd,37858,1,1892900,-9340,-0.49,6680,0.35,-9320,-0.49,2771250,692.81
4586,多頭出場,2026-04-20 08:45,L_Exit,37337,1,1886150,-19340,-1.03,3080,0.16,-19320,-1.02,2751910,687.98
4586,多頭進場,2026-04-18 03:45,L_Cmd,37723,1,1886150,-19340,-1.03,3080,0.16,-19320,-1.02,2751910,687.98
4587,多頭出場,2026-04-20 23:00,Trend Rev,37448,1,1876000,-3640,-0.19,7080,0.38,-4470,-0.24,2748250,687.06
4587,多頭進場,2026-04-20 21:25,L_Cmd,37520,1,1876000,-3640,-0.19,7080,0.38,-4470,-0.24,2748250,687.06
4588,多頭出場,2026-04-20 23:00,Trend Rev,37448,1,1880800,-8440,-0.45,2280,0.12,-9270,-0.49,2739830,684.96
4588,多頭進場,2026-04-20 22:00,L_Add,37616,1,1880800,-8440,-0.45,2280,0.12,-9270,-0.49,2739830,684.96
4589,多頭出場,2026-04-21 08:55,L_Exit_Add,37801,1,1877150,12860,0.69,12930,0.69,-1920,-0.10,2752650,688.16
4589,多頭進場,2026-04-20 23:35,L_Cmd,37543,1,1877150,12860,0.69,12930,0.69,-1920,-0.10,2752650,688.16
4590,多頭出場,2026-04-21 09:00,L_Exit,38007,1,1883700,16610,0.88,16680,0.89,-3820,-0.20,2769280,692.32
4590,多頭進場,2026-04-21 03:10,L_Add,37674,1,1883700,16610,0.88,16680,0.89,-3820,-0.20,2769280,692.32
4591,多頭出場,2026-04-21 09:00,L_Exit_Add,38007,1,1888500,11810,0.63,11880,0.63,-1420,-0.08,2781110,695.28
4591,多頭進場,2026-04-21 08:50,L_Add,37770,1,1888500,11810,0.63,11880,0.63,-1420,-0.08,2781110,695.28
4592,多頭出場,2026-04-21 09:10,L_Exit,37847,1,1899600,-7290,-0.38,3980,0.21,-7270,-0.38,2773820,693.46
4592,多頭進場,2026-04-21 09:05,L_Cmd,37992,1,1899600,-7290,-0.38,3980,0.21,-7270,-0.38,2773820,693.46
4593,多頭出場,2026-04-21 19:15,Trend Rev,37948,1,1905000,-7640,-0.40,2980,0.16,-8870,-0.47,2766180,691.55
4593,多頭進場,2026-04-21 10:20,L_Cmd,38100,1,1905000,-7640,-0.40,2980,0.16,-8870,-0.47,2766180,691.55
4594,多頭出場,2026-04-21 22:45,Trend Rev,37928,1,1898800,-2440,-0.13,4080,0.21,-2670,-0.14,2763740,690.94
4594,多頭進場,2026-04-21 22:05,L_Cmd,37976,1,1898800,-2440,-0.13,4080,0.21,-2670,-0.14,2763740,690.94
4595,多頭出場,2026-04-22 03:40,Trend Rev,37832,1,1894900,-3340,-0.18,2580,0.14,-5720,-0.30,2760400,690.10
4595,多頭進場,2026-04-22 03:25,L_Cmd,37898,1,1894900,-3340,-0.18,2580,0.14,-5720,-0.30,2760400,690.10
4596,多頭出場,2026-04-22 12:00,L_G_Cut,38207,1,1900550,9760,0.51,17880,0.94,-4420,-0.23,2770100,692.53
4596,多頭進場,2026-04-22 08:50,L_Cmd,38011,1,1900550,9760,0.51,17880,0.94,-4420,-0.23,2770100,692.53
4597,多頭出場,2026-04-22 16:30,Trend Rev,38104,1,1909650,-4490,-0.24,8780,0.46,-5870,-0.31,2765630,691.41
4597,多頭進場,2026-04-22 09:35,L_Add,38193,1,1909650,-4490,-0.24,8780,0.46,-5870,-0.31,2765630,691.41
4598,多頭出場,2026-04-22 16:30,Trend Rev,38104,1,1913500,-8340,-0.44,4930,0.26,-9720,-0.51,2757310,689.33
4598,多頭進場,2026-04-22 10:15,L_Add,38270,1,1913500,-8340,-0.44,4930,0.26,-9720,-0.51,2757310,689.33
4599,多頭出場,2026-04-22 16:30,Trend Rev,38104,1,1916500,-11340,-0.59,1930,0.10,-12720,-0.66,2745990,686.50
4599,多頭進場,2026-04-22 10:55,L_G_進,38330,1,1916500,-11340,-0.59,1930,0.10,-12720,-0.66,2745990,686.50
4600,多頭出場,2026-04-23 01:10,L_Exit,38576,1,1916500,12260,0.64,12330,0.64,-220,-0.01,2758190,689.55
4600,多頭進場,2026-04-22 22:20,L_Cmd,38330,1,1916500,12260,0.64,12330,0.64,-220,-0.01,2758190,689.55
4601,多頭出場,2026-04-23 01:30,L_Exit_G,38582,1,1922000,7060,0.37,7130,0.37,-3870,-0.20,2765270,691.32
4601,多頭進場,2026-04-22 22:30,L_Add,38440,1,1922000,7060,0.37,7130,0.37,-3870,-0.20,2765270,691.32
4602,多頭出場,2026-04-23 03:10,L_Exit_Add,38601,1,1924500,5510,0.29,5930,0.31,-3420,-0.18,2770780,692.70
4602,多頭進場,2026-04-22 23:35,L_Add,38490,1,1924500,5510,0.29,5930,0.31,-3420,-0.18,2770780,692.70
4603,多頭出場,2026-04-23 03:45,L_Exit_Add,38657,1,1925650,7160,0.37,7230,0.38,-4570,-0.24,2777960,694.49
4603,多頭進場,2026-04-23 00:05,L_G_進,38513,1,1925650,7160,0.37,7230,0.38,-4570,-0.24,2777960,694.49
4604,多頭出場,2026-04-23 09:00,L_Exit_Add,38872,1,1930050,13510,0.70,13580,0.70,-2170,-0.11,2791490,697.87
4604,多頭進場,2026-04-23 03:10,L_Add,38601,1,1930050,13510,0.70,13580,0.70,-2170,-0.11,2791490,697.87
4605,多頭出場,2026-04-23 09:45,L_Exit_Add,38690,1,1942250,-7790,-0.40,11980,0.62,-7770,-0.40,2783660,695.92
4605,多頭進場,2026-04-23 09:05,L_Cmd,38845,1,1942250,-7790,-0.40,11980,0.62,-7770,-0.40,2783660,695.92
4606,多頭出場,2026-04-23 09:45,L_Exit,38666,1,1948800,-15540,-0.80,5430,0.28,-15520,-0.80,2768140,692.04
4606,多頭進場,2026-04-23 09:20,L_Add,38976,1,1948800,-15540,-0.80,5430,0.28,-15520,-0.80,2768140,692.04
4607,多頭出場,2026-04-23 09:45,L_Exit_Add,38615,1,1952550,-21840,-1.12,1680,0.09,-21820,-1.12,2746320,686.58
4607,多頭進場,2026-04-23 09:25,L_Add,39051,1,1952550,-21840,-1.12,1680,0.09,-21820,-1.12,2746320,686.58
4608,多頭出場,2026-04-24 01:05,L_Exit_Add,38159,1,1910200,-2290,-0.12,11480,0.60,-6070,-0.32,2743990,686.00
4608,多頭進場,2026-04-23 21:45,L_Cmd,38204,1,1910200,-2290,-0.12,11480,0.60,-6070,-0.32,2743990,686.00
4609,多頭出場,2026-04-24 01:05,L_Exit_Add,38084,1,1916500,-12340,-0.64,5180,0.27,-12320,-0.64,2731670,682.92
4609,多頭進場,2026-04-23 23:00,L_Add,38330,1,1916500,-12340,-0.64,5180,0.27,-12320,-0.64,2731670,682.92
4610,多頭出場,2026-04-24 01:10,Trend Rev,38079,1,1920250,-16340,-0.85,1430,0.07,-16970,-0.88,2715350,678.84
4610,多頭進場,2026-04-24 00:35,L_Add,38405,1,1920250,-16340,-0.85,1430,0.07,-16970,-0.88,2715350,678.84
4611,多頭出場,2026-04-24 09:25,L_Exit,38782,1,1918700,20360,1.06,20430,1.06,-2170,-0.11,2735650,683.91
4611,多頭進場,2026-04-24 08:50,L_Cmd,38374,1,1918700,20360,1.06,20430,1.06,-2170,-0.11,2735650,683.91
4612,多頭出場,2026-04-24 09:25,L_Exit_G,38782,1,1925950,13110,0.68,13180,0.68,-720,-0.04,2748780,687.20
4612,多頭進場,2026-04-24 09:05,L_Add,38519,1,1925950,13110,0.68,13180,0.68,-720,-0.04,2748780,687.20
4613,多頭出場,2026-04-24 09:45,L_Exit_Add,38983,1,1930850,18260,0.95,18330,0.95,-4970,-0.26,2767060,691.77
4613,多頭進場,2026-04-24 09:10,L_Add,38617,1,1930850,18260,0.95,18330,0.95,-4970,-0.26,2767060,691.77
4614,多頭出場,2026-04-24 09:45,L_Exit_Add,38983,1,1933500,15610,0.81,15680,0.81,-1670,-0.09,2782690,695.67
4614,多頭進場,2026-04-24 09:25,L_G_進,38670,1,1933500,15610,0.81,15680,0.81,-1670,-0.09,2782690,695.67
4615,多頭出場,2026-04-24 10:20,L_Exit,38646,1,1948900,-16640,-0.85,4930,0.25,-16620,-0.85,2766050,691.51
4615,多頭進場,2026-04-24 09:50,L_Cmd,38978,1,1948900,-16640,-0.85,4930,0.25,-16620,-0.85,2766050,691.51
4616,多頭出場,2026-04-24 19:05,L_Exit,39487,1,1946450,27860,1.43,27930,1.43,-2370,-0.12,2793890,698.47
4616,多頭進場,2026-04-24 12:15,L_Cmd,38929,1,1946450,27860,1.43,27930,1.43,-2370,-0.12,2793890,698.47
4617,多頭出場,2026-04-24 19:05,L_Exit_Add,39487,1,1959300,15010,0.77,15080,0.77,-2920,-0.15,2808920,702.23
4617,多頭進場,2026-04-24 13:20,L_Add,39186,1,1959300,15010,0.77,15080,0.77,-2920,-0.15,2808920,702.23
4618,多頭出場,2026-04-27 09:00,L_Exit,40231,1,1992050,19460,0.98,19530,0.98,-7920,-0.40,2828360,707.09
4618,多頭進場,2026-04-25 00:05,L_Cmd,39841,1,1992050,19460,0.98,19530,0.98,-7920,-0.40,2828360,707.09
4619,多頭出場,2026-04-27 09:00,L_Exit_Add,40231,1,1999500,12010,0.60,12080,0.60,-4520,-0.23,2840390,710.10
4619,多頭進場,2026-04-27 08:50,L_Add,39990,1,1999500,12010,0.60,12080,0.60,-4520,-0.23,2840390,710.10
4620,多頭出場,2026-04-27 09:15,L_Exit,40023,1,2011400,-10290,-0.51,5480,0.27,-10270,-0.51,2830100,707.53
4620,多頭進場,2026-04-27 09:05,L_Cmd,40228,1,2011400,-10290,-0.51,5480,0.27,-10270,-0.51,2830100,707.53
4621,多頭出場,2026-04-27 09:50,L_Exit,40105,1,2021250,-16040,-0.79,1030,0.05,-16020,-0.79,2814060,703.52
4621,多頭進場,2026-04-27 09:25,L_Cmd,40425,1,2021250,-16040,-0.79,1030,0.05,-16020,-0.79,2814060,703.52
4622,多頭出場,2026-04-28 09:15,L_Exit,40177,1,1997150,11660,0.58,11730,0.59,-5770,-0.29,2825720,706.43
4622,多頭進場,2026-04-28 08:50,L_Cmd,39943,1,1997150,11660,0.58,11730,0.59,-5770,-0.29,2825720,706.43
4623,多頭出場,2026-04-28 10:00,L_Exit,39916,1,2006500,-10740,-0.54,10780,0.54,-10720,-0.53,2814960,703.74
4623,多頭進場,2026-04-28 09:20,L_Cmd,40130,1,2006500,-10740,-0.54,10780,0.54,-10720,-0.53,2814960,703.74
4624,多頭出場,2026-04-28 10:00,L_Exit_Add,39915,1,2015400,-19690,-0.98,1880,0.09,-19670,-0.98,2795290,698.82
4624,多頭進場,2026-04-28 09:40,L_Add,40308,1,2015400,-19690,-0.98,1880,0.09,-19670,-0.98,2795290,698.82
4625,多頭出場,2026-04-28 13:10,Trend Rev,39862,1,2000500,-7440,-0.37,3680,0.18,-7920,-0.40,2787850,696.96
4625,多頭進場,2026-04-28 12:30,L_Cmd,40010,1,2000500,-7440,-0.37,3680,0.18,-7920,-0.40,2787850,696.96
4626,多頭出場,2026-04-29 08:55,L_Exit,39381,1,1976450,-7440,-0.38,130,0.01,-7420,-0.38,2780410,695.10
4626,多頭進場,2026-04-29 08:50,L_Cmd,39529,1,1976450,-7440,-0.38,130,0.01,-7420,-0.38,2780410,695.10
4627,多頭出場,2026-04-29 13:20,Trend Rev,39450,1,1974250,-1790,-0.09,11430,0.58,-1920,-0.10,2778600,694.65
4627,多頭進場,2026-04-29 11:10,L_Cmd,39485,1,1974250,-1790,-0.09,11430,0.58,-1920,-0.10,2778600,694.65
4628,多頭出場,2026-04-29 13:20,Trend Rev,39450,1,1984500,-12040,-0.61,1080,0.05,-12170,-0.61,2766580,691.65
4628,多頭進場,2026-04-29 12:10,L_Add,39690,1,1984500,-12040,-0.61,1080,0.05,-12170,-0.61,2766580,691.65
4629,多頭出場,2026-04-29 23:15,Trend Rev,39438,1,1975200,-3340,-0.17,3280,0.17,-4570,-0.23,2763240,690.81
4629,多頭進場,2026-04-29 22:25,L_Cmd,39504,1,1975200,-3340,-0.17,3280,0.17,-4570,-0.23,2763240,690.81
4630,多頭出場,2026-04-30 03:35,Trend Rev,39404,1,1974400,-4240,-0.21,180,0.01,-5220,-0.26,2759000,689.75
4630,多頭進場,2026-04-30 03:20,L_Cmd,39488,1,1974400,-4240,-0.21,180,0.01,-5220,-0.26,2759000,689.75
4631,多頭出場,2026-05-01 03:50,L_Exit,40229,1,1993050,18360,0.92,18430,0.92,-4170,-0.21,2777300,694.33
4631,多頭進場,2026-04-30 23:10,L_Cmd,39861,1,1993050,18360,0.92,18430,0.92,-4170,-0.21,2777300,694.33
4632,多頭出場,2026-05-01 04:45,L_G_Cut,40034,1,2005750,-4090,-0.20,5930,0.30,-4770,-0.24,2773230,693.31
4632,多頭進場,2026-05-01 03:05,L_Add,40115,1,2005750,-4090,-0.20,5930,0.30,-4770,-0.24,2773230,693.31
4633,多頭出場,2026-05-04 08:45,L_Exit_Add,40447,1,2007250,15060,0.75,15130,0.75,-8870,-0.44,2788310,697.08
4633,多頭進場,2026-05-01 03:10,L_Add,40145,1,2007250,15060,0.75,15130,0.75,-8870,-0.44,2788310,697.08
4634,多頭出場,2026-05-04 08:45,L_Exit_Add,40447,1,2009600,12710,0.63,12780,0.64,-11220,-0.56,2801040,700.26
4634,多頭進場,2026-05-01 03:40,L_G_進,40192,1,2009600,12710,0.63,12780,0.64,-11220,-0.56,2801040,700.26
4635,多頭出場,2026-05-04 09:45,L_Exit,40636,1,2013200,18560,0.92,18630,0.93,-5020,-0.25,2819560,704.89
4635,多頭進場,2026-05-04 08:50,L_Cmd,40264,1,2013200,18560,0.92,18630,0.93,-5020,-0.25,2819560,704.89
4636,多頭出場,2026-05-04 10:35,L_Exit_G,40873,1,2025800,17810,0.88,17880,0.88,-11470,-0.57,2837350,709.34
4636,多頭進場,2026-05-04 09:15,L_Add,40516,1,2025800,17810,0.88,17880,0.88,-11470,-0.57,2837350,709.34
4637,多頭出場,2026-05-04 10:40,L_Exit_Add,40904,1,2029650,15510,0.76,15580,0.77,-3970,-0.20,2852860,713.22
4637,多頭進場,2026-05-04 09:45,L_Add,40593,1,2029650,15510,0.76,15580,0.77,-3970,-0.20,2852860,713.22
4638,多頭出場,2026-05-04 10:55,L_Exit_G,40967,1,2034700,13610,0.67,13680,0.67,-520,-0.03,2866470,716.62
4638,多頭進場,2026-05-04 10:25,L_Add,40694,1,2034700,13610,0.67,13680,0.67,-520,-0.03,2866470,716.62
4639,多頭出場,2026-05-04 11:05,L_Exit_Add,40990,1,2039000,10460,0.51,10530,0.52,-820,-0.04,2876950,719.24
4639,多頭進場,2026-05-04 10:35,L_G_進,40780,1,2039000,10460,0.51,10530,0.52,-820,-0.04,2876950,719.24
4640,多頭出場,2026-05-04 12:30,L_Exit_G,41011,1,2043500,7010,0.34,7080,0.35,-1620,-0.08,2883980,721.00
4640,多頭進場,2026-05-04 10:40,L_G_進,40870,1,2043500,7010,0.34,7080,0.35,-1620,-0.08,2883980,721.00
4641,多頭出場,2026-05-04 15:15,L_Exit_Add,41165,1,2046350,11860,0.58,11930,0.58,-3220,-0.16,2895860,723.97
4641,多頭進場,2026-05-04 10:55,L_G_進,40927,1,2046350,11860,0.58,11930,0.58,-3220,-0.16,2895860,723.97
4642,多頭出場,2026-05-05 09:00,L_Exit,41045,1,2042700,9510,0.47,9580,0.47,-470,-0.02,2905370,726.34
4642,多頭進場,2026-05-05 08:50,L_Cmd,40854,1,2042700,9510,0.47,9580,0.47,-470,-0.02,2905370,726.34
4643,多頭出場,2026-05-05 09:25,L_Exit,40886,1,2051900,-7640,-0.37,2630,0.13,-7620,-0.37,2897730,724.43
4643,多頭進場,2026-05-05 09:05,L_Cmd,41038,1,2051900,-7640,-0.37,2630,0.13,-7620,-0.37,2897730,724.43
4644,多頭出場,2026-05-05 19:20,Trend Rev,40977,1,2050400,-1590,-0.08,9280,0.45,-4370,-0.21,2896140,724.04
4644,多頭進場,2026-05-05 11:30,L_Cmd,41008,1,2050400,-1590,-0.08,9280,0.45,-4370,-0.21,2896140,724.04
4645,多頭出場,2026-05-05 23:50,L_Exit,41535,1,2066750,9960,0.48,10030,0.49,-4220,-0.20,2906060,726.52
4645,多頭進場,2026-05-05 21:10,L_Cmd,41335,1,2066750,9960,0.48,10030,0.49,-4220,-0.20,2906060,726.52
4646,多頭出場,2026-05-06 08:45,L_Exit_Add,41704,1,2071800,13360,0.64,13430,0.65,-9270,-0.45,2919440,729.86
4646,多頭進場,2026-05-05 21:55,L_Add,41436,1,2071800,13360,0.64,13430,0.65,-9270,-0.45,2919440,729.86
4647,多頭出場,2026-05-06 08:45,L_Exit_Add,41704,1,2074850,10310,0.50,10380,0.50,-4270,-0.21,2929770,732.44
4647,多頭進場,2026-05-05 23:50,L_Add,41497,1,2074850,10310,0.50,10380,0.50,-4270,-0.21,2929770,732.44
4648,多頭出場,2026-05-06 09:05,L_Exit,41866,1,2083000,10260,0.49,10330,0.50,-1220,-0.06,2940010,735.00
4648,多頭進場,2026-05-06 08:50,L_Cmd,41660,1,2083000,10260,0.49,10330,0.50,-1220,-0.06,2940010,735.00
4649,多頭出場,2026-05-06 09:45,L_Exit_Add,41664,1,2090300,-7140,-0.34,9780,0.47,-7120,-0.34,2932850,733.21
4649,多頭進場,2026-05-06 09:05,L_Add,41806,1,2090300,-7140,-0.34,9780,0.47,-7120,-0.34,2932850,733.21
4650,多頭出場,2026-05-06 09:45,L_Exit_Add,41626,1,2097100,-15840,-0.76,2980,0.14,-15820,-0.75,2917030,729.26
4650,多頭進場,2026-05-06 09:15,L_Add,41942,1,2097100,-15840,-0.76,2980,0.14,-15820,-0.75,2917030,729.26
4651,多頭出場,2026-05-06 09:45,L_Exit_Add,41490,1,2099000,-24540,-1.17,1080,0.05,-24520,-1.17,2892510,723.13
4651,多頭進場,2026-05-06 09:20,L_Add,41980,1,2099000,-24540,-1.17,1080,0.05,-24520,-1.17,2892510,723.13
4652,多頭出場,2026-05-06 16:50,L_Exit,41882,1,2069600,24460,1.18,24530,1.19,-2820,-0.14,2916970,729.24
4652,多頭進場,2026-05-06 12:35,L_Cmd,41392,1,2069600,24460,1.18,24530,1.19,-2820,-0.14,2916970,729.24
4653,多頭出場,2026-05-06 22:20,L_Exit,41694,1,2094100,-9440,-0.45,2380,0.11,-9420,-0.45,2907530,726.88
4653,多頭進場,2026-05-06 21:45,L_Cmd,41882,1,2094100,-9440,-0.45,2380,0.11,-9420,-0.45,2907530,726.88
4654,多頭出場,2026-05-07 03:10,L_Exit_Add,42183,1,2094500,14610,0.70,14680,0.70,-1420,-0.07,2922100,730.53
4654,多頭進場,2026-05-06 22:45,L_Cmd,41890,1,2094500,14610,0.70,14680,0.70,-1420,-0.07,2922100,730.53
4655,多頭出場,2026-05-07 04:10,L_Exit,42264,1,2102600,10560,0.50,10630,0.51,-8320,-0.40,2932680,733.17
4655,多頭進場,2026-05-07 00:15,L_Add,42052,1,2102600,10560,0.50,10630,0.51,-8320,-0.40,2932680,733.17
4656,多頭出場,2026-05-07 04:20,L_Exit_Add,42277,1,2107300,6510,0.31,6580,0.31,-370,-0.02,2939210,734.80
4656,多頭進場,2026-05-07 03:05,L_Add,42146,1,2107300,6510,0.31,6580,0.31,-370,-0.02,2939210,734.80
4657,多頭出場,2026-05-07 17:15,Trend Rev,42250,1,2114750,-2290,-0.11,12930,0.61,-3370,-0.16,2936920,734.23
4657,多頭進場,2026-05-07 09:40,L_Cmd,42295,1,2114750,-2290,-0.11,12930,0.61,-3370,-0.16,2936920,734.23
4658,多頭出場,2026-05-08 10:05,L_Exit,42062,1,2112800,-9740,-0.46,4280,0.20,-9720,-0.46,2927180,731.80
4658,多頭進場,2026-05-08 09:15,L_Cmd,42256,1,2112800,-9740,-0.46,4280,0.20,-9720,-0.46,2927180,731.80
4659,多頭出場,2026-05-08 23:05,L_Exit,42231,1,2098500,13010,0.62,13080,0.62,-720,-0.03,2940150,735.04
4659,多頭進場,2026-05-08 21:35,L_Cmd,41970,1,2098500,13010,0.62,13080,0.62,-720,-0.03,2940150,735.04
4660,多頭出場,2026-05-09 04:40,L_Exit_Add,42287,1,2104550,9760,0.46,9830,0.47,-3820,-0.18,2949910,737.48
4660,多頭進場,2026-05-08 21:45,L_Add,42091,1,2104550,9760,0.46,9830,0.47,-3820,-0.18,2949910,737.48
4661,多頭出場,2026-05-11 08:50,L_Exit_Add,42021,1,2108750,-7740,-0.37,6230,0.30,-8020,-0.38,2942190,735.55
4661,多頭進場,2026-05-08 22:00,L_Add,42175,1,2108750,-7740,-0.37,6230,0.30,-8020,-0.38,2942190,735.55
4662,多頭出場,2026-05-11 08:55,Trend Rev,41990,1,2112750,-13290,-0.63,2230,0.11,-14770,-0.70,2928920,732.23
4662,多頭進場,2026-05-09 00:30,L_Add,42255,1,2112750,-13290,-0.63,2230,0.11,-14770,-0.70,2928920,732.23
4663,多頭出場,2026-05-11 12:10,Trend Rev,42087,1,2105550,-1240,-0.06,1880,0.09,-1720,-0.08,2927680,731.92
4663,多頭進場,2026-05-11 11:40,L_Cmd,42111,1,2105550,-1240,-0.06,1880,0.09,-1720,-0.08,2927680,731.92
4664,多頭出場,2026-05-11 13:20,Trend Rev,42092,1,2109050,-4490,-0.21,930,0.04,-4920,-0.23,2923190,730.80
4664,多頭進場,2026-05-11 12:30,L_Cmd,42181,1,2109050,-4490,-0.21,930,0.04,-4920,-0.23,2923190,730.80
4665,多頭出場,2026-05-11 21:55,Trend Rev,41939,1,2098050,-1140,-0.05,9280,0.44,-2170,-0.10,2922010,730.50
4665,多頭進場,2026-05-11 21:10,L_Cmd,41961,1,2098050,-1140,-0.05,9280,0.44,-2170,-0.10,2922010,730.50
4666,多頭出場,2026-05-11 21:55,Trend Rev,41939,1,2102000,-5090,-0.24,5330,0.25,-6120,-0.29,2916940,729.24
4666,多頭進場,2026-05-11 21:30,L_Add,42040,1,2102000,-5090,-0.24,5330,0.25,-6120,-0.29,2916940,729.24
4667,多頭出場,2026-05-11 21:55,Trend Rev,41939,1,2105250,-8340,-0.40,30,0.00,-9370,-0.45,2908620,727.16
4667,多頭進場,2026-05-11 21:35,L_Add,42105,1,2105250,-8340,-0.40,30,0.00,-9370,-0.45,2908620,727.16
4668,多頭出場,2026-05-12 09:15,L_Exit_Add,42073,1,2109600,-5990,-0.28,8630,0.41,-5970,-0.28,2902610,725.65
4668,多頭進場,2026-05-11 22:55,L_Cmd,42192,1,2109600,-5990,-0.28,8630,0.41,-5970,-0.28,2902610,725.65
4669,多頭出場,2026-05-12 09:20,Trend Rev,42134,1,2118050,-11390,-0.54,180,0.01,-17570,-0.83,2891240,722.81
4669,多頭進場,2026-05-12 00:15,L_Add,42361,1,2118050,-11390,-0.54,180,0.01,-17570,-0.83,2891240,722.81
4670,多頭出場,2026-05-12 11:20,Trend Rev,42076,1,2106550,-2790,-0.13,880,0.04,-3770,-0.18,2888450,722.11
4670,多頭進場,2026-05-12 11:10,L_Cmd,42131,1,2106550,-2790,-0.13,880,0.04,-3770,-0.18,2888450,722.11
4671,多頭出場,2026-05-12 13:00,Trend Rev,42050,1,2109550,-7090,-0.34,2930,0.14,-7070,-0.34,2881360,720.34
4671,多頭進場,2026-05-12 12:05,L_Cmd,42191,1,2109550,-7090,-0.34,2930,0.14,-7070,-0.34,2881360,720.34
4672,空頭出場,2026-05-12 23:15,S_Exit,40894,1,2059800,15060,0.73,15130,0.73,-3020,-0.15,2896400,724.10
4672,空頭進場,2026-05-12 22:30,S_Cmd,41196,1,2059800,15060,0.73,15130,0.73,-3020,-0.15,2896400,724.10
4673,空頭出場,2026-05-13 03:30,S_Exit_Add,41156,1,2048750,-9090,-0.44,11830,0.58,-9070,-0.44,2887310,721.83
4673,空頭進場,2026-05-12 23:15,S_Add,40975,1,2048750,-9090,-0.44,11830,0.58,-9070,-0.44,2887310,721.83
4674,空頭出場,2026-05-13 09:00,Trend Rev,41217,1,2039950,-20940,-1.03,3030,0.15,-23470,-1.15,2866390,716.60
4674,空頭進場,2026-05-13 00:45,S_Add,40799,1,2039950,-20940,-1.03,3030,0.15,-23470,-1.15,2866390,716.60
4675,多頭出場,2026-05-13 20:30,L_Exit,41316,1,2077700,-11940,-0.57,4780,0.23,-11920,-0.57,2854450,713.61
4675,多頭進場,2026-05-13 11:45,L_Cmd,41554,1,2077700,-11940,-0.57,4780,0.23,-11920,-0.57,2854450,713.61
4676,多頭出場,2026-05-14 03:25,L_G_Cut,41720,1,2072350,13610,0.66,19530,0.94,-1470,-0.07,2868000,717.00
4676,多頭進場,2026-05-13 22:10,L_Cmd,41447,1,2072350,13610,0.66,19530,0.94,-1470,-0.07,2868000,717.00
4677,多頭出場,2026-05-14 08:45,L_Exit,41962,1,2081150,16910,0.81,16980,0.82,-6320,-0.30,2884930,721.23
4677,多頭進場,2026-05-13 23:45,L_Add,41623,1,2081150,16910,0.81,16980,0.82,-6320,-0.30,2884930,721.23
4678,多頭出場,2026-05-14 08:45,L_Exit_Add,41962,1,2084900,13160,0.63,13230,0.63,-2220,-0.11,2898110,724.53
4678,多頭進場,2026-05-14 00:30,L_Add,41698,1,2084900,13160,0.63,13230,0.63,-2220,-0.11,2898110,724.53
4679,多頭出場,2026-05-14 08:45,L_Exit_Add,41962,1,2088000,10060,0.48,10130,0.49,-3870,-0.19,2908190,727.05
4679,多頭進場,2026-05-14 03:10,L_G_進,41760,1,2088000,10060,0.48,10130,0.49,-3870,-0.19,2908190,727.05
4680,多頭出場,2026-05-14 09:00,L_Exit,42175,1,2095950,12760,0.61,12830,0.61,-170,-0.01,2920930,730.23
4680,多頭進場,2026-05-14 08:50,L_Cmd,41919,1,2095950,12760,0.61,12830,0.61,-170,-0.01,2920930,730.23
4681,多頭出場,2026-05-14 09:00,L_Exit_Add,42175,1,2099800,8910,0.42,8980,0.43,-170,-0.01,2929860,732.47
4681,多頭進場,2026-05-14 09:00,L_Add,41996,1,2099800,8910,0.42,8980,0.43,-170,-0.01,2929860,732.47
4682,多頭出場,2026-05-14 13:10,Trend Rev,41643,1,2088400,-6290,-0.30,3930,0.19,-7070,-0.34,2923570,730.89
4682,多頭進場,2026-05-14 12:25,L_Cmd,41768,1,2088400,-6290,-0.30,3930,0.19,-7070,-0.34,2923570,730.89
4683,多頭出場,2026-05-14 22:35,L_Exit,42326,1,2100250,16010,0.76,16080,0.77,-4170,-0.20,2939540,734.89
4683,多頭進場,2026-05-14 21:50,L_Cmd,42005,1,2100250,16010,0.76,16080,0.77,-4170,-0.20,2939540,734.89
4684,多頭出場,2026-05-15 04:50,L_G_Cut,42321,1,2107950,8060,0.38,10880,0.52,-2320,-0.11,2947580,736.90
4684,多頭進場,2026-05-14 22:20,L_Add,42159,1,2107950,8060,0.38,10880,0.52,-2320,-0.11,2947580,736.90
4685,多頭出場,2026-05-15 09:00,L_Exit_Add,42452,1,2110550,12010,0.57,12080,0.57,-1020,-0.05,2959610,739.90
4685,多頭進場,2026-05-14 22:35,L_Add,42211,1,2110550,12010,0.57,12080,0.57,-1020,-0.05,2959610,739.90
4686,多頭出場,2026-05-15 09:30,Trend Rev,42078,1,2115950,-12090,-0.57,6680,0.32,-13720,-0.65,2947540,736.89
4686,多頭進場,2026-05-14 22:40,L_Add,42319,1,2115950,-12090,-0.57,6680,0.32,-13720,-0.65,2947540,736.89
4687,多頭出場,2026-05-15 09:30,Trend Rev,42078,1,2117850,-13990,-0.66,4780,0.23,-15620,-0.74,2933570,733.39
4687,多頭進場,2026-05-15 03:05,L_G_進,42357,1,2117850,-13990,-0.66,4780,0.23,-15620,-0.74,2933570,733.39
4688,空頭出場,2026-05-15 13:05,S_Exit,41078,1,2070050,16110,0.78,16180,0.78,-520,-0.03,2949660,737.42
4688,空頭進場,2026-05-15 12:45,S_Cmd,41401,1,2070050,16110,0.78,16180,0.78,-520,-0.03,2949660,737.42
4689,空頭出場,2026-05-15 15:55,S_Exit_Add,40840,1,2059300,17260,0.84,17330,0.84,-1870,-0.09,2966940,741.74
4689,空頭進場,2026-05-15 13:05,S_Add,41186,1,2059300,17260,0.84,17330,0.84,-1870,-0.09,2966940,741.74
4690,空頭出場,2026-05-16 04:05,S_Exit,40501,1,2034900,9810,0.48,9880,0.49,-20,0.00,2976750,744.19
4690,空頭進場,2026-05-16 03:55,S_Cmd,40698,1,2034900,9810,0.48,9880,0.49,-20,0.00,2976750,744.19
4691,空頭出場,2026-05-18 09:00,S_Exit,40578,1,2020700,-8240,-0.41,3130,0.15,-8220,-0.41,2968510,742.13
4691,空頭進場,2026-05-18 08:50,S_Cmd,40414,1,2020700,-8240,-0.41,3130,0.15,-8220,-0.41,2968510,742.13
4692,空頭出場,2026-05-18 22:10,Trend Rev,41118,1,2052700,-3240,-0.16,4430,0.22,-4170,-0.20,2965270,741.32
4692,空頭進場,2026-05-18 22:05,S_Cmd,41054,1,2052700,-3240,-0.16,4430,0.22,-4170,-0.20,2965270,741.32
4693,空頭出場,2026-05-19 02:25,S_Exit,40524,1,2043100,16860,0.83,16930,0.83,-7320,-0.36,2982130,745.53
4693,空頭進場,2026-05-18 22:35,S_Cmd,40862,1,2043100,16860,0.83,16930,0.83,-7320,-0.36,2982130,745.53